Name;NORAD_number;Revolution_number
VANGUARD 1;5;39987.0
VANGUARD 2;11;48775.0
VANGUARD 3;20;43805.0
EXPLORER 7;22;73931.0
TIROS 1;29;48287.0
TRANSIT 2A;45;32258.0
SOLRAD 1 (GREB);46;39876.0
COURIER 1B;58;18008.0
EXPLORER 11;107;21910.0
TRANSIT 4A;116;24096.0
SOLRAD 3 & INJUN 1;117;23839.0
TIROS 3;162;33386.0
MIDAS 3;163;7829.0
MIDAS 4;192;1343.0
TRANSIT 4B;202;16629.0
TRAAC;205;16444.0
TIROS 4;226;33137.0
MIDAS 5 (STRONGBACK);271;16798.0
TIROS 5;309;32338.0
TELSTAR 1;340;9586.0
FTV 3502;369;35641.0
TIROS 6;397;35245.0
ALOUETTE 1 (S-27);424;12632.0
ANNA 1B;446;5064.0
RELAY 1 (A-15);503;77430.0
EXPLORER 16;506;15323.0
SYNCOM 1;553;3125.0
TELSTAR 2 (A-41);573;56054.0
MIDAS 6 (FTV 1169);574;18313.0
DASH 1;589;95912.0
ERS 6;608;95885.0
MIDAS 7/ERS 10;622;42542.0
SYNCOM 2 (A 26);634;22634.0
ERS 9;635;93608.0
TRANSIT 5B-1;670;2038.0
RADIATION SAT (5E-1);671;2119.0
VELA 2;674;849.0
VELA 1;692;1229.0
ATLAS CENTAUR 2;694;8910.0
TRANSIT 5B-2;704;1743.0
TRANSIT 5E-3;705;1818.0
TIROS 8;716;27787.0
GGSE 1 (GGRS);728;12422.0
SECOR 1B;729;12087.0
SOLRAD 7A;730;541.0
GREB;731;12222.0
OPS 3367 A;734;19156.0
OPS 3367 B;735;18954.0
RELAY 2;737;65647.0
ELEKTRON 1;746;3080.0
OPS 4412 (TRANSIT 9);801;12943.0
OPS 4467 A;812;15930.0
OPS 4467 B;813;15797.0
ELEKTRON 3;829;97851.0
OPS 3662 (VELA 3);836;5312.0
OPS 3674 (VELA 4);837;5369.0
SYNCOM 3;858;4945.0
EXPLORER 20;870;7825.0
COSMOS 44;876;23001.0
OPS 5798 (TRANSIT 5B-4);897;99107.0
EXPLORER 22;899;5008.0
CALSPHERE 1;900;1635.0
CALSPHERE 2;902;80213.0
EXPLORER 25 (INJUN 4);932;76844.0
OPS 6582 (TRANSIT 5E-5);959;99621.0
OPS 6582 (TRANSIT 5B-5);965;98928.0
TIROS 9;978;66360.0
LES-1;1002;17657.0
SECOR 3;1208;6329.0
GGSE 2;1244;6219.0
OPS 4988 (GREB 6);1271;6291.0
PORCUPINE 1;1272;6108.0
SOLRAD 7B;1291;6088.0
GGSE 3;1292;6848.0
OSCAR 3 (OSCAR III);1293;7568.0
OPS 4682 (SNAPSHOT);1314;57934.0
SECOR 4 (EGRS 4);1315;83521.0
INTELSAT 1-F1;1317;12315.0
EXPLORER 27;1328;93515.0
LES-2;1360;1922.0
LCS 1;1361;17024.0
OPS 8480 (TRANSIT 5B-6);1420;94936.0
TIROS 10;1430;13824.0
OPS 6577 (VELA 5);1458;8532.0
SECOR 5 (EGRS 5);1506;57106.0
DODECAPOLE 2;1510;97677.0
TEMPSAT 1;1512;90674.0
OPS 8464 (TRANSIT 5B-7);1514;90783.0
NAVSPASUR ROD 1;1515;92626.0
CALSPHERE 4A;1520;90926.0
COSMOS 80;1570;73116.0
COSMOS 81;1571;72261.0
COSMOS 82;1572;71431.0
COSMOS 83;1573;70612.0
COSMOS 84;1574;69690.0
PORCUPINE 2;1577;90918.0
OPS 8068;1580;7583.0
COSMOS 86;1584;72730.0
COSMOS 87;1585;71578.0
COSMOS 88;1586;70872.0
COSMOS 89;1587;69922.0
COSMOS 90;1588;68954.0
OV1-2;1613;66267.0
OV2-1 & LCS 2;1641;15896.0
EXPLORER 29 (GEOS 1);1726;60208.0
EXPLORER 30;1738;11959.0
A-1 (ASTERIX);1778;91069.0
ALOUETTE 2;1804;63012.0
EXPLORER 31 (ISIS-X);1806;59999.0
FR 1;1814;99722.0
OPS 1509 (TRANSIT 10);1864;98139.0
OPS 1593 (TRANSIT 11);1952;95141.0
ESSA 1 (OT-3);1982;10000.0
DIAPASON (D1-A);2016;68968.0
ESSA 2 (OT-2);2091;74281.0
OPS 1117 (TRANSIT 12);2119;96016.0
OV1-4;2121;99552.0
OV1-5;2122;95034.0
OPS 0340;2125;12197.0
OAO 1;2142;9357.0
OPS 1527 (OV3-1);2150;35159.0
NIMBUS 2;2173;87077.0
OPS 0082 (TRANSIT 13);2176;1178.0
OPS 1427 (OV3-4);2201;15682.0
OPS 9381 (GGTS);2207;23162.0
OPS 9311 (IDSCS 1);2215;13031.0
OPS 9312 (IDSCS 2);2216;4494.0
OPS 9313 (IDSCS 3);2217;13519.0
OPS 9314 (IDSCS 4);2218;23109.0
OPS 9315 (IDSCS 5);2219;5222.0
OPS 9316 (IDSCS 6);2220;13474.0
OPS 9317 (IDSCS 7);2221;4674.0
OV3-3;2389;54536.0
OPS 2366 (TRANSIT 14);2401;89734.0
OPS 0856;2403;49204.0
SECOR 7 (EGRS 7);2411;84297.0
ERS 15;2412;35607.0
OPS 6026 (DMSP 4A F1);2418;7525.0
ESSA 3 (TOS-A);2435;68870.0
OPS 1920;2481;83827.0
INTELSAT 2-F1;2514;8675.0
SECOR 8 (EGRS 8);2520;34756.0
ATS 1;2608;13078.0
OV1-9;2610;19144.0
INTELSAT 2-F2;2639;11523.0
OPS 9321 (IDSCS 8);2645;23011.0
OPS 9322 (IDSCS 9);2649;13508.0
OPS 9323 (IDSCS 10);2650;13611.0
OPS 9324 (IDSCS 11);2651;13636.0
OPS 9325 (IDSCS 12);2652;13577.0
OPS 9326 (IDSCS 13);2653;12837.0
OPS 9327 (IDSCS 14);2654;13516.0
OPS 9328 (IDSCS 15);2655;13490.0
ESSA 4 (TOS-B);2657;70221.0
OPS 6073 (DMSP 4A F2);2669;2720.0
DIADEME 1;2674;3063.0
DIADEME 2;2680;82271.0
INTELSAT 2-F3;2717;11988.0
OPS 0100 (TRANSIT 15);2754;87182.0
ESSA 5;2757;68869.0
OPS 6679 (VELA 8);2766;4537.0
COSMOS 158;2801;3950.0
OPS 7218 (TRANSIT 16);2807;85386.0
OPS 5712 (P/L 160);2826;778.0
GGSE 4;2828;95222.0
GGSE 5;2834;95025.0
TIMATION 1;2847;95765.0
SECOR 9 (EGRS 9);2861;76757.0
OPS 9331 (IDSCS 16);2862;13279.0
OPS 9332 (IDSCS 17);2863;12032.0
OPS 9333 (IDSCS 18);2864;12714.0
OPS 9334 (IDSCS 19);2865;12577.0
LES-5;2866;12665.0
DODGE 1;2867;12901.0
SURCAL 159;2872;95418.0
OPS 5712 (P/L 152);2873;95255.0
OPS 5712 (P/L 153);2874;95086.0
AURORA 1;2876;35609.0
SURCAL 150B;2909;2038.0
OPS 7202 (DMSP 4A F3);2920;97607.0
OPS 4947 (TRANSIT 17);2965;84204.0
INTELSAT 2-F4;2969;11129.0
OPS 1264 (DMSP 4A F4);2980;4958.0
ATS 3;3029;21061.0
ESSA 6 (TOS-D);3035;63286.0
COSMOS 192;3047;4031.0
COSMOS 198;3081;91780.0
EXPLORER 36 (GEOS 2);3093;68600.0
COSMOS 203;3129;75370.0
OPS 7034 (TRANSIT 18);3133;54030.0
COSMOS 209;3158;91552.0
OV1-13;3173;50898.0
OV1-14;3174;44842.0
COSMOS 220;3229;3113.0
OPS 7869 (DMSP 4B F1);3266;85649.0
OPS 9341 (IDSCS 20);3284;4587.0
OPS 9342 (IDSCS 21);3285;22384.0
OPS 9343 (IDSCS 22);3286;13554.0
OPS 9344 (IDSCS 23);3287;22293.0
OPS 9345 (IDSCS 24);3288;13518.0
OPS 9346 (IDSCS 25);3289;4635.0
OPS 9347 (IDSCS 26);3290;4283.0
OPS 9348 (IDSCS 27);3291;22174.0
EXPLORER 38 (RAE-A);3307;33371.0
OPS 2222;3334;2214.0
EXPLORER 40 (INJUN 5);3338;52935.0
ESSA 7 (TOS-E);3345;59484.0
OV2-5;3428;11732.0
LES-6;3431;11698.0
COSMOS 249;3504;66821.0
OPS 4078 (DMSP 4B F2);3510;94010.0
COSMOS 252;3530;65438.0
COSMOS 256;3576;71300.0
OAO 2;3597;97545.0
OPS 7684;3605;59355.0
ESSA 8 (TOS-F);3615;58628.0
INTELSAT 3-F2;3623;12244.0
ISIS 1;3669;31492.0
OPS 2644;3673;59288.0
INTELSAT 3-F3;3674;6329.0
OPS 0757 (TACSAT);3691;11008.0
ESSA 9 (TOS-G);3764;93782.0
COSMOS 272;3818;70109.0
OV1-19;3825;94686.0
NIMBUS 3;3890;74707.0
SECOR 13 (EGRS 13);3891;74803.0
INTELSAT 3-F4;3947;6236.0
OPS 1127 (DMSP 4B F3);4047;90461.0
ATS 5;4068;4234.0
COSMOS 292;4070;94789.0
SOICAL [CONE];4132;86416.0
COSMOS 304;4138;93034.0
TEMPSAT 2;4168;83233.0
AZUR (GRS A);4221;66478.0
OPS 7613 (P/L 4);4237;83041.0
OPS 7613 (P/L 5);4247;83103.0
SKYNET 1A;4250;13049.0
COSMOS 312;4254;68654.0
OPS 7613 (P/L 1);4256;83444.0
TIMATION 2;4257;83074.0
OPS 7613 (P/L 3);4259;92649.0
OPS 7613 (P/L 6);4295;82961.0
INTELSAT 3-F6;4297;17315.0
ITOS 1 (TIROS M);4320;72422.0
OSCAR 5 (AO-5);4321;52781.0
SERT 2;4327;73904.0
OPS 0054 (DMSP 5A F1);4331;88031.0
NATO 2A;4353;12187.0
NIMBUS 4;4362;70302.0
TOPO 1;4363;70729.0
COSMOS 332;4369;91043.0
INTELSAT 3-F7;4376;4334.0
DFH 1;4382;59310.0
COSMOS 336;4383;50695.0
COSMOS 337;4384;49011.0
COSMOS 338;4385;49822.0
COSMOS 339;4386;51531.0
COSMOS 340;4387;52476.0
COSMOS 341;4388;54033.0
COSMOS 342;4389;54837.0
COSMOS 343;4390;53264.0
METEOR 1-5;4419;83211.0
INTELSAT 3-F8;4478;11873.0
NNSS 19 (TRANSIT 19);4507;69333.0
OPS 7329;4510;2077.0
OPS 0203 (DMSP 5A F2);4512;85414.0
COSMOS 367;4564;74793.0
COSMOS 371;4578;88784.0
COSMOS 372;4588;85540.0
COSMOS 374;4594;61714.0
COSMOS 375;4598;57661.0
OPS 5960 (DSP 1);4630;23903.0
COSMOS 381;4783;73113.0
COSMOS 382;4786;67485.0
NOAA 1;4793;49102.0
COSMOS 385;4799;73346.0
INTELSAT 4-F2;4881;11754.0
NATO 2B;4902;11460.0
COSMOS 394;4922;99614.0
TANSEI-1 (MS-T1);4952;69406.0
OPS 5268 (DMSP 5A F3);4953;84109.0
COSMOS 397;4964;61722.0
COSMOS 400;5050;71333.0
ISIS 2;5104;50403.0
COSMOS 402;5105;71302.0
COSMOS 407;5174;82317.0
COSMOS 409;5180;59950.0
OPS 3811 (DSP 2);5204;20230.0
COSMOS 411;5210;49421.0
COSMOS 412;5211;68393.0
COSMOS 413;5212;45270.0
COSMOS 414;5213;46729.0
COSMOS 415;5214;45975.0
COSMOS 416;5215;48045.0
COSMOS 417;5216;48729.0
COSMOS 418;5217;47373.0
COSMOS 422;5238;70254.0
OV1-21;5397;77796.0
RIGIDSPHERE 2 (LCS 4);5398;81637.0
EOLE 1 (CAS-A);5435;83820.0
SHINSEI (MS-F2);5485;49816.0
COSMOS 444;5547;46878.0
COSMOS 445;5548;46115.0
COSMOS 446;5549;45356.0
COSMOS 447;5550;44635.0
COSMOS 448;5551;43858.0
COSMOS 449;5552;42292.0
COSMOS 450;5553;43068.0
COSMOS 451;5554;41456.0
OPS 4311 (DMSP 5B F1);5557;78361.0
ASTEX 1;5560;81868.0
PROSPERO (BLACK ARROW);5580;69248.0
OPS 9431 (DSCS 2-1);5587;11800.0
OPS 9432 (DSCS 2-2);5588;4335.0
COSMOS 457;5614;56888.0
OPS 7898 (P/L 1);5678;30177.0
OPS 7898 (P/L 2);5680;29320.0
OPS 7898 (P/L 3);5681;30181.0
OPS 7898 (P/L 4);5682;29017.0
COSMOS 465;5683;67834.0
COSMOS 468;5705;79371.0
INTELSAT 4-F3;5709;11488.0
COSMOS 469;5721;68234.0
AUREOLE 1;5729;58579.0
METEOR 1-10;5731;73962.0
INTELSAT 4-F4;5775;13339.0
COSMOS 475;5846;67202.0
OPS 1570 (DSP 3);5851;2193.0
OPS 5058 (DMSP 5B F2);5903;83312.0
COSMOS 480;5905;55927.0
METEOR 1-11;5917;72806.0
COSMOS 489;6019;66210.0
INTELSAT 4-F5;6052;11786.0
COSMOS 494;6059;76700.0
METEOR 1-12;6079;70493.0
COSMOS 504;6117;43617.0
COSMOS 505;6118;42867.0
COSMOS 506;6119;42175.0
COSMOS 507;6120;41484.0
COSMOS 508;6121;40772.0
COSMOS 509;6122;40018.0
COSMOS 510;6123;39265.0
COSMOS 511;6124;38462.0
LANDSAT 1 (ERTS 1);6126;69203.0
COSMOS 514;6148;65825.0
OAO 3 (COPERNICUS);6153;80222.0
COSMOS 516;6154;65271.0
TRIAD 1;6173;77245.0
COSMOS 520;6192;38711.0
EXPLORER 47 (IMP-7);6197;358.0
COSMOS 521;6206;63693.0
OPS 8180 (STP RADSAT);6217;77995.0
NOAA 2 (ITOS-D);6235;40481.0
OSCAR 6 (AO-6);6236;40482.0
METEOR 1-13;6256;69916.0
COSMOS 528;6262;41930.0
COSMOS 529;6264;41064.0
COSMOS 530;6265;42715.0
COSMOS 531;6266;40606.0
COSMOS 532;6267;43449.0
COSMOS 533;6268;43057.0
COSMOS 534;6269;42304.0
COSMOS 535;6270;41464.0
OPS 7323 (DMSP 5B F3);6275;72775.0
ANIK A1 (TELESAT 1);6278;11507.0
NIMBUS 5;6305;57092.0
OPS 9390;6317;2149.0
COSMOS 539;6319;43914.0
COSMOS 540;6323;74150.0
COSMOS 546;6350;88142.0
OPS 6063;6380;2239.0
METEOR 1-14;6392;67636.0
ANIK A2 (TELESAT 2);6437;4315.0
METEOR 1-15;6659;67099.0
COSMOS 564;6675;38222.0
COSMOS 565;6676;36749.0
COSMOS 566;6677;37238.0
COSMOS 567;6678;37714.0
COSMOS 568;6679;38639.0
COSMOS 569;6680;39060.0
COSMOS 570;6681;39505.0
COSMOS 571;6682;39963.0
OPS 6157 (DSP 4);6691;2194.0
COSMOS 574;6707;3607.0
OPS 8364 (DMSP 5B F4);6787;69469.0
OPS 7724;6791;4154.0
INTELSAT 4-F7;6796;13167.0
OPS 8314 (2);6822;40947.0
COSMOS 585;6825;39269.0
COSMOS 586;6828;59217.0
COSMOS 588;6845;35239.0
COSMOS 589;6846;36103.0
COSMOS 590;6847;35701.0
COSMOS 591;6848;37700.0
COSMOS 592;6849;38104.0
COSMOS 593;6850;37345.0
COSMOS 594;6851;36932.0
COSMOS 595;6852;36530.0
NNSS 20 (TRANSIT 20);6909;77429.0
COSMOS 606;6916;37746.0
NOAA 3;6920;33227.0
OPS 6630 (2);6938;36311.0
COSMOS 614;6965;69668.0
OPS 9433 (DSCS 2-3);6973;11592.0
OPS 9434 (DSCS 2-4);6974;84372.0
COSMOS 617;6985;37064.0
COSMOS 618;6986;34520.0
COSMOS 619;6987;34949.0
COSMOS 620;6988;34023.0
COSMOS 621;6989;35432.0
COSMOS 622;6990;36265.0
COSMOS 623;6991;35837.0
COSMOS 624;6992;36667.0
AUREOLE 2;7003;64251.0
COSMOS 626;7005;59920.0
COSMOS 627;7008;57295.0
COSMOS 628;7094;57590.0
METEOR 1-16;7209;63865.0
MIRANDA (X-4);7213;68231.0
OPS 8579 (DMSP 5B F5);7218;66365.0
COSMOS 637;7229;11816.0
OPS 4547;7244;5480.0
WESTAR 1;7250;11832.0
COSMOS 641;7265;34327.0
COSMOS 642;7266;35902.0
COSMOS 643;7267;35115.0
COSMOS 644;7268;35508.0
COSMOS 645;7269;34724.0
COSMOS 646;7270;33895.0
COSMOS 647;7271;33521.0
COSMOS 648;7272;33037.0
METEOR 1-17;7274;62194.0
MOLNIYA 2-9;7276;27516.0
COSMOS 650;7281;36536.0
COSMOS 651;7291;59499.0
COSMOS 654;7297;56974.0
SMS 1;7298;11593.0
ATS 6;7318;11792.0
COSMOS 660;7337;58302.0
COSMOS 663;7349;55343.0
METEOR 1-18;7363;59606.0
OPS 7518 (NTS 1);7369;57027.0
MOLNIYA 2-10;7376;37166.0
MOLNIYA 1-S;7392;13015.0
OPS 6983 (DMSP 5B F6);7411;63747.0
COSMOS 675;7424;34549.0
COSMOS 676;7433;64546.0
COSMOS 677;7435;32608.0
COSMOS 678;7436;29589.0
COSMOS 679;7437;30072.0
COSMOS 680;7438;30480.0
COSMOS 681;7439;30930.0
COSMOS 682;7440;31341.0
COSMOS 683;7441;31774.0
COSMOS 684;7442;32148.0
WESTAR 2;7466;13365.0
COSMOS 689;7476;53178.0
METEOR 1-19;7490;59844.0
NOAA 4;7529;30966.0
OSCAR 7 (AO-7);7530;31036.0
INTASAT;7531;31012.0
INTELSAT 4-F8;7544;12121.0
SKYNET 2B;7547;12074.0
METEOR 1-20;7574;59397.0
SYMPHONIE 1;7578;11319.0
COSMOS 700;7593;53020.0
LANDSAT 2;7615;56324.0
COSMOS 706;7625;22840.0
STARLETTE;7646;53915.0
SMS 2;7648;13175.0
COSMOS 708;7663;32677.0
COSMOS 711;7678;28540.0
COSMOS 712;7679;29709.0
COSMOS 713;7680;30116.0
COSMOS 714;7681;28951.0
COSMOS 715;7682;85207.0
COSMOS 716;7683;27695.0
COSMOS 717;7684;27222.0
COSMOS 718;7685;29331.0
METEOR 1-21;7714;89143.0
COSMOS 723;7718;54313.0
COSMOS 724;7727;55999.0
GEOS 3;7734;59276.0
COSMOS 726;7736;51853.0
COSMOS 729;7768;50807.0
MOLNIYA 1-29;7780;36687.0
ANIK A3 (TELESAT 3);7790;12595.0
INTELSAT 4-F1;7815;11805.0
OPS 6226 (DMSP 5C F7);7816;30281.0
COSMOS 732;7820;29198.0
COSMOS 733;7822;25942.0
COSMOS 734;7823;28298.0
COSMOS 735;7824;27857.0
COSMOS 736;7825;27403.0
COSMOS 737;7826;26459.0
COSMOS 738;7827;26922.0
COSMOS 739;7828;28739.0
NIMBUS 6;7924;44247.0
OPS 6381 (SSU 1);7937;31061.0
METEOR 2-1;8026;56289.0
COSMOS 755;8072;49385.0
SYMPHONIE 2;8132;13845.0
MOLNIYA 2-14;8195;36430.0
KIKU-1 (ETS-I);8197;46795.0
COSMOS 761;8285;27648.0
COSMOS 762;8286;26732.0
COSMOS 763;8287;25399.0
COSMOS 764;8288;24953.0
COSMOS 765;8289;24453.0
COSMOS 766;8290;27161.0
COSMOS 767;8291;26300.0
COSMOS 768;8292;25863.0
METEOR 1-22;8293;55684.0
COSMOS 770;8325;39086.0
INTELSAT 4A-F1;8330;11746.0
COSMOS 773;8343;59491.0
COSMOS 775;8357;12774.0
GOES 1 (SMS-C);8366;18105.0
COSMOS 778;8419;48386.0
COSMOS 783;8458;58282.0
COSMOS 785;8473;49404.0
SATCOM 1;8476;4237.0
OPS 3165 (DSP 5);8482;2243.0
RADUGA 1;8513;19079.0
METEOR 1-23;8519;54073.0
CTS;8585;11828.0
COSMOS 789;8591;47019.0
MOLNIYA 1-32;8601;7382.0
COSMOS 791;8607;25809.0
COSMOS 792;8608;24985.0
COSMOS 793;8609;25382.0
COSMOS 794;8610;24573.0
COSMOS 795;8611;24137.0
COSMOS 796;8612;23705.0
COSMOS 797;8613;23234.0
COSMOS 798;8614;22704.0
INTELSAT 4A-F2;8620;61662.0
COSMOS 800;8645;46649.0
COSMOS 803;8688;72942.0
MARISAT 1;8697;17812.0
UME (ISS);8709;46217.0
COSMOS 807;8744;49124.0
LES-8;8746;12566.0
LES-9;8747;12565.0
SOLRAD 11A;8748;467.0
SATCOM 2;8774;11556.0
METEOR 1-24;8799;52780.0
NATO 3A;8808;74327.0
OPS 6431;8818;5156.0
LAGEOS 1;8820;88754.0
SSU 1;8835;30345.0
SSU 2;8836;29591.0
COMSTAR 1;8838;11657.0
METEOR 1-25;8845;66844.0
P 76-5;8860;44164.0
COSMOS 823;8873;45220.0
MARISAT 3;8882;11736.0
SSU 3;8884;30650.0
COSMOS 825;8889;24193.0
COSMOS 826;8890;21130.0
COSMOS 827;8891;65573.0
COSMOS 828;8892;23370.0
COSMOS 829;8893;22930.0
COSMOS 830;8894;22499.0
COSMOS 831;8895;22053.0
COSMOS 832;8896;21623.0
OPS 2112 (DSP 6);8916;2151.0
COSMOS 836;8923;55283.0
PALAPA 1;9009;12393.0
COSMOS 839;9011;21078.0
COSMOS 841;9022;55488.0
COSMOS 842;9025;44708.0
COMSTAR 2;9047;17952.0
NOAA 5;9057;20495.0
COSMOS 846;9061;72046.0
OPS 5721 (DMSP 5D-1 F1);9415;29539.0
RADUGA 2;9416;12532.0
COSMOS 858;9443;54165.0
MARISAT 2;9478;11945.0
METEOR 1-26;9481;49725.0
COSMOS 860;9486;82794.0
COSMOS 861;9494;45064.0
COSMOS 862;9495;23361.0
EKRAN 1;9503;19449.0
COSMOS 864;9509;43572.0
COSMOS 871;9588;21999.0
COSMOS 872;9589;22414.0
COSMOS 873;9590;20376.0
COSMOS 874;9591;19922.0
COSMOS 875;9592;21628.0
COSMOS 876;9593;19451.0
COSMOS 877;9594;21245.0
COSMOS 878;9595;20796.0
COSMOS 883;9610;43015.0
COSMOS 886;9634;22987.0
COSMOS 887;9637;42862.0
METEOR 2-2;9661;47416.0
COSMOS 890;9737;41773.0
NATO 3B;9785;11285.0
OPS 3151 (DSP 7);9803;2074.0
TANSEI-3 (MS-T3);9841;89072.0
COSMOS 894;9846;41718.0
KIKU-2 (ETS-II);9852;12322.0
PALAPA 2;9862;13910.0
MOLNIYA 1-36;9880;25062.0
METEOR 1-27;9903;47144.0
GEOS-1;9931;34399.0
OPS 9437 (DSCS 2-7);10000;16166.0
OPS 9438 (DSCS 2-8);10001;11370.0
COSMOS 909;10010;13604.0
OPS 9751;10016;2243.0
COSMOS 911;10019;40715.0
INTELSAT 4A-F4;10024;4299.0
OPS 5644 (DMSP 5D-1 F2);10033;31090.0
GOES 2;10061;4229.0
NTS 2;10091;35065.0
COSMOS 921;10095;59479.0
COSMOS 923;10120;49884.0
COSMOS 926;10137;39578.0
COSMOS 928;10141;40271.0
HIMAWARI-1 (GMS-1);10143;11725.0
COSMOS 931;10150;35072.0
RADUGA 3;10159;17302.0
COSMOS 939;10282;18504.0
COSMOS 940;10286;19305.0
COSMOS 941;10287;18897.0
COSMOS 942;10288;14663.0
COSMOS 943;10289;15568.0
COSMOS 944;10290;15336.0
COSMOS 945;10291;15120.0
COSMOS 946;10292;14908.0
SIRIO;10294;11390.0
COSMOS 951;10352;38950.0
COSMOS 952;10358;40809.0
EKRAN 2;10365;13083.0
MOLNIYA 3-8;10455;34834.0
TRANSAT;10457;33861.0
COSMOS 962;10459;38439.0
METEOSAT-1;10489;13319.0
COSMOS 963;10491;28328.0
OPS 8781;10502;5174.0
COSMOS 967;10512;38032.0
METEOR 2-3;10514;43836.0
SAKURA (CS);10516;13163.0
COSMOS 968;10520;48168.0
SS 1;10529;29655.0
COSMOS 970;10531;74501.0
COSMOS 971;10536;37446.0
COSMOS 972;10539;40072.0
SS 2;10544;29672.0
INTELSAT 4A-F3;10557;4474.0
COSMOS 976;10581;16243.0
COSMOS 977;10584;16110.0
COSMOS 978;10585;15900.0
COSMOS 979;10586;16622.0
COSMOS 980;10587;15834.0
COSMOS 981;10588;15410.0
COSMOS 982;10589;14981.0
COSMOS 983;10590;14525.0
SS 3;10594;31113.0
COSMOS 985;10599;37699.0
IUE;10637;12506.0
KYOKKO (EXOS-A);10664;83966.0
OPS 6391 (FLTSATCOM 1);10669;75068.0
UME-2 (ISS-B);10674;31718.0
COSMOS 990;10676;47246.0
NAVSTAR 1 (OPS 5111);10684;32847.0
COSMOS 991;10692;37030.0
LANDSAT 3;10702;40559.0
OSCAR 8 (AO-8);10703;40807.0
COSMOS 994;10731;36318.0
COSMOS 996;10744;36677.0
COSMOS 1000;10776;36457.0
INTELSAT 4A-F6;10778;11814.0
OPS 8790;10787;2123.0
YURI (BS);10792;11474.0
OPS 6182 (DMSP 5D-1 F3);10820;45547.0
OTS-2;10855;20002.0
NAVSTAR 2 (OPS 5112);10893;34565.0
COSMOS 1011;10917;35721.0
MOLNIYA 1-40;10925;34394.0
COSMOS 1013;10930;12063.0
COSMOS 1014;10931;12517.0
COSMOS 1015;10932;12941.0
COSMOS 1016;10933;13364.0
COSMOS 1017;10934;13733.0
COSMOS 1018;10935;14129.0
COSMOS 1019;10936;14513.0
COSMOS 1020;10937;14922.0
GOES 3;10953;12455.0
COSMOS 1023;10961;45541.0
SEASAT 1;10967;46338.0
COMSTAR 3;10975;4222.0
GEOS-2;10981;17001.0
RADUGA 4;10987;11558.0
COSMOS 1027;10991;35029.0
COSMOS 1034;11042;13210.0
COSMOS 1035;11044;13636.0
COSMOS 1036;11045;12814.0
COSMOS 1037;11046;12391.0
COSMOS 1038;11047;71098.0
COSMOS 1039;11048;62820.0
COSMOS 1040;11049;11116.0
COSMOS 1041;11050;11533.0
NAVSTAR 3 (OPS 5113);11054;33289.0
MOLNIYA 3-10;11057;42718.0
TIROS N;11060;62194.0
NIMBUS 7;11080;35151.0
CAMEO & DELTA 1 R/B;11081;19234.0
COSMOS 1045;11084;3337.0
RADIO 1 (RS-1);11085;3294.0
RADIO 2 (RS-2);11086;3302.0
COSMOS 1048;11111;43099.0
NATO 3C;11115;65127.0
COSMOS 1051;11128;12884.0
COSMOS 1052;11129;12515.0
COSMOS 1053;11130;12142.0
COSMOS 1054;11131;11769.0
COSMOS 1055;11132;11365.0
COSMOS 1056;11133;10952.0
COSMOS 1057;11134;10554.0
COSMOS 1058;11135;10135.0
NAVSTAR 4 (OPS 5114);11141;22133.0
OPS 9441 (DSCS 2-11);11144;10778.0
OPS 9442 (DSCS 2-12);11145;11312.0
ANIK B1 (TELESAT 4);11153;13203.0
GORIZONT 1;11158;11892.0
COSMOS 1066;11165;90515.0
COSMOS 1067;11168;23477.0
COSMOS 1072;11238;32269.0
SCATHA;11256;13838.0
AYAME (ECS);11261;16940.0
EKRAN 3;11273;13099.0
METEOR 2-4;11288;37850.0
COSMOS 1081;11296;11861.0
COSMOS 1082;11297;71455.0
COSMOS 1083;11298;11076.0
COSMOS 1084;11299;10705.0
COSMOS 1085;11300;9871.0
COSMOS 1086;11301;10269.0
COSMOS 1087;11302;9430.0
COSMOS 1088;11303;8985.0
COSMOS 1089;11308;31436.0
COSMOS 1091;11320;31243.0
COSMOS 1092;11326;54761.0
RADUGA 5;11343;12533.0
OPS 6392 (FLTSATCOM 2);11353;16643.0
COSMOS 1104;11378;30675.0
OPS 5390 (DMSP 5D-1 F4);11389;31852.0
OPS 7484 (DSP 8);11397;2203.0
NOAA 6;11416;39377.0
COSMOS 1109;11417;22575.0
COSMOS 1110;11425;39730.0
GORIZONT 2;11440;13400.0
WESTAR 3;11484;13651.0
COSMOS 1125;11510;38805.0
COSMOS 1130;11538;9253.0
COSMOS 1131;11539;8939.0
COSMOS 1132;11540;8655.0
COSMOS 1133;11541;1773.0
COSMOS 1134;11542;8059.0
COSMOS 1135;11543;7727.0
COSMOS 1136;11544;7428.0
COSMOS 1137;11545;7078.0
OPS 1948;11558;2219.0
EKRAN 4;11561;4335.0
COSMOS 1140;11573;38734.0
COSMOS 1141;11585;27055.0
METEOR 2-5;11605;33698.0
OPS 9443 (DSCS 2-13);11621;61157.0
OPS 9444 (DSCS 2-14);11622;10803.0
SATCOM 3;11635;21666.0
GORIZONT 3;11648;11846.0
COSMOS 1150;11667;27178.0
OPS 6393 (FLTSATCOM 3);11669;16584.0
COSMOS 1153;11680;26755.0
NAVSTAR 5 (OPS 5117);11690;34568.0
COSMOS 1156;11691;7637.0
COSMOS 1157;11692;7224.0
COSMOS 1158;11693;6860.0
COSMOS 1159;11694;6492.0
COSMOS 1160;11695;6103.0
COSMOS 1161;11696;5678.0
COSMOS 1162;11697;5276.0
COSMOS 1163;11698;4777.0
RADUGA 6;11708;11814.0
AYAME-2 (ECS-B);11715;22796.0
COSMOS 1168;11735;26511.0
COSMOS 1171;11750;26283.0
COSMOS 1174;11765;32318.0
NAVSTAR 6 (OPS 5118);11783;33358.0
COSMOS 1176;11788;29362.0
COSMOS 1181;11803;25522.0
GORIZONT 4;11841;22957.0
OPS 1292;11852;4661.0
COSMOS 1190;11869;32289.0
COSMOS 1191;11871;23541.0
COSMOS 1192;11875;5800.0
COSMOS 1193;11876;5428.0
COSMOS 1194;11877;5082.0
COSMOS 1195;11878;4732.0
COSMOS 1196;11879;52246.0
COSMOS 1197;11880;3967.0
COSMOS 1198;11881;3606.0
COSMOS 1199;11882;3170.0
MOLNIYA 3-13;11896;32836.0
METEOR 2-6;11962;29828.0
GOES 4;11964;12346.0
RADUGA 7;12003;11929.0
COSMOS 1217;12032;27412.0
OPS 6394 (FLTSATCOM 4);12046;12620.0
SBS 1;12065;4247.0
COSMOS 1223;12078;32558.0
COSMOS 1225;12087;22874.0
INTELSAT 502;12089;12975.0
COSMOS 1226;12091;22776.0
OPS 5805;12093;4406.0
COSMOS 1228;12107;3925.0
COSMOS 1229;12108;3541.0
COSMOS 1230;12109;3834.0
COSMOS 1231;12110;3681.0
COSMOS 1232;12111;3553.0
COSMOS 1233;12112;3427.0
COSMOS 1234;12113;3632.0
COSMOS 1235;12114;3561.0
EKRAN 6;12120;12339.0
COSMOS 1238;12138;21344.0
COSMOS 1241;12149;21988.0
KIKU-3 (ETS-IV);12295;61701.0
COSMOS 1244;12297;86423.0
COSMOS 1247;12303;32705.0
ESIAFI 1 (COMSTAR 4);12309;16344.0
COSMOS 1249;12319;23934.0
COSMOS 1250;12320;2955.0
COSMOS 1251;12321;2662.0
COSMOS 1252;12322;2393.0
COSMOS 1253;12323;947.0
COSMOS 1254;12324;2122.0
COSMOS 1255;12325;1851.0
COSMOS 1256;12326;1558.0
COSMOS 1257;12327;1269.0
OPS 7350 (DSP 9);12339;2188.0
RADUGA 8;12351;11853.0
COSMOS 1261;12376;21942.0
COSMOS 1263;12388;21432.0
COSMOS 1266;12409;23726.0
COSMOS 1269;12442;29864.0
METEOR 2-7;12456;26257.0
NOVA 1;12458;12389.0
GOES 5;12472;11882.0
INTELSAT 501;12474;13371.0
COSMOS 1275;12504;20450.0
METEOSAT-2;12544;11993.0
APPLE;12545;11838.0
CAT 3;12546;39714.0
NOAA 7;12553;26803.0
EKRAN 7;12564;12549.0
METEOR PRIRODA;12585;40285.0
RADUGA 9;12618;4332.0
DYNAMICS EXPLORER 1;12624;71102.0
COSMOS 1285;12627;23859.0
FLTSATCOM 5;12635;12912.0
COSMOS 1287;12636;98863.0
COSMOS 1288;12637;99175.0
COSMOS 1289;12638;486.0
COSMOS 1290;12639;153.0
COSMOS 1291;12640;99845.0
COSMOS 1292;12641;99513.0
COSMOS 1293;12642;776.0
COSMOS 1294;12643;1133.0
INTERCOSMOS 22;12645;26326.0
HIMAWARI-2 (GMS-2);12677;12824.0
COSMOS 1295;12681;19717.0
COSMOS 1299;12783;21183.0
COSMOS 1300;12785;39103.0
COSMOS 1302;12791;28528.0
COSMOS 1304;12803;58738.0
COSMOS 1305;12818;87087.0
COSMOS 1308;12835;19079.0
AUREOLE 3;12848;20204.0
SBS 2;12855;11455.0
COSMOS 1312;12879;51984.0
RADUGA 10;12897;11332.0
OPS 4029;12930;383.0
COSMOS 1317;12933;31820.0
SATCOM 3R;12967;12405.0
COSMOS 1320;12975;94799.0
COSMOS 1321;12976;94886.0
COSMOS 1322;12977;94909.0
COSMOS 1323;12978;94985.0
COSMOS 1324;12979;95066.0
COSMOS 1325;12980;95131.0
COSMOS 1326;12981;93319.0
COSMOS 1327;12982;95400.0
COSMOS 1328;12987;36840.0
INTELSAT 503;12994;12277.0
RADIO 3;12997;92603.0
RADIO 8;12998;90628.0
RADIO 5;12999;90963.0
RADIO 4;13000;91218.0
RADIO 7;13001;91506.0
RADIO 6;13002;92313.0
MARECS-A;13010;10755.0
CAT 4;13011;34766.0
MOLNIYA 1-52;13012;31783.0
COSMOS 1331;13027;27000.0
COSMOS 1333;13033;17124.0
SATCOM 4;13035;12121.0
EKRAN 8;13056;11461.0
COSMOS 1339;13065;16948.0
WESTAR 4;13069;4245.0
MOLNIYA 1-53;13070;31651.0
COSMOS 1341;13080;22668.0
INTELSAT 504;13083;13778.0
OPS 8701 (DSP 10);13086;2172.0
GORIZONT 5;13092;11764.0
COSMOS 1344;13110;16280.0
METEOR 2-8;13113;18021.0
COSMOS 1348;13124;31536.0
COSMOS 1349;13127;16063.0
INSAT-1A;13129;16241.0
COSMOS 1354;13148;24773.0
COSMOS 1357;13160;97244.0
COSMOS 1358;13161;96915.0
COSMOS 1359;13162;96770.0
COSMOS 1360;13163;68769.0
COSMOS 1361;13164;96016.0
COSMOS 1362;13165;95684.0
COSMOS 1363;13166;95376.0
COSMOS 1364;13167;95028.0
OPS 6553;13172;5549.0
COSMOS 1365;13175;18432.0
COSMOS 1366;13177;12957.0
COSMOS 1367;13205;31473.0
COSMOS 1371;13241;24211.0
COSMOS 1372;13243;59078.0
COSMOS 1375;13259;15865.0
WESTAR 5;13269;11556.0
COSMOS 1382;13295;27252.0
COSMOS 1383;13301;14094.0
COSMOS 1386;13353;15190.0
LANDSAT 4;13367;32435.0
COSMOS 1388;13375;96549.0
COSMOS 1389;13376;96216.0
COSMOS 1390;13377;95876.0
COSMOS 1391;13378;95575.0
COSMOS 1392;13379;63861.0
COSMOS 1393;13380;94921.0
COSMOS 1394;13381;94600.0
COSMOS 1395;13382;94238.0
ANIK D1 (TELESAT 6);13431;8959.0
KIKU-4 (ETS-III);13492;13797.0
EKRAN 9;13554;11598.0
COSMOS 1410;13589;93426.0
INTELSAT 505;13595;12408.0
COSMOS 1412;13600;14420.0
COSMOS 1413 [GLONASS];13603;33260.0
COSMOS 1414 [GLONASS];13606;33131.0
COSMOS 1415 [GLONASS];13607;33235.0
COSMOS 1417;13617;13624.0
GORIZONT 6;13624;11692.0
SATCOM C5;13631;12235.0
DSCS 2-15;13636;10042.0
DSCS 3-1;13637;6139.0
COSMOS 1420;13648;22217.0
SBS 3;13651;4254.0
ANIK C3 (TELESAT 5);13652;4250.0
RADUGA 11;13669;11762.0
METEOR 2-9;13718;18973.0
OPS 9845 (DMSP 5D-2 F6);13736;20776.0
COSMOS 1428;13757;12661.0
COSMOS 1429;13761;92063.0
COSMOS 1430;13762;92444.0
COSMOS 1431;13763;92758.0
COSMOS 1432;13764;93082.0
COSMOS 1433;13765;93402.0
COSMOS 1434;13766;93688.0
COSMOS 1435;13767;93948.0
COSMOS 1436;13768;94269.0
IRAS;13777;83033.0
SAKURA-2A (CS-2A);13782;12386.0
OPS 0252;13791;5082.0
SSD;13792;4897.0
SSA;13844;30376.0
SSB;13845;28981.0
SSC;13874;29643.0
MOLNIYA 3-20;13875;24497.0
EKRAN 10;13878;11536.0
ASTRON;13901;1017.0
OV2-3;13912;54965.0
COSMOS 1447;13916;11406.0
NOAA 8;13923;19415.0
COSMOS 1448;13949;11504.0
TDRS 1;13969;12640.0
RADUGA 12;13974;16536.0
SATCOM 1R;13984;12648.0
COSMOS 1452;13991;19921.0
COSMOS 1455;14032;30087.0
GOES 6;14050;21199.0
COSMOS 1459;14057;11066.0
COSMOS 1461;14064;15587.0
INTELSAT 506;14077;12011.0
COSMOS 1464;14084;10495.0
OPS 6432;14112;5273.0
EUTELSAT 1-F1 (ECS 1);14128;11428.0
PHASE 3B (AO-10);14129;28723.0
NAHUEL I2 (ANIK C2);14133;4217.0
PALAPA B1;14134;11677.0
OPS 3899;14139;28406.0
GB 1;14143;29151.0
GB 2;14144;30080.0
COSMOS 1470;14147;4148.0
HILAT;14154;19034.0
GALAXY 1 (G-1);14158;4261.0
GORIZONT 7;14160;15080.0
COSMOS 1473;14171;92345.0
COSMOS 1474;14172;91998.0
COSMOS 1475;14173;91679.0
COSMOS 1476;14174;91368.0
COSMOS 1477;14175;91052.0
COSMOS 1478;14176;90719.0
COSMOS 1479;14177;90412.0
COSMOS 1480;14178;90016.0
GB 3;14180;30373.0
COSMOS 1481;14182;23190.0
NAVSTAR 8 (OPS 9794);14189;21908.0
ARABSAT-1DR (TELSTAR 3A);14234;4235.0
COSMOS 1486;14240;18434.0
SAKURA-2B (CS-2B);14248;11980.0
COSMOS 1490 [GLONASS];14258;32490.0
COSMOS 1491 [GLONASS];14259;32747.0
COSMOS 1492 [GLONASS];14260;32447.0
RADUGA 13;14307;11500.0
INSAT-1B;14318;12117.0
SATCOM 2R;14328;15157.0
GALAXY 2 (G-2);14365;12822.0
COSMOS 1500;14372;27754.0
EKRAN 11;14377;14720.0
COSMOS 1503;14401;17243.0
INTELSAT 507;14421;13334.0
COSMOS 1506;14450;90256.0
METEOR 2-10;14452;16032.0
COSMOS 1508;14483;6509.0
OPS 1294 (DMSP 5D-2 F7);14506;15829.0
COSMOS 1510;14521;87935.0
GORIZONT 8;14532;11657.0
COSMOS 1513;14546;7758.0
COSMOS 1515;14551;924.0
COSMOS 1519 [GLONASS];14590;26267.0
COSMOS 1520 [GLONASS];14591;26242.0
COSMOS 1521 [GLONASS];14592;32302.0
COSMOS 1522;14611;88244.0
COSMOS 1523;14612;89991.0
COSMOS 1524;14613;89699.0
COSMOS 1525;14614;89423.0
COSMOS 1526;14615;89144.0
COSMOS 1527;14616;47762.0
COSMOS 1528;14617;88539.0
COSMOS 1529;14618;70573.0
COSMOS 1531;14624;6958.0
YURI-2A (BS-2A);14659;11435.0
STTW-T1;14670;34787.0
OPS 0441;14675;372.0
COSMOS 1535;14679;3983.0
OPS 8737;14690;5151.0
COSMOS 1536;14699;22688.0
RADUGA 14;14725;11408.0
JD 1;14728;28868.0
JD 2;14729;28893.0
COSMOS 1538;14759;15579.0
LANDSAT 5;14780;20683.0
UOSAT 2 (UO-11);14781;21856.0
COSMOS 1540;14783;11700.0
INTELSAT 508;14786;4206.0
COSMOS 1541;14790;27389.0
JD 3;14795;29915.0
EKRAN 12;14821;13017.0
COSMOS 1546;14867;4335.0
COSMOS 1547;14884;24124.0
STTW-T2;14899;4335.0
OPS 7641 (DSP 11);14930;2104.0
GORIZONT 9;14940;11792.0
COSMOS 1550;14965;5517.0
COSMOS 1553;14973;5699.0
COSMOS 1554 [GLONASS];14977;9531.0
COSMOS 1555 [GLONASS];14978;29093.0
COSMOS 1556 [GLONASS];14979;31851.0
ZHONGXING-5;14985;12729.0
COSMOS 1559;14998;85976.0
COSMOS 1560;14999;86296.0
COSMOS 1561;15000;86603.0
COSMOS 1562;15001;86897.0
COSMOS 1563;15002;60411.0
COSMOS 1564;15003;87411.0
COSMOS 1565;15004;87690.0
COSMOS 1566;15005;87976.0
COSMOS 1570;15031;13743.0
NAVSTAR 9 (USA 1);15039;29038.0
COSMOS 1574;15055;5057.0
RADUGA 15;15057;13708.0
USA 3;15071;5465.0
COSMOS 1577;15077;79871.0
COSMOS 1579;15085;7029.0
COSMOS 1581;15095;27245.0
METEOR 2-11;15099;6490.0
GORIZONT 10;15144;15056.0
HIMAWARI-3 (GMS-3);15152;14864.0
EUTELSAT 1-F2 (ECS 2);15158;11330.0
TELECOM 1A;15159;11467.0
COSMOS 1589;15171;84815.0
AMPTE/CCE;15199;19428.0
EKRAN 13;15219;11321.0
USA 4;15226;4262.0
SBS 4;15235;4202.0
LEASAT 2;15236;12415.0
TELSTAR 302;15237;12072.0
COSMOS 1593 [GLONASS];15259;26983.0
COSMOS 1594 [GLONASS];15260;31597.0
COSMOS 1595 [GLONASS];15261;29098.0
COSMOS 1596;15267;29797.0
NAVSTAR 10 (USA 5);15271;28861.0
COSMOS 1598;15292;3706.0
GALAXY 3 (G-3);15308;4247.0
COSMOS 1602;15331;21959.0
COSMOS 1603;15333;9641.0
COSMOS 1604;15350;29729.0
COSMOS 1605;15359;3710.0
NOVA 3;15362;95871.0
COSMOS 1606;15369;21948.0
COSMOS 1607;15378;4986.0
ARABSAT-1D (ANIK D2);15383;11086.0
LEASAT 1;15384;12007.0
ZHONGXING-5R;15385;12297.0
MARECS-B2;15386;10882.0
NATO 3D;15391;14406.0
COSMOS 1610;15398;3023.0
NOAA 9;15427;8699.0
MOLNIYA 1-63;15429;29597.0
USA 7 (DSP 12);15453;2208.0
COSMOS 1617;15469;85819.0
COSMOS 1618;15470;85884.0
COSMOS 1619;15471;86339.0
COSMOS 1620;15472;86188.0
COSMOS 1621;15473;86129.0
COSMOS 1622;15474;86030.0
COSMOS 1624;15482;10721.0
GORIZONT 11;15484;14861.0
COSMOS 1627;15505;2008.0
METEOR 2-12;15516;3665.0
USA 8;15543;382.0
ARABSAT-1A;15560;12199.0
BRASILSAT 1;15561;4235.0
COSMOS 1629;15574;14644.0
GEOSAT;15595;10549.0
COSMOS 1634;15597;1550.0
COSMOS 1635;15617;82197.0
COSMOS 1636;15618;82504.0
COSMOS 1637;15619;82786.0
COSMOS 1638;15620;83071.0
COSMOS 1639;15621;83343.0
COSMOS 1640;15622;83627.0
COSMOS 1641;15623;83853.0
COSMOS 1642;15624;84119.0
EKRAN 14;15626;11848.0
INTELSAT 510;15629;11123.0
NAHUEL I1 (ANIK C1);15642;4239.0
LEASAT 3;15643;13273.0
GSTAR 1;15677;12118.0
TELECOM 1B;15678;13300.0
COSMOS 1650 [GLONASS];15697;28775.0
COSMOS 1651 [GLONASS];15698;31124.0
COSMOS 1652 [GLONASS];15699;31110.0
MOLNIYA 3-24;15738;33094.0
COSMOS 1655;15751;99981.0
COSMOS 1656;15755;7031.0
COSMOS 1660;15821;80808.0
MORELOS 1;15824;11325.0
ARABSAT-1B;15825;13145.0
TELSTAR 303;15826;4250.0
COSMOS 1661;15827;29231.0
INTELSAT 511;15873;12050.0
COSMOS 1666;15889;18197.0
COSMOS 1670;15930;99872.0
OSCAR 30;15935;93597.0
OSCAR 24;15936;93813.0
COSMOS 1674;15944;17810.0
RADUGA 16;15946;11820.0
COSMOS 1675;15952;37710.0
COSMOS 1677;15986;249.0
OPTUS A1 (AUSSAT 1);15993;11560.0
ASC 1;15994;11399.0
LEASAT 4;15995;11421.0
COSMOS 1680;16011;7471.0
COSMOS 1684;16064;29025.0
INTELSAT 512;16101;12635.0
COSMOS 1687;16103;29021.0
USA 11;16116;2193.0
USA 12;16117;2175.0
NAVSTAR 11 (USA 10);16129;22182.0
COSMOS 1690;16138;82931.0
COSMOS 1691;16139;82476.0
COSMOS 1692;16140;82775.0
COSMOS 1693;16141;82734.0
COSMOS 1694;16142;82605.0
COSMOS 1695;16143;82524.0
COSMOS 1697;16181;90741.0
COSMOS 1698;16183;28979.0
METEOR 3-1;16191;90163.0
COSMOS 1700;16199;14765.0
RADUGA 17;16250;14766.0
COSMOS 1703;16262;15563.0
MORELOS 2;16274;4236.0
OPTUS A2 (AUSSAT 2);16275;4253.0
SATCOM K2;16276;12159.0
COSMOS 1704;16291;97920.0
COSMOS 1707;16326;15509.0
COSMOS 1709;16368;97584.0
MOLNIYA 3-27;16393;29669.0
COSMOS 1710 [GLONASS];16396;30658.0
COSMOS 1711 [GLONASS];16397;30621.0
COSMOS 1712 [GLONASS];16398;30546.0
METEOR 2-13;16408;99055.0
COSMOS 1716;16449;79070.0
COSMOS 1717;16450;78505.0
COSMOS 1718;16451;78830.0
COSMOS 1719;16452;79348.0
COSMOS 1720;16453;79608.0
COSMOS 1721;16454;79859.0
COSMOS 1722;16455;80087.0
COSMOS 1723;16456;80337.0
SATCOM K1;16482;12045.0
COSMOS 1725;16493;1719.0
RADUGA 18;16497;14196.0
COSMOS 1727;16510;97074.0
STTW-1;16526;15143.0
USA 15;16591;5154.0
COSMOS 1732;16593;77813.0
YURI-2B (BS-2B);16597;12414.0
COSMOS 1733;16611;14828.0
SPOT 1;16613;75242.0
VIKING;16614;78820.0
USA 16;16624;29411.0
USA 17;16625;28794.0
USA 18;16631;28877.0
COSMOS 1736;16647;97320.0
GSTAR 2;16649;11264.0
BRASILSAT 2;16650;12273.0
COSMOS 1738;16667;14333.0
COSMOS 1741;16681;4184.0
COSMOS 1743;16719;13404.0
COSMOS 1745;16727;95417.0
EKRAN 15;16729;11448.0
METEOR 2-14;16735;96926.0
COSMOS 1748;16758;77800.0
COSMOS 1749;16759;78806.0
COSMOS 1750;16760;78533.0
COSMOS 1751;16761;76959.0
COSMOS 1752;16762;77240.0
COSMOS 1753;16763;77510.0
COSMOS 1754;16764;60497.0
COSMOS 1755;16765;78302.0
GORIZONT 12;16769;14326.0
COSMOS 1758;16791;12028.0
COSMOS 1759;16798;95169.0
COSMOS 1761;16849;28455.0
COSMOS 1763;16860;3619.0
COSMOS 1766;16881;9721.0
AJISAI (EGS);16908;43055.0
JAS-1 (FO-12);16909;76226.0
COSMOS 1771;16917;95642.0
COSMOS 1777;16952;2183.0
COSMOS 1778 [GLONASS];16961;30083.0
COSMOS 1779 [GLONASS];16962;30070.0
COSMOS 1780 [GLONASS];16963;30076.0
NOAA 10;16969;1254.0
COSMOS 1782;16986;8528.0
RADUGA 19;17046;13897.0
COSMOS 1791;17066;93314.0
POLAR BEAR;17070;93040.0
GORIZONT 13;17083;11479.0
COSMOS 1794;17138;74945.0
COSMOS 1795;17139;75258.0
COSMOS 1796;17140;75515.0
COSMOS 1797;17141;75793.0
COSMOS 1798;17142;76050.0
COSMOS 1799;17143;76327.0
COSMOS 1800;17144;76576.0
COSMOS 1801;17145;76805.0
COSMOS 1802;17159;92670.0
COSMOS 1803;17177;74227.0
FLTSATCOM 7 (USA 20);17181;14796.0
COSMOS 1805;17191;10077.0
COSMOS 1806;17213;28125.0
COSMOS 1808;17239;92252.0
COSMOS 1809;17241;93943.0
METEOR 2-15;17290;93840.0
COSMOS 1812;17295;9761.0
COSMOS 1814;17303;477.0
MOLNIYA 3-31;17328;27716.0
COSMOS 1816;17359;92016.0
COSMOS 1818;17369;5147.0
COSMOS 1821;17525;90026.0
MOMO-1 (MOS-1);17527;95417.0
COSMOS 1823;17535;73216.0
GOES 7;17561;12298.0
COSMOS 1825;17566;9427.0
COSMOS 1827;17582;76203.0
COSMOS 1828;17583;76387.0
COSMOS 1829;17584;75886.0
COSMOS 1830;17585;76009.0
COSMOS 1831;17586;76280.0
COSMOS 1832;17587;76112.0
COSMOS 1833;17589;96806.0
RADUGA 20;17611;13447.0
AGILA 1 (PALAPA B2P);17706;3852.0
COSMOS 1842;17911;7886.0
GORIZONT 14;17969;11594.0
COSMOS 1844;17973;96105.0
USA 22;17997;5018.0
USA 23;18009;29016.0
USA 24;18010;29012.0
USA 25;18025;29643.0
COSMOS 1850;18095;98283.0
COSMOS 1852;18113;72261.0
COSMOS 1853;18114;72558.0
COSMOS 1854;18115;72810.0
COSMOS 1855;18116;73093.0
COSMOS 1856;18117;73345.0
COSMOS 1857;18118;73582.0
COSMOS 1858;18119;73801.0
COSMOS 1859;18120;74094.0
COSMOS 1860;18122;91758.0
DMSP 5D-2 F8 (USA 26);18123;96004.0
COSMOS 1861;18129;89859.0
COSMOS 1862;18152;6508.0
COSMOS 1864;18160;88009.0
COSMOS 1867;18187;97687.0
COSMOS 1869;18214;4323.0
METEOR 2-16;18312;90689.0
KIKU-5 (ETS-V);18316;12486.0
EKRAN 16;18328;13314.0
COSMOS 1875;18334;74139.0
COSMOS 1876;18335;73655.0
COSMOS 1877;18336;73790.0
COSMOS 1878;18337;73870.0
COSMOS 1879;18338;73981.0
COSMOS 1880;18339;74028.0
OPTUS A3 (AUSSAT 3);18350;4207.0
EUTELSAT 1-F4 (ECS 4);18351;12280.0
COSMOS 1883 [GLONASS];18355;29309.0
COSMOS 1884 [GLONASS];18356;29313.0
COSMOS 1885 [GLONASS];18357;27655.0
OSCAR 27;18361;84707.0
OSCAR 29;18362;84636.0
COSMOS 1888;18384;13768.0
COSMOS 1891;18402;88362.0
COSMOS 1892;18421;5759.0
COSMOS 1894;18443;11680.0
TVSAT 1;18570;12488.0
COSMOS 1897;18575;13717.0
USA 28 (DSP 13);18583;2078.0
COSMOS 1898;18585;95833.0
RADUGA 21;18631;13706.0
COSMOS 1900;18665;99025.0
COSMOS 1903;18701;27442.0
COSMOS 1904;18709;87471.0
EKRAN 17;18715;11697.0
COSMOS 1908;18748;4388.0
COSMOS 1909;18788;72027.0
COSMOS 1910;18789;72130.0
COSMOS 1911;18790;72235.0
COSMOS 1912;18791;72354.0
COSMOS 1913;18792;72412.0
COSMOS 1914;18793;72542.0
METEOR 2-17;18820;88475.0
DMSP 5D-2 F9 (USA 29);18822;93919.0
SAKURA-3A (CS-3A);18877;12372.0
COSMOS 1922;18881;27249.0
STTW-2;18922;13609.0
COSMOS 1924;18937;68887.0
COSMOS 1925;18938;69186.0
COSMOS 1926;18939;69462.0
COSMOS 1927;18940;69747.0
COSMOS 1928;18941;60674.0
COSMOS 1929;18942;70268.0
COSMOS 1930;18943;70513.0
COSMOS 1931;18944;70776.0
MOLNIYA 1-71;18946;27231.0
SPACENET 3R;18951;12061.0
TELECOM 1C;18952;11151.0
COSMOS 1932;18957;87395.0
COSMOS 1933;18958;2590.0
IRS-1A;18960;79759.0
COSMOS 1934;18985;74093.0
GORIZONT 15;19017;11557.0
COSMOS 1937;19038;94229.0
OSCAR 23;19070;79446.0
OSCAR 32;19071;79424.0
COSMOS 1940;19073;11731.0
EKRAN 18;19090;11320.0
COSMOS 1943;19119;91055.0
NSS-513 (INTELSAT 513);19121;11059.0
COSMOS 1946 [GLONASS];19163;28706.0
COSMOS 1947 [GLONASS];19164;28275.0
COSMOS 1948 [GLONASS];19165;28746.0
COSMOS 1950;19195;67394.0
COSMOS 1953;19210;1309.0
METEOSAT-P2;19215;11952.0
PAS 1;19217;14418.0
NOVA 2;19223;78121.0
COSMOS 1954;19256;92983.0
OKEAN-1;19274;98914.0
COSMOS 1959;19324;84864.0
INSAT-1C;19330;11632.0
EUTELSAT 1-F5 (ECS 5);19331;11040.0
METEOR 3-2;19336;76921.0
COSMOS 1961;19344;13499.0
GORIZONT 16;19397;13422.0
OSCAR 25;19419;79771.0
OSCAR 31;19420;79782.0
USA 31;19458;727.0
USA 32;19460;5180.0
FENGYUN 1A;19467;87773.0
GSTAR 3;19483;13057.0
SBS 5;19484;4246.0
COSMOS 1970 [GLONASS];19501;28523.0
COSMOS 1971 [GLONASS];19502;27077.0
COSMOS 1972 [GLONASS];19503;28502.0
SAKURA-3B (CS-3B);19508;13326.0
NOAA 11;19531;89083.0
TDRS 3;19548;12136.0
COSMOS 1974;19554;26815.0
COSMOS 1975;19573;99477.0
RADUGA 22;19596;11763.0
COSMOS 1977;19608;26776.0
TDF 1;19621;12986.0
COSMOS 1980;19649;88259.0
EKRAN 19;19683;12970.0
SKYNET 4B;19687;11417.0
ASTRA 1A;19688;11214.0
STTW-3;19710;12682.0
COSMOS 1987 [GLONASS];19749;28275.0
COSMOS 1988 [GLONASS];19750;28274.0
COSMOS 1989 (ETALON 1);19751;28291.0
GORIZONT 17;19765;13160.0
COSMOS 1992;19769;89938.0
INTELSAT 515;19772;12064.0
COSMOS 1994;19785;67278.0
COSMOS 1995;19786;66984.0
COSMOS 1996;19787;67089.0
COSMOS 1997;19788;67212.0
COSMOS 1998;19789;67339.0
COSMOS 1999;19790;67459.0
NAVSTAR 13 (USA 35);19802;25084.0
MOLNIYA 1-75;19807;26524.0
COSMOS 2004;19826;81356.0
METEOR 2-18;19851;83060.0
JCSAT-1;19874;12480.0
METEOSAT-4 (MOP-1);19876;10904.0
TDRS 4;19883;30410.0
COSMOS 2008;19902;65919.0
COSMOS 2009;19903;65670.0
COSMOS 2010;19904;56806.0
COSMOS 2011;19905;65180.0
COSMOS 2012;19906;64918.0
COSMOS 2013;19907;64649.0
COSMOS 2014;19908;64395.0
COSMOS 2015;19909;64100.0
TELE-X;19919;11323.0
COSMOS 2016;19921;81086.0
RADUGA 23;19928;13083.0
COSMOS 2022 [GLONASS];20024;27979.0
COSMOS 2023 [GLONASS];20025;27967.0
COSMOS 2024 (ETALON 2);20026;27996.0
SUPERBIRD-A;20040;13046.0
DFS 1;20041;12046.0
COSMOS 2026;20045;80420.0
NAVSTAR 14 (USA 38);20061;25422.0
USA 39 (DSP 14);20066;2187.0
RADUGA-1 1;20083;12732.0
NADEZHDA 1;20103;79844.0
GORIZONT 18;20107;13043.0
OLYMPUS;20122;11680.0
COSMOS 2034;20149;79448.0
TVSAT 2;20168;13050.0
HIPPARCOS;20169;26028.0
NAVSTAR 15 (USA 42);20185;24872.0
SIRIUS W (MARCOPOLO 1);20193;11319.0
COSMOS 2037;20196;61608.0
USA 43;20202;2185.0
USA 44;20203;2101.0
HIMAWARI-4 (GMS-4);20217;12863.0
COSMOS 2038;20232;62084.0
COSMOS 2039;20233;64794.0
COSMOS 2040;20234;64310.0
COSMOS 2041;20235;64590.0
COSMOS 2042;20236;76138.0
COSMOS 2043;20237;64429.0
FLTSATCOM 8 (USA 46);20253;25654.0
INTERCOSMOS 24;20261;62894.0
GORIZONT 19;20263;13047.0
MAGION 2;20281;63116.0
NAVSTAR 16 (USA 47);20302;25092.0
METEOR 3-3;20305;69440.0
INTELSAT 602 (IS-602);20315;12735.0
COBE;20322;81843.0
COSMOS 2050;20330;25976.0
USA 48;20355;372.0
NAVSTAR 17 (USA 49);20361;24174.0
RADUGA 24;20367;12895.0
COSMOS 2054;20391;12985.0
SKYNET 4A;20401;4280.0
JCSAT-2;20402;11138.0
LEASAT 5;20410;11443.0
COSMOS 2056;20432;84666.0
SPOT 2;20436;85638.0
UOSAT 3 (UO-14);20437;84424.0
UOSAT 4 (UO-15);20438;84292.0
PACSAT (AO-16);20439;84456.0
DOVE (DO-17);20440;84496.0
WEBERSAT (WO-18);20441;84469.0
LUSAT (LO-19);20442;84509.0
NAVSTAR 18 (USA 50);20452;24883.0
COSMOS 2058;20465;89684.0
STTW-4;20473;12902.0
MOMO-1B (MOS-1B);20478;71642.0
ORIZURU (DEBUT);20479;65220.0
JAS-1B (FO-20);20480;65203.0
RADUGA 25;20499;12889.0
NADEZHDA 2;20508;76564.0
OKEAN-2;20510;89347.0
INTELSAT 603 (IS-603);20523;12137.0
COSMOS 2061;20527;75990.0
NAVSTAR 19 (USA 54);20533;24737.0
COSMOS 2063;20536;25627.0
USA 55;20547;93969.0
COSMOS 2064;20549;59819.0
COSMOS 2065;20550;60066.0
COSMOS 2066;20551;61412.0
COSMOS 2067;20552;61213.0
COSMOS 2068;20553;60969.0
COSMOS 2069;20554;60749.0
COSMOS 2070;20555;60528.0
COSMOS 2071;20556;60287.0
ASIASAT 1;20558;4223.0
USA 56;20560;5359.0
USA 57;20561;5625.0
USA 58;20562;5463.0
NEWSAT-1 (PALAPA B2R);20570;4230.0
COSMOS 2074;20577;75899.0
HST;20580;72726.0
COSMOS 2076;20596;25670.0
MACSAT 1 (M 1);20607;85537.0
MACSAT 2 (M 2);20608;87942.0
COSMOS 2079 [GLONASS];20619;27222.0
COSMOS 2080 [GLONASS];20620;27229.0
COSMOS 2081 [GLONASS];20621;27207.0
COSMOS 2082;20624;80508.0
USA 59;20641;2207.0
INSAT-1D;20643;11473.0
GORIZONT 20;20659;12767.0
COSMOS 2084;20663;89106.0
INTELSAT 604 (IS-604);20667;4252.0
METEOR 2-19;20670;76221.0
USA 60;20682;4930.0
USA 61;20691;5183.0
USA 62;20692;5023.0
COSMOS 2085;20693;12748.0
TDF 2;20705;12861.0
DFS 2;20706;11893.0
COSMOS 2087;20707;25478.0
CRRES;20712;29969.0
COSMOS 2088;20720;57547.0
NAVSTAR 20 (USA 63);20724;24240.0
COSMOS 2090;20735;60556.0
COSMOS 2091;20736;60208.0
COSMOS 2092;20737;60278.0
COSMOS 2093;20738;60403.0
COSMOS 2094;20739;60462.0
COSMOS 2095;20740;60660.0
THOR I (MARCOPOLO 2);20762;4223.0
YURI-3A (BS-3A);20771;13161.0
COSMOS 2098;20774;71698.0
SKYNET 4C;20776;12687.0
EUTELSAT 2-F1;20777;10678.0
FENGYUN 1B;20788;77541.0
COSMOS 2100;20804;73825.0
METEOR 2-20;20826;74891.0
NAVSTAR 21 (USA 64);20830;24524.0
SBS-6;20872;4212.0
GALAXY 6 (G-6);20873;4245.0
INMARSAT 2-F1;20918;4355.0
GORIZONT 21;20923;12643.0
USA 65 (DSP 15);20929;2152.0
SATCOM C1;20945;12301.0
GSTAR 4;20946;12032.0
GORIZONT 22;20953;12635.0
NAVSTAR 22 (USA 66);20959;24828.0
DMSP 5D-2 F10 (USA 68);20978;80490.0
COSMOS 2109 [GLONASS];21006;26794.0
COSMOS 2110 [GLONASS];21007;26792.0
COSMOS 2111 [GLONASS];21008;26785.0
COSMOS 2112;21014;80018.0
RADUGA 26;21016;12624.0
COSMOS 2114;21028;58487.0
COSMOS 2115;21029;58585.0
COSMOS 2116;21030;58708.0
COSMOS 2117;21031;58766.0
COSMOS 2118;21032;58830.0
COSMOS 2119;21033;58936.0
RADUGA-1 2;21038;4332.0
NATO 4A;21047;12418.0
ITALSAT 1;21055;11307.0
EUTELSAT 2-F2;21056;11225.0
INFORMATOR 1 & RS-14;21087;72051.0
COSMOS 2123 & RS-12/13;21089;71891.0
COSMOS 2125;21100;56269.0
COSMOS 2126;21101;55783.0
COSMOS 2127;21102;56046.0
COSMOS 2128;21103;56514.0
COSMOS 2129;21104;56736.0
COSMOS 2130;21105;57164.0
COSMOS 2131;21106;57385.0
COSMOS 2132;21107;56956.0
COSMOS 2133;21111;12542.0
MOLNIYA 1-80;21118;25273.0
COSMOS 2135;21130;72108.0
RADUGA 27;21132;12529.0
ASTRA 1B;21139;11233.0
METEOSAT-5 (MOP-2);21140;12626.0
INMARSAT 2-F2;21149;3949.0
NADEZHDA 3;21152;71346.0
MOLNIYA 3-40;21196;25117.0
COSMOS 2139 [GLONASS];21216;26531.0
COSMOS 2140 [GLONASS];21217;26537.0
COSMOS 2141 [GLONASS];21218;26538.0
ANIK E2;21222;11309.0
SPACENET 4 (ASC 2);21227;12238.0
COSMOS 2142;21230;70740.0
METEOR 3-4;21232;63643.0
NOAA 12;21263;76819.0
COSMOS 2143;21299;56800.0
COSMOS 2144;21300;56630.0
COSMOS 2145;21301;56725.0
COSMOS 2146;21302;56872.0
COSMOS 2147;21303;56973.0
COSMOS 2148;21304;57044.0
AURORA 2;21392;12276.0
OKEAN-3;21397;84094.0
COSMOS 2150;21418;77167.0
COSMOS 2151;21422;83931.0
MOLNIYA 1-81;21426;24840.0
REX 1;21527;75815.0
GORIZONT 23;21533;4273.0
NAVSTAR 23 (USA 71);21552;24367.0
ERS-1;21574;77249.0
UOSAT 5 (UO-22);21575;77685.0
ORBCOMM-X;21576;77728.0
TUBSAT A;21577;77573.0
SARA;21578;78821.0
TDRS 5;21639;12369.0
INTELSAT 605 (IS-605);21653;12295.0
METEOR 3-5;21655;62187.0
COSMOS 2154;21666;69021.0
YURI-3B (BS-3B);21668;12535.0
IRS-1B;21688;61256.0
COSMOS 2155;21702;12332.0
MOLNIYA 3-41;21706;24851.0
ANIK E1;21726;11332.0
COSMOS 2157;21728;55015.0
COSMOS 2158;21729;55112.0
COSMOS 2159;21730;55357.0
COSMOS 2160;21731;55219.0
COSMOS 2161;21732;55289.0
COSMOS 2162;21733;54941.0
GORIZONT 24;21759;12101.0
INTELSAT 601 (IS-601);21765;12237.0
USA 72;21775;1987.0
COSMOS 2165;21779;54639.0
COSMOS 2166;21780;54489.0
COSMOS 2167;21781;54534.0
COSMOS 2168;21782;54745.0
COSMOS 2169;21783;54812.0
COSMOS 2170;21784;54388.0
COSMOS 2172;21789;4334.0
COSMOS 2173;21796;67936.0
DMSP 5D-2 F11 (USA 73);21798;72841.0
USA 74;21799;4920.0
EUTELSAT 2-F3;21803;11758.0
USA 75 (DSP 16);21805;2173.0
USA 76;21808;5168.0
USA 77;21809;4999.0
TELECOM 2A;21813;12012.0
INMARSAT 2-F3;21814;11932.0
INTERCOSMOS 25;21819;46026.0
RADUGA 28;21821;12230.0
STTW-5;21833;35004.0
MAGION 3;21835;46473.0
COSMOS 2177 [GLONASS];21853;25901.0
COSMOS 2178 [GLONASS];21854;25906.0
COSMOS 2179 [GLONASS];21855;25880.0
USA 78;21873;2122.0
COSMOS 2180;21875;66613.0
NAVSTAR 24 (USA 79);21890;23856.0
SUPERBIRD-B1;21893;12034.0
INSAT-2DT (ARABSAT-1C);21894;12029.0
COSMOS 2181;21902;66140.0
GALAXY 5 (G-5);21906;4226.0
GORIZONT 25;21922;12093.0
NAVSTAR 25 (USA 80);21930;23385.0
COSMOS 2184;21937;65739.0
TELECOM 2B;21939;11340.0
INMARSAT 2-F4;21940;4672.0
USA 81;21949;5173.0
PALAPA B4;21964;4317.0
COSMOS 2187;21976;50999.0
COSMOS 2188;21977;51247.0
COSMOS 2189;21978;50822.0
COSMOS 2190;21979;50583.0
COSMOS 2191;21980;49635.0
COSMOS 2192;21981;49922.0
COSMOS 2193;21982;50397.0
COSMOS 2194;21983;50130.0
NSS-101 (INTELSAT 101);21989;12859.0
COSMOS 2195;22006;64911.0
USA 82;22009;2118.0
NAVSTAR 26 (USA 83);22014;6773.0
INSAT-2A;22027;12003.0
EUTELSAT 2-F4;22028;4278.0
COSMOS 2197;22034;51471.0
COSMOS 2198;22035;51288.0
COSMOS 2199;22036;51074.0
COSMOS 2200;22037;51392.0
COSMOS 2201;22038;51211.0
COSMOS 2202;22039;51316.0
GORIZONT 26;22041;11952.0
GEOTAIL;22049;1500.0
COSMOS 2206 [GLONASS];22056;25506.0
COSMOS 2204 [GLONASS];22057;25494.0
COSMOS 2205 [GLONASS];22058;25492.0
TOPEX/POSEIDON;22076;53219.0
KITSAT A (KO-23);22077;53820.0
S80/T;22078;53872.0
COSMOS 2208;22080;70972.0
OPTUS B1 (AUSSAT B1);22087;13073.0
SATCOM C4;22096;12094.0
NAVSTAR 27 (USA 84);22108;23550.0
COSMOS 2209;22112;11960.0
HISPASAT 1A;22116;11551.0
SATCOM C3;22117;11787.0
FREJA;22161;58061.0
HELLAS-SAT 1 (DFS 3);22175;11655.0
MOLNIYA 3-42;22178;10339.0
COSMOS 2211;22182;50217.0
COSMOS 2212;22183;50102.0
COSMOS 2213;22184;50066.0
COSMOS 2214;22185;49916.0
COSMOS 2215;22186;49841.0
COSMOS 2216;22187;50036.0
LAGEOS 2;22195;76948.0
GALAXY 7 (G-7);22205;11288.0
COSMOS 2218;22207;63001.0
EKRAN 20;22210;4335.0
COSMOS 2219;22219;67619.0
NAVSTAR 28 (USA 85);22231;5455.0
COSMOS 2221;22236;73584.0
GORIZONT 27;22245;12310.0
SUPERBIRD-A1;22253;11784.0
COSMOS 2224;22269;11807.0
NAVSTAR 29 (USA 87);22275;22934.0
COSMOS 2226;22282;46753.0
COSMOS 2227;22284;67056.0
COSMOS 2228;22286;73106.0
COSMOS 2230;22307;61210.0
TDRS 6;22314;11836.0
COSMOS 2232;22321;23636.0
NAVSTAR 30 (USA 88);22446;22643.0
COSMOS 2233;22487;61531.0
OXP 1;22489;70362.0
SCD 1;22490;70355.0
COSMOS 2234 [GLONASS];22512;25059.0
COSMOS 2236 [GLONASS];22513;25083.0
COSMOS 2235 [GLONASS];22514;25072.0
RADUGA 29;22557;11766.0
START 1;22561;66694.0
UFO 1 (USA 98);22563;12072.0
COSMOS 2237;22565;65683.0
NAVSTAR 31 (USA 90);22581;8159.0
COSMOS 2239;22590;61175.0
COSMOS 2242;22626;73539.0
ALEXIS;22638;5284.0
COSMOS 2245;22646;47648.0
COSMOS 2246;22647;47622.0
COSMOS 2247;22648;47551.0
COSMOS 2248;22649;47586.0
COSMOS 2249;22650;47547.0
COSMOS 2250;22651;47547.0
ASTRA 1C;22653;4713.0
ARSENE (AO-24);22654;16172.0
NAVSTAR 32 (USA 91);22657;22638.0
MOLNIYA 1-86;22671;41202.0
COSMOS 2251;22675;66709.0
COSMOS 2252;22687;47030.0
COSMOS 2253;22688;46831.0
COSMOS 2254;22689;47221.0
COSMOS 2255;22690;47066.0
COSMOS 2256;22691;47125.0
COSMOS 2257;22692;46961.0
HGS-4 (GALAXY 4);22694;11498.0
RADCAL;22698;65522.0
NAVSTAR 33 (USA 92);22700;22952.0
USA 93;22719;2122.0
HISPASAT 1B;22723;11584.0
INSAT-2B;22724;11658.0
NOAA 13;22739;63682.0
NAVSTAR 34 (USA 94);22779;22839.0
METEOR 2-21;22782;60067.0
TEMISAT;22783;60034.0
UFO 2 (USA 95);22787;11453.0
ACTS;22796;12288.0
COSMOS 2263;22802;63275.0
SPOT 3;22823;63776.0
STELLA;22824;64767.0
EYESAT A (AO-27);22825;64975.0
ITAMSAT (IO-26);22826;65005.0
HEALTHSAT 1;22827;65105.0
KITSAT B (KO-25);22828;61853.0
POSAT 1;22829;65074.0
RADUGA 30;22836;4198.0
INTELSAT 701 (IS-701);22871;11512.0
NAVSTAR 35 (USA 96);22877;22890.0
GORIZONT 28;22880;11514.0
COSMOS 2266;22888;57902.0
GORIZONT 29;22907;11519.0
SOLIDARIDAD 1;22911;11390.0
METEOSAT-6 (MOP-3);22912;11303.0
USA 97;22915;2095.0
NATO 4B;22921;11454.0
TELSTAR 401;22927;11455.0
DIRECTV 1 (DBS 1);22930;12204.0
THAICOM 1;22931;4218.0
MOLNIYA 1-87;22949;9638.0
GALS 1;22963;11469.0
METEOR 3-6;22969;50454.0
TUBSAT B;22971;50467.0
VEP;22979;25723.0
RADUGA-1 3;22981;11446.0
USA 99 (MILSTAR-1 1);22988;2893.0
SJ-4;22996;42880.0
COSMOS 2268;22999;43828.0
COSMOS 2269;23000;43916.0
COSMOS 2270;23001;44013.0
COSMOS 2271;23002;44115.0
COSMOS 2272;23003;44180.0
COSMOS 2273;23004;44022.0
RADUGA 31;23010;11433.0
GALAXY 1R (G-1R);23016;4221.0
NAVSTAR 36 (USA 100);23027;22564.0
COSMOS 2276 [GLONASS];23043;24196.0
COSMOS 2277 [GLONASS];23044;24184.0
COSMOS 2275 [GLONASS];23045;24168.0
GOES 8;23051;12016.0
COSMOS 2278;23087;60228.0
COSMOS 2279;23092;55921.0
STEP 2;23105;66029.0
GORIZONT 30;23108;11344.0
INTELSAT 702 (IS-702);23124;12691.0
STRV 1A;23125;32050.0
UFO 3 (USA 104);23132;12768.0
COSMOS 2282;23168;11298.0
INTELSAT 2 (IS-2);23175;11167.0
BS-3N;23176;9831.0
NADEZHDA 4;23179;54844.0
APSTAR-1;23185;4108.0
COSMOS 2285;23189;54182.0
DIRECTV 2 (DBS 2);23192;12171.0
COSMOS 2286;23194;22541.0
BRASILSAT B1;23199;12298.0
TURKSAT 1B;23200;11133.0
COSMOS 2287 [GLONASS];23203;23931.0
COSMOS 2289 [GLONASS];23204;23934.0
COSMOS 2288 [GLONASS];23205;23935.0
OPTUS B3;23227;11196.0
KIKU-6 (ETS-VI);23230;18755.0
DMSP 5D-2 F12 (USA 106);23233;58559.0
COSMOS 2291;23267;11221.0
COSMOS 2292;23278;50321.0
NSS-703;23305;11174.0
SOLIDARIDAD 2;23313;11137.0
THAICOM 2;23314;11165.0
OKEAN-4;23317;65547.0
EXPRESS 1;23319;11157.0
IRS-P2;23323;58831.0
ELEKTRO (GOMS 1);23327;11185.0
ASTRA 1D;23331;11197.0
RESURS O1;23342;64449.0
COSMOS 2295 [GLONASS];23396;23694.0
COSMOS 2296 [GLONASS];23397;23692.0
COSMOS 2294 [GLONASS];23398;23714.0
COSMOS 2297;23404;57197.0
GEO-IK 1;23411;37941.0
TELSTAR 11 (ORION 1);23413;11000.0
DFH 3-1;23415;13161.0
MOLNIYA 1-88;23420;14916.0
LUCH;23426;11123.0
COSMOS 2298;23431;58652.0
USA 107 (DSP 17);23435;2884.0
RADIO ROSTO (RS-15);23439;25076.0
COSMOS 2299;23441;40114.0
COSMOS 2300;23442;40004.0
COSMOS 2301;23443;39938.0
COSMOS 2302;23444;39836.0
COSMOS 2303;23445;39753.0
COSMOS 2304;23446;39919.0
RADUGA 32;23448;12886.0
NOAA 14;23455;56661.0
INTELSAT 704 (IS-704);23461;11050.0
TSIKADA;23463;51739.0
ASTRID 1;23464;51760.0
FAISAT;23465;51696.0
UFO 4 (USA 108);23467;11093.0
COSMOS 2307 [GLONASS];23511;23466.0
COSMOS 2308 [GLONASS];23512;23488.0
COSMOS 2309 [GLONASS];23513;23469.0
HIMAWARI-5 (GMS-5);23522;10961.0
COSMOS 2310;23526;50902.0
INTELSAT 705 (IS-705);23528;10957.0
DMSP 5D-2 F13 (USA 109);23533;55651.0
BRASILSAT B2;23536;11011.0
HOT BIRD 1;23537;10973.0
ORBCOMM FM01;23545;60765.0
ORBCOMM FM02;23546;60685.0
ORBVIEW 1 (MICROLAB);23547;59994.0
AMSC 1;23553;11012.0
INTELSAT 706 (IS-706);23571;10935.0
GOES 9;23581;10880.0
UFO 5 (USA 111);23589;10904.0
DIRECTV 3 (DBS 3);23598;10879.0
COSMOS 2315;23603;49599.0
CERISE;23606;61908.0
UPM/LBSAT;23607;60659.0
TDRS 7;23613;10913.0
COSMOS 2316 [GLONASS];23620;23190.0
COSMOS 2317 [GLONASS];23621;23169.0
COSMOS 2318 [GLONASS];23622;23165.0
USA 113;23628;2880.0
INTELSAT 4 (IS-4);23636;10725.0
KOREASAT 1;23639;10853.0
MOLNIYA 3-47;23642;21842.0
JCSAT-3;23649;6568.0
N-STAR A;23651;10794.0
COSMOS 2319;23653;10877.0
SICH-1;23657;60622.0
TELSTAR 4 (TELSTAR 402R);23670;10848.0
LUCH-1;23680;10833.0
ASTRA 1E;23686;10781.0
UFO 6 (USA 114);23696;10787.0
COSMOS 2322;23704;52351.0
RADARSAT-1;23710;54134.0
SURFSAT;23711;41437.0
USA 115 (MILSTAR-1 2);23712;2887.0
ISO;23715;10959.0
GALS 2;23717;10762.0
AMOS-5I;23723;10734.0
TELECOM 2C;23730;10653.0
INSAT-2C;23731;10741.0
COSMOS 2325 [GLONASS];23734;22885.0
COSMOS 2324 [GLONASS];23735;22892.0
COSMOS 2323 [GLONASS];23736;22860.0
GALAXY 3R (G-3R);23741;10779.0
IRS-1C;23751;52462.0
SKIPPER;23752;52828.0
ECHOSTAR 1;23754;4803.0
INTELSAT 3R (IS-3R);23764;10681.0
AFRICASAT-1 (MEASAT-1);23765;10687.0
ABS-1A;23768;10717.0
COSMOS 2327;23773;47063.0
GORIZONT 31;23775;10703.0
PAKSAT 1 (ANATOLIA 1);23779;10684.0
N-STAR B;23781;10646.0
GONETS-D1 1;23787;34876.0
GONETS-D1 2;23788;34780.0
GONETS-D1 3;23789;34713.0
COSMOS 2328;23790;34696.0
COSMOS 2329;23791;34620.0
COSMOS 2330;23792;34517.0
POLAR;23802;13965.0
REX 2;23814;51643.0
INTELSAT 707 (IS-707);23816;10600.0
IRS-P3;23827;51289.0
NAVSTAR 37 (USA 117);23833;7494.0
INMARSAT 3-F1;23839;10624.0
ASTRA 1F;23842;4813.0
MSAT M1;23846;10615.0
MSX;23851;48239.0
PALAPA C2;23864;10574.0
INTELSAT 24 (IS-24);23865;10468.0
GALAXY 9 (G-9);23877;10571.0
GORIZONT 32;23880;10601.0
USA 119;23893;5140.0
USA 120;23907;4982.0
USA 121;23908;4949.0
INTELSAT 709 (IS-709);23915;10543.0
USA 124;23937;5351.0
TOMS EP;23940;53363.0
APSTAR-1A;23943;3866.0
ARABSAT-2A;23948;10488.0
TURKSAT 1C;23949;10566.0
NAVSTAR 38 (USA 126);23953;20720.0
UFO 7 (USA 127);23967;10546.0
ITALSAT 2;24208;10561.0
TELECOM 2D;24209;10460.0
MIDORI (ADEOS);24277;49869.0
JAS-2 (FO-29);24278;41931.0
ZHONGXING-7;24282;11444.0
FAST;24285;18543.0
MAGION 5;24292;43461.0
INTERBALL AURORA;24293;43470.0
COSMOS 2333;24297;48007.0
COSMOS 2334;24304;43768.0
UNAMSAT-2 (MO-30);24305;43824.0
INMARSAT 3-F2;24307;10491.0
ECHOSTAR 2;24313;10504.0
AMC-1 (GE-1);24315;4225.0
NAVSTAR 39 (USA 128);24320;20302.0
EXPRESS 2;24435;10484.0
ARABSAT-2B;24652;10447.0
AFRICASAT-2 (MEASAT-2);24653;10418.0
EUTELSAT 48A;24665;10411.0
INMARSAT 3-F3;24674;10390.0
COSMOS 2336;24677;42144.0
AMC-2 (GE-2);24713;5418.0
NAHUEL 1A;24714;10306.0
HALCA (MUSES-B);24720;39425.0
COSMOS 2337;24725;29940.0
COSMOS 2338;24726;30036.0
COSMOS 2339;24727;30139.0
GONETS-D1 4;24728;30291.0
GONETS-D1 5;24729;30191.0
GONETS-D1 6;24730;30142.0
INTELSAT 26 (IS-26);24732;10308.0
USA 130 (DSP 18);24737;1484.0
INTELSAT 801 (IS-801);24742;10270.0
DIRECTV 6 (TEMPO 2);24748;10251.0
DMSP 5D-2 F14 (USA 131);24753;45190.0
COSMOS 2340;24761;20580.0
THAICOM 3;24768;10198.0
BSAT-1A;24769;4283.0
COSMOS 2341;24772;60420.0
GOES 10;24786;10209.0
IRIDIUM 7;24793;46681.0
IRIDIUM 5;24795;48019.0
IRIDIUM 4;24796;46747.0
DFH 3-2;24798;10250.0
COSMOS 2342;24800;20440.0
THOR II;24808;4210.0
GALAXY 25 (G-25);24812;10225.0
INMARSAT 3-F4;24819;10207.0
INSAT-2D;24820;4530.0
COSMOS 2344;24827;13019.0
FENGYUN 2A;24834;9955.0
IRIDIUM 914;24836;46414.0
IRIDIUM 16;24841;46191.0
IRIDIUM 911;24842;46995.0
INTELSAT 802 (IS-802);24846;10100.0
IRIDIUM 17;24870;45850.0
IRIDIUM 920;24871;46180.0
NAVSTAR 43 (USA 132);24876;20392.0
SUPERBIRD-A3;24880;6089.0
ORBVIEW 2 (SEASTAR);24883;46529.0
PAS 6;24891;7315.0
COSMOS 2345;24894;10161.0
ABS-3;24901;10125.0
IRIDIUM 26;24903;45168.0
IRIDIUM 22;24907;45172.0
INTELSAT 5 (IS-5);24916;10157.0
FORTE;24920;44181.0
DUMMY MASS 1;24925;50015.0
DUMMY MASS 2;24926;49964.0
EUTELSAT W75;24931;10257.0
METEOSAT-7;24932;10080.0
AMC-3;24936;10143.0
IRIDIUM 29;24944;44819.0
IRIDIUM 33;24946;44766.0
IRIDIUM 28;24948;44876.0
COSMOS 2346;24953;39117.0
FAISAT 2V;24954;39181.0
NSS-5;24957;10098.0
MOLNIYA 1-90;24960;24179.0
IRIDIUM 36;24967;44719.0
IRS-1D;24971;44523.0
ECHOSTAR 3;25004;10064.0
APSTAR-2R (TELSTAR 10);25010;10050.0
USA 134;25019;2758.0
MAQSAT H;25023;31143.0
MAQSAT B;25024;31080.0
TEAMSAT;25025;12278.0
NAVSTAR 44 (USA 135);25030;19914.0
IRIDIUM 39;25042;44384.0
IRIDIUM 38;25043;44087.0
KUPON;25045;10062.0
ASTRA 5A (SIRIUS 2);25049;10014.0
INDOSTAR 1;25050;10078.0
JCSAT-1B;25067;10288.0
EQUATOR S;25068;10812.0
ASTRA 1G;25071;10040.0
IRIDIUM 42;25077;43612.0
IRIDIUM 44;25078;43864.0
GALAXY 8 (G-8);25086;9993.0
IRIDIUM 45;25104;44667.0
IRIDIUM 24;25105;43813.0
INTELSAT 804 (IS-804);25110;10031.0
ORBCOMM FM08;25112;43625.0
ORBCOMM FM10;25113;43646.0
ORBCOMM FM11;25114;43632.0
ORBCOMM FM12;25115;43643.0
ORBCOMM FM09;25116;43636.0
ORBCOMM FM05;25117;43549.0
ORBCOMM FM06;25118;43641.0
ORBCOMM FM07;25119;43636.0
HGS 1 (ASIASAT 3);25126;10111.0
SKYNET 4D;25134;9946.0
BRASILSAT B3;25152;3923.0
INMARSAT 3-F5;25153;9987.0
GFO;25157;46424.0
ORBCOMM FM03;25158;41914.0
ORBCOMM FM04;25159;41929.0
CELESTIS-02 & TAURUS R/B;25160;41386.0
GLOBALSTAR M001;25162;23932.0
GLOBALSTAR M004;25163;25721.0
GLOBALSTAR M002;25164;17995.0
GLOBALSTAR M003;25165;22893.0
KAKEHASHI (COMETS);25175;44525.0
EUTELSAT 16B;25237;3628.0
NSS-806;25239;4300.0
UFO 8 (USA 138);25258;9984.0
SPOT 4;25260;42135.0
IRIDIUM 51;25262;44160.0
IRIDIUM 57;25273;41970.0
TRACE;25280;48853.0
IRIDIUM 63;25286;41905.0
GLOBALSTAR M014;25306;18704.0
GLOBALSTAR M006;25307;21271.0
GLOBALSTAR M015;25308;19002.0
GLOBALSTAR M008;25309;23383.0
NILESAT 101;25311;4644.0
BSAT-1B;25312;4218.0
COSMOS 2350;25315;9899.0
IRIDIUM 69;25319;41797.0
IRIDIUM 71;25320;41880.0
COSMOS 2351;25327;19793.0
ECHOSTAR 4;25331;9838.0
NOAA 15;25338;40449.0
IRIDIUM 73;25344;42544.0
ZHONGXING-5A;25354;4197.0
THOR III;25358;9838.0
COSMOS 2352;25363;19846.0
COSMOS 2353;25364;20012.0
COSMOS 2354;25365;19920.0
COSMOS 2355;25366;20016.0
COSMOS 2356;25367;20069.0
COSMOS 2357;25368;20166.0
INTELSAT 805 (IS-805);25371;9839.0
RESURS O1-N4;25394;39531.0
FASAT B;25395;39577.0
TMSAT-1 (TO-31);25396;39496.0
TECHSAT 1B (GO-32);25397;39457.0
WESTPAC;25398;39400.0
SAFIR 2;25399;39537.0
ZHONGXING-5B;25404;9793.0
COSMOS 2360;25406;38151.0
ORBCOMM FM17;25413;39809.0
ORBCOMM FM18;25414;39917.0
ORBCOMM FM19;25415;39934.0
ORBCOMM FM20;25416;39918.0
ORBCOMM FM16;25417;39943.0
ORBCOMM FM15;25418;39917.0
ORBCOMM FM14;25419;39937.0
ORBCOMM FM13;25420;39814.0
ST-1;25460;4111.0
ASTRA 2A;25462;4232.0
IRIDIUM 82;25467;41856.0
INTELSAT 7 (IS-7);25473;9669.0
ORBCOMM FM21;25475;39216.0
ORBCOMM FM22;25476;39259.0
ORBCOMM FM23;25477;39267.0
ORBCOMM FM24;25478;39236.0
ORBCOMM FM25;25479;39270.0
ORBCOMM FM26;25480;39271.0
ORBCOMM FM27;25481;39259.0
ORBCOMM FM28;25482;39347.0
MOLNIYA 1-91;25485;20344.0
STEX;25489;40524.0
EUTELSAT W2;25491;9690.0
SIRIUS 3;25492;9715.0
EUTELSAT 4B;25495;9651.0
UFO 9 (USA 140);25501;9588.0
MAQSAT 3 & ARIANE 5 R/B;25503;21795.0
SCD 2;25504;40273.0
SEDSAT 1 (SO-33);25509;38833.0
AFRISTAR;25515;9658.0
AMC-5 (GE-5);25516;9684.0
PAN SAT (PO-34);25520;47791.0
INTELSAT 8 (IS-8);25522;4100.0
ISS (ZARYA);25544;50973.0
BONUM-1;25546;9657.0
EUTELSAT 115 WEST A;25558;9650.0
SWAS;25560;43723.0
NADEZHDA 5;25567;32303.0
ASTRID 2;25568;32304.0
INTELSAT 6B (IS-6B);25585;9601.0
COSMOS 2361;25590;32209.0
COSMOS 2364 [GLONASS];25593;20511.0
COSMOS 2363 [GLONASS];25594;20521.0
COSMOS 2362 [GLONASS];25595;20514.0
USA 141 (ATEX);25615;31613.0
GLOBALSTAR M023;25621;21126.0
GLOBALSTAR M040;25622;21079.0
GLOBALSTAR M036;25623;17479.0
GLOBALSTAR M038;25624;19801.0
GALAXY 26 (G-26);25626;4002.0
JCSAT-4A;25630;1224.0
ARGOS;25634;35802.0
ORSTED;25635;38390.0
SUNSAT (SO-35);25636;38167.0
BADR-3 (ARABSAT-3A);25638;9598.0
SKYNET 4E;25639;4716.0
RADUGA-1 4;25642;9596.0
GLOBALSTAR M022;25649;17213.0
GLOBALSTAR M041;25650;17404.0
GLOBALSTAR M046;25651;17939.0
GLOBALSTAR M037;25652;20681.0
ASIASAT 3S;25657;9562.0
SEA LAUNCH DEMO;25661;21317.0
INSAT-2E (APR-1);25666;4744.0
USA 142 (DSP 19);25669;885.0
EUTELSAT 48C;25673;3761.0
GLOBALSTAR M045;25676;18906.0
GLOBALSTAR M019;25677;18081.0
GLOBALSTAR M044;25678;16714.0
GLOBALSTAR M042;25679;18105.0
LANDSAT 7;25682;38730.0
UOSAT 12 (UO-36);25693;40745.0
USA 143 (MILSTAR-2 1);25724;3476.0
ORION 3;25727;2715.0
FENGYUN 1C;25730;34129.0
SJ-5;25731;33879.0
MUBLCOM;25736;37169.0
NIMIQ 1;25740;9482.0
KITSAT 3;25756;37700.0
DLR-TUBSAT;25757;37514.0
IRS-P4 (OCEANSAT-1);25758;37593.0
GLOBALSTAR M025;25770;47771.0
GLOBALSTAR M049;25771;11349.0
GLOBALSTAR M047;25772;46710.0
GLOBALSTAR M052;25773;47458.0
ASTRA 1H;25785;4713.0
QUIKSCAT;25789;35446.0
FUSE 1;25791;36601.0
MOLNIYA 3-50;25847;18937.0
GLOBALSTAR M035;25851;9230.0
GLOBALSTAR M032;25852;13083.0
GLOBALSTAR M051;25853;12840.0
GLOBALSTAR M030;25854;14596.0
OKEAN-O;25860;38989.0
CXO;25867;2697.0
GLOBALSTAR M048;25872;12098.0
GLOBALSTAR M026;25873;14455.0
GLOBALSTAR M043;25874;11889.0
GLOBALSTAR M028;25875;18582.0
TELKOM 1;25880;9437.0
GLOBALSTAR M024;25883;11094.0
GLOBALSTAR M027;25884;13733.0
GLOBALSTAR M054;25885;11539.0
GLOBALSTAR M053;25886;11545.0
COSMOS 2366;25892;28999.0
ABS-7;25894;9307.0
YAMAL 101;25896;9380.0
YAMAL 102;25897;9398.0
GLOBALSTAR M058;25907;14857.0
GLOBALSTAR M050;25908;14393.0
GLOBALSTAR M033;25909;16417.0
GLOBALSTAR M055;25910;16416.0
ECHOSTAR 5;25913;9291.0
IKONOS 2;25919;37905.0
GALAXY 27 (G-27);25922;9346.0
ABS-6;25924;9382.0
NAVSTAR 46 (USA 145);25933;18753.0
DIRECTV 1R;25937;9322.0
CBERS 1 (ZY 1A);25940;34003.0
SACI 1;25941;35445.0
GLOBALSTAR M057;25943;16260.0
GLOBALSTAR M059;25944;56980.0
GLOBALSTAR M056;25945;15837.0
GLOBALSTAR M031;25946;16025.0
TELSTAR 12 (ORION 2);25949;9322.0
AMC-4 (GE-4);25954;3944.0
GLOBALSTAR M039;25961;17576.0
GLOBALSTAR M034;25962;13423.0
GLOBALSTAR M029;25963;16485.0
GLOBALSTAR M061;25964;11702.0
UFO 10 (USA 146);25967;9332.0
HELIOS 1B;25977;37190.0
CLEMENTINE;25978;64728.0
ORBCOMM FM30;25980;32986.0
ORBCOMM FM31;25981;32991.0
ORBCOMM FM32;25982;32950.0
ORBCOMM FM33;25983;33109.0
ORBCOMM FM36;25984;32931.0
ORBCOMM FM35;25985;32992.0
ORBCOMM FM34;25986;32980.0
XMM-NEWTON;25989;2100.0
DMSP 5D-3 F15 (USA 147);25991;31395.0
TERRA;25994;35132.0
ARIRANG-1 (KOMPSAT-1);26032;36011.0
ACRIMSAT;26033;35425.0
GALAXY 11 (G-11);26038;9304.0
COSMOS 2368;26042;18586.0
USA 148;26052;2888.0
GALAXY 10R (G-10R);26056;9233.0
ZHONGXING-22;26058;4208.0
JAWSAT (WO-39);26061;32910.0
OPAL (OO-38);26063;32575.0
FALCONSAT;26064;32526.0
ASUSAT (AO-37);26065;32602.0
COSMOS 2369;26069;56738.0
HISPASAT 1C;26071;4332.0
PICOSAT 1 & 2 [TETHERED];26080;32892.0
GLOBALSTAR M063;26081;15339.0
GLOBALSTAR M062;26082;15476.0
GLOBALSTAR M060;26083;14805.0
GLOBALSTAR M064;26084;16300.0
DUMSAT;26086;37830.0
GARUDA 1;26089;3766.0
PICOSAT 3;26091;33206.0
PICOSAT 4;26092;32838.0
PICOSAT 5;26093;33387.0
PICOSAT 6;26094;32732.0
SUPERBIRD-B2;26095;4081.0
EXPRESS-A2;26098;9143.0
CLUSTER 2 & FREGAT R/B;26106;41980.0
ASIASTAR;26107;9190.0
INSAT-3B;26108;4743.0
IMAGE;26113;15474.0
EUTELSAT 16C;26243;9142.0
GALAXY 4R (G-4R);26298;9162.0
GOES 11;26352;4850.0
USA 149 (DSP 20);26356;2889.0
NAVSTAR 47 (USA 150);26360;18324.0
SIMSAT 1;26365;38131.0
SIMSAT 2;26366;38208.0
EUTELSAT 80A;26369;9118.0
GORIZONT 33;26372;9141.0
TSX-5;26374;26434.0
EXPRESS-A3;26378;9026.0
FENGYUN 2B;26382;9091.0
NADEZHDA 6;26384;33016.0
TZINGHUA 1;26385;32816.0
SNAP 1;26386;58948.0
TDRS 8;26388;9115.0
SIRIUS-1;26390;6553.0
COSMOS 2371;26394;9102.0
ECHOSTAR 6;26402;9054.0
NAVSTAR 48 (USA 151);26407;18190.0
CLUSTER II-FM7 (SAMBA);26410;1851.0
INTELSAT 9 (IS-9);26451;9083.0
CLUSTER II-FM5 (RUMBA);26463;3079.0
CLUSTER II-FM8 (TANGO);26464;1852.0
BRASILSAT B4;26469;9046.0
NILESAT 102;26470;4062.0
RADUGA-1 5;26477;9040.0
SIRIUS-2;26483;6178.0
EUROBIRD 4A;26487;8924.0
ASTRA 2B;26494;4267.0
AMC-7 (GE-7);26495;8999.0
NOAA 16;26536;56715.0
SAUDISAT 1A (SO-41);26545;33320.0
MEGSAT-1;26546;33757.0
UNISAT;26547;33617.0
TIUNGSAT-1 (MO-46);26548;33617.0
SAUDISAT 1B (SO-42);26549;33223.0
NSS-11;26554;3727.0
N-SAT-110 (JCSAT-110);26559;8985.0
COSMOS 2375 [GLONASS];26564;19123.0
COSMOS 2376 [GLONASS];26565;19125.0
COSMOS 2374 [GLONASS];26566;19122.0
USA 153;26575;2891.0
THURAYA-1;26578;8919.0
AMC-6;26580;8987.0
INTELSAT 12 (IS-12);26590;4752.0
CHINASAT 32 (BEIDOU-1 G1);26599;8922.0
NAVSTAR 49 (USA 154);26605;17948.0
INTELSAT 1R (IS-1R);26608;3726.0
PHASE 3D (AO-40);26609;11262.0
STRV 1C;26610;18190.0
STRV 1D;26611;8230.0
EO-1;26619;58782.0
SAC-C;26620;30231.0
MUNIN;26621;16460.0
ANIK F1;26624;3910.0
SIRIUS-3;26626;10810.0
ASTRA 2D;26638;4878.0
AMC-8 (GE-8);26639;8916.0
CHINASAT 31 (BEIDOU-1 G2);26643;4810.0
TURKSAT 2A;26666;8835.0
NAVSTAR 50 (USA 156);26690;17582.0
SKYNET 4F;26695;8863.0
ODIN;26702;32728.0
USA 157 (MILSTAR-2 2);26715;2762.0
EUTELSAT 133 WEST A;26719;8842.0
BSAT-2A;26720;8800.0
XM-2 (ROCK);26724;3827.0
EKRAN 21;26736;8794.0
GSAT-1;26745;9136.0
XM-1 (ROLL);26761;4215.0
INTELSAT 10 (IS-10);26766;8791.0
COSMOS 2378;26818;19985.0
INTELSAT 901 (IS-901);26824;1896.0
ASTRA 2C;26853;4098.0
OMNI-M1;26857;18974.0
ARTEMIS;26863;3987.0
GOES 12;26871;8679.0
USA 159 (DSP 21);26880;2760.0
COSMOS 2379;26892;8684.0
LRE;26898;21011.0
INTELSAT 902 (IS-902);26900;8675.0
EUTELSAT 12 WEST B;26927;8621.0
PICOSAT 9;26930;23362.0
PCSAT (NO-44);26931;23334.0
SAPPHIRE (NO-45);26932;23306.0
RADUGA-1 6;26936;8467.0
TES;26957;29597.0
PROBA-1;26958;28347.0
DIRECTV 4S;26985;8579.0
COSMOS 2382 [GLONASS-M];26987;18244.0
COSMOS 2381 [GLONASS];26988;18246.0
COSMOS 2380 [GLONASS];26989;18247.0
JASON-1;26997;9743.0
TIMED;26998;27102.0
METEOR-3M;27001;17011.0
KOMPASS;27002;17149.0
BADR-B;27003;17105.0
MAROC-TUBSAT;27004;17137.0
REFLECTOR;27005;17167.0
COSMOS 2384;27055;7491.0
COSMOS 2385;27056;7535.0
COSMOS 2386;27057;7640.0
GONETS-D1 7;27058;7682.0
GONETS-D1 8;27059;7635.0
GONETS-D1 9;27060;7729.0
USA 164 (MILSTAR-2 3);27168;2894.0
INSAT-3C;27298;8511.0
TSUBASA (MDS-1);27367;36437.0
DASH & VEP 3;27368;19653.0
ECHOSTAR 7;27378;4654.0
INTELSAT 904 (IS-904);27380;4775.0
ENVISAT;27386;21591.0
TDRS 9;27389;8631.0
JCSAT-2A;27399;8469.0
ASTRA 3A;27400;8459.0
INTELSAT 903 (IS-903);27403;4143.0
NSS-7;27414;8449.0
SPOT 5;27421;20472.0
IDEFIX & ARIANE 42P R/B;27422;20099.0
AQUA;27424;22487.0
DIRECTV 5 (TEMPO 1);27426;8411.0
HAIYANG-1A;27430;20049.0
FENGYUN 1D;27431;18316.0
COSMOS 2389;27436;15217.0
INTELSAT 905 (IS-905);27438;8395.0
EXPRESS-A4;27441;8375.0
GALAXY 3C (G-3C);27445;4248.0
NOAA 17;27453;18994.0
EUTELSAT 5 WEST A;27460;8357.0
N-STAR C;27461;8347.0
COSMOS 2390;27464;3787.0
COSMOS 2391;27465;3832.0
COSMOS 2392;27470;497.0
EUTELSAT 33D;27499;4696.0
ECHOSTAR 8;27501;8274.0
EUTELSAT 36 WEST A;27508;8276.0
METEOSAT-8 (MSG-1);27509;8301.0
INTELSAT 906 (IS-906);27513;8295.0
KODAMA (DRTS);27516;4160.0
KALPANA-1 (METSAT 1);27525;8254.0
HISPASAT 30W-4;27528;8278.0
NADEZHDA 7;27534;13363.0
INTEGRAL;27540;2512.0
EUTELSAT 33B;27554;8235.0
ALSAT 1;27559;20410.0
MOZHAYETS;27560;19279.0
RUBIN-3 & SL-8 R/B;27561;19245.0
TDRS 10;27566;8220.0
MIDORI II (ADEOS-II);27597;16732.0
FEDSAT;27598;16855.0
WEOS;27599;16910.0
MICRO LABSAT;27600;16930.0
NSS-6;27603;8195.0
RUBIN-2 & SAFIR-M;27605;20536.0
LATINSAT B;27606;20299.0
SAUDISAT 1C (SO-50);27607;20537.0
UNISAT-2;27608;20739.0
TRAILBLAZER 2;27609;20862.0
LATINSAT A;27612;20811.0
COSMOS 2394 [GLONASS];27617;17418.0
COSMOS 2396 [GLONASS];27618;17407.0
COSMOS 2395 [GLONASS];27619;17405.0
NIMIQ 2;27632;4016.0
CORIOLIS;27640;15742.0
CHIPSAT;27643;22554.0
SORCE;27651;21170.0
NAVSTAR 51 (USA 166);27663;16328.0
XSS-10;27664;20288.0
INTELSAT 907 (IS-907);27683;8117.0
USA 167;27691;275.0
NAVSTAR 52 (USA 168);27704;16169.0
USA 169 (MILSTAR-2 4);27711;2893.0
INSAT-3A;27714;8072.0
GALAXY 12 (G-12);27715;4800.0
ASIASAT 4;27718;8091.0
COSMOS 2397;27775;8089.0
GALEX;27783;17844.0
GSAT-2;27807;8042.0
HELLAS-SAT 2;27811;3883.0
BEIDOU-1 G3;27813;8030.0
COSMOS 2398;27818;9884.0
AMC-9 (GE-12);27820;8002.0
THURAYA-2;27825;8033.0
BSAT-2C;27830;4268.0
OPTUS C1;27831;4904.0
MONITOR-E & SL-19 R/B;27840;14852.0
DTUSAT;27842;13488.0
MOST;27843;13386.0
CUTE-1 (CO-55);27844;13474.0
QUAKESAT;27845;13461.0
AAU-CUBESAT;27846;13473.0
CANX-1;27847;13472.0
CUBESAT XI-IV (CO-57);27848;13438.0
ECHOSTAR 12 (RAINBOW 1);27852;7965.0
GALAXY 23 (G-23);27854;7973.0
SCISAT 1;27858;17217.0
COSMOS 2400;27868;98771.0
COSMOS 2401;27869;98793.0
USA 170;27875;2897.0
MOZHAYETS 4 (RS-22);27939;15680.0
RUBIN-4 & SL-8 R/B;27940;15579.0
NIGERIASAT-1;27941;16434.0
UK-DMC;27942;16330.0
BILSAT 1;27943;15551.0
LARETS;27944;15492.0
STSAT-1;27945;15580.0
EUTELSAT 31A;27948;4109.0
INSAT-3E;27951;7942.0
GALAXY 13 (HORIZONS-1);27954;4255.0
IRS-P6 (RESOURCESAT-1);28051;12314.0
DMSP 5D-3 F16 (USA 172);28054;11292.0
CBERS 2 (ZY 1B);28057;12976.0
CHUANGXIN 1 (CX-1);28058;13829.0
SERVIS 1;28060;7806.0
ZHONGXING-20;28082;7841.0
YAMAL 202;28089;7868.0
YAMAL 201;28094;8086.0
COSMOS 2404 [GLONASS-M];28112;16668.0
COSMOS 2402 [GLONASS];28113;16670.0
COSMOS 2403 [GLONASS];28114;16670.0
UFO 11 (USA 174);28117;7841.0
NAVSTAR 53 (USA 175);28129;15674.0
AMOS-2;28132;7805.0
EXPRESS-AM22 (SESAT 2);28134;7805.0
ESTRELA DO SUL;28137;7762.0
AMC-10 (GE-10);28154;7760.0
USA 176 (DSP 22);28158;2759.0
ABS-4 (MOBISAT-1);28184;7756.0
EUTELSAT 7A;28187;7733.0
NAVSTAR 54 (USA 177);28190;15490.0
RADUGA-1 7;28194;7739.0
SUPERBIRD-A2;28218;7645.0
SHIYAN-1 (SY-1);28220;14997.0
NAXING 1;28221;14707.0
GP-B;28230;59302.0
EXPRESS-AM11;28234;7644.0
DIRECTV 7S;28238;7683.0
AMC-11;28252;7685.0
FORMOSAT-2 (ROCSAT 2);28254;7274.0
COSMOS 2406;28352;7829.0
INTELSAT 10-02;28358;7661.0
NAVSTAR 55 (USA 178);28361;15300.0
APSTAR-5 (TELSTAR 18);28364;7633.0
APRIZESAT 2;28366;9405.0
DEMETER;28368;12135.0
SAUDICOMSAT 1;28369;10591.0
SAUDICOMSAT 2;28370;10210.0
SAUDISAT 2;28371;10752.0
APRIZESAT 1;28372;10392.0
UNISAT-3;28373;10109.0
ECHO (AO-51);28375;9793.0
AURA;28376;10785.0
ANIK F2;28378;7634.0
COSMOS 2407;28380;4482.0
DOUBLESTAR TC-2;28382;17039.0
AMAZONAS 1;28393;7553.0
SHIJIAN-6 01A (SJ-6 01A);28413;12689.0
SHIJIAN-6 01B (SJ-6 01B);28414;12667.0
GSAT-3 (EDUSAT);28417;7513.0
COSMOS 2408;28419;93807.0
COSMOS 2409;28420;93804.0
AMC-15;28446;7530.0
FENGYUN 2C;28451;7446.0
RITE TARGET 1;28454;14670.0
RITE TARGET 2;28455;61746.0
EXPRESS-AM1;28463;7473.0
JB-3 3 (ZY 2C);28470;12712.0
AMC-16;28472;7451.0
NAVSTAR 56 (USA 180);28474;15039.0
SHIYAN-2 (SY-2);28479;9126.0
SWIFT;28485;12463.0
HELIOS 2A;28492;9368.0
NANOSAT-1;28493;9633.0
PARASOL;28498;9026.0
DELTA 4 DEMO SPACECRAFT;28500;10522.0
COSMOS 2411 [GLONASS];28508;15858.0
COSMOS 2413 [GLONASS-M];28509;15855.0
COSMOS 2412 [GLONASS];28510;15853.0
COSMOS 2414;28521;2829.0
TATIANA;28523;2842.0
NSS-10;28526;7430.0
XTAR-EUR;28542;7417.0
SLOSHSAT;28544;18038.0
MAQSAT & ARIANE 5 R/B;28545;17798.0
HIMAWARI-6 (MTSAT-1R);28622;7353.0
XM-3 (RHYTHM);28626;7405.0
INMARSAT 4-F1;28628;7365.0
EXPRESS-AM2;28629;3659.0
APSTAR-6;28638;9808.0
SPACEWAY 1;28644;4223.0
IRS-P5 (CARTOSAT-1);28649;8430.0
HAMSAT (VO-52);28650;8647.0
NOAA 18;28654;2987.0
DIRECTV 8;28659;7317.0
GALAXY 28 (G-28);28702;4797.0
EXPRESS-AM3;28707;7268.0
SJ-7;28737;8731.0
THAICOM 4;28786;4823.0
GALAXY 14 (G-14);28790;7226.0
KIRARI (OICETS);28809;7774.0
REIMEI (INDEX);28810;7065.0
ANIK F1R;28868;7214.0
NAVSTAR 57 (USA 183);28874;14379.0
GALAXY 15 (G-15);28884;7149.0
SYRACUSE 3A;28885;7173.0
BEIJING 1;28890;4213.0
TOPSAT;28891;4209.0
UWE-1;28892;4289.0
SINAH 1;28893;4196.0
SSETI EXPRESS (XO-53);28894;4166.0
CUBESAT XI-V;28895;4279.0
NCUBE-2;28897;3568.0
MOZHAYETS 5 & RUBIN-5;28898;66468.0
INMARSAT 4-F2;28899;7150.0
TELKOM 2;28902;7107.0
SPACEWAY 2;28903;4730.0
COSMOS 2416;28908;88871.0
GONETS-D1M 1;28909;88849.0
INSAT-4A;28911;7086.0
METEOSAT-9 (MSG-2);28912;299.0
COSMOS 2419 [GLONASS-M];28915;15082.0
COSMOS 2418 [GLONASS-M];28916;15067.0
COSMOS 2417 [GLONASS];28917;15064.0
GSAT0001 (GIOVE-A);28922;11981.0
EUTELSAT 174A;28924;4831.0
ALOS (DAICHI);28931;2974.0
ECHOSTAR 10;28935;7045.0
HIMAWARI-7 (MTSAT-2);28937;7025.0
SPAINSAT;28945;7020.0
EUTELSAT HOTBIRD 13E;28946;7031.0
ST5-A;28980;77430.0
ST5-B;28981;83166.0
ST5-C;28982;50028.0
JCSAT-5A;29045;6975.0
FORMOSAT-3 FM6;29047;99712.0
FORMOSAT-3 FM1;29048;99961.0
FORMOSAT-3 FM5;29049;99533.0
FORMOSAT-3 FM3;29050;1770.0
FORMOSAT-3 FM4;29051;99807.0
FORMOSAT-3 FM2;29052;99546.0
ASTRA 1KR;29055;4170.0
EROS B;29079;5778.0
RSS-1 (YAOGAN-1);29092;3031.0
CLOUDSAT;29107;1507.0
CALIPSO;29108;1435.0
EWS-G1 (GOES 13);29155;3929.0
EUTELSAT 113 WEST A;29162;6940.0
THAICOM 5;29163;6928.0
RESURS-DK 1;29228;4213.0
KAZSAT-1;29230;6866.0
GALAXY 16 (G-16);29236;6925.0
GENESIS 1;29252;4196.0
ARIRANG-2 (KOMPSAT-2);29268;303.0
EUTELSAT HOTBIRD 13B;29270;6884.0
JCSAT-3A;29272;4372.0
SYRACUSE 3B;29273;6866.0
KOREASAT 5 (MUGUNGWHA 5);29349;3730.0
ZHONGXING-22A;29398;6837.0
HINODE (SOLAR-B);29479;99611.0
NAVSTAR 58 (USA 190);29486;13652.0
DIRECTV 9S;29494;4737.0
OPTUS D1;29495;6813.0
METOP-A;29499;96645.0
SHIJIAN-6 02A (SJ-6 02A);29505;1187.0
SHIJIAN-6 02B (SJ-6 02B);29506;1076.0
SINOSAT 2 (XINNUO 2);29516;6369.0
XM-4 (BLUES);29520;6790.0
DMSP 5D-3 F17 (USA 191);29522;95585.0
BADR-4;29526;4725.0
NAVSTAR 59 (USA 192);29601;13537.0
FENGYUN 2D;29640;6706.0
WILDBLUE-1;29643;6753.0
AMC-18;29644;6743.0
MEASAT-3;29648;6746.0
KIKU-8 (ETS-VIII);29656;6706.0
COSMOS 2425 [GLONASS-M];29670;14304.0
COSMOS 2426 [GLONASS-M];29671;14297.0
COSMOS 2424 [GLONASS-M];29672;14303.0
COROT;29678;95696.0
LAPAN-TUBSAT;29709;99177.0
BEIDOU-1 G4;30323;6673.0
THEMIS A;30580;3774.0
INSAT-4B;30793;3805.0
SKYNET 5A;30794;6668.0
THEMIS D;30797;3754.0
THEMIS E;30798;6238.0
ANIK F3;31102;4255.0
HAIYANG-1B;31113;94413.0
BEIDOU-2 M1;31115;6903.0
EGYPTSAT 1;31117;97058.0
SAUDISAT 3;31118;96897.0
SAUDICOMSAT 7;31119;96379.0
SAUDICOMSAT 6;31121;96167.0
CSTB 1;31122;96278.0
SAUDICOMSAT 5;31124;96486.0
SAUDICOMSAT 3;31125;96607.0
MAST;31126;96032.0
SAUDICOMSAT 4;31127;96280.0
LIBERTAD-1;31128;95982.0
CP3;31129;96014.0
CAPE-1;31130;95980.0
CP4;31132;96170.0
AEROCUBE 2;31133;96169.0
ASTRA 1L;31306;6603.0
GALAXY 17 (G-17);31307;6579.0
NIGCOMSAT 1;31395;6604.0
YAOGAN-2;31490;96837.0
GLOBALSTAR M065;31571;82894.0
GLOBALSTAR M069;31573;82970.0
GLOBALSTAR M072;31574;82726.0
GLOBALSTAR M071;31576;49063.0
EUTELSAT 8 WEST D;31577;3749.0
COSMO-SKYMED 1;31598;97007.0
TERRASAR-X;31698;99238.0
GENESIS 2;31789;98855.0
COSMOS 2428;31792;92161.0
ZHONGXING-6B;31800;6546.0
DIRECTV 10;31862;6539.0
SPACEWAY 3;32018;4248.0
BSAT-3A;32019;4650.0
INSAT-4CR;32050;4720.0
COSMOS 2429;32052;88667.0
WORLDVIEW-1 (WV-1);32060;98194.0
CBERS 2B;32062;92708.0
OPTUS D2;32252;6455.0
INTELSAT 11 (IS-11);32253;6451.0
WGS F1 (USA 195);32258;6430.0
NAVSTAR 60 (USA 196);32260;12878.0
GLOBALSTAR M067;32263;80505.0
GLOBALSTAR M070;32264;81020.0
GLOBALSTAR M066;32265;81094.0
GLOBALSTAR M068;32266;81310.0
COSMOS 2433 [GLONASS-M];32275;13652.0
COSMOS 2432 [GLONASS-M];32276;13654.0
COSMOS 2431 [GLONASS-M];32277;13662.0
SAR-LUPE 3;32283;97800.0
YAOGAN-3;32289;94637.0
STAR ONE C1;32293;1142.0
SKYNET 5B;32294;6418.0
ASTRA 4A;32299;4763.0
RADUGA-1M 1;32373;4841.0
COSMO-SKYMED 2;32376;94282.0
RADARSAT-2;32382;90889.0
NAVSTAR 61 (USA 199);32384;12754.0
RASCOM-QAF 1;32387;6350.0
HORIZONS-2;32388;6380.0
COSMOS 2434 [GLONASS-M];32393;13524.0
COSMOS 2435 [GLONASS-M];32394;13515.0
COSMOS 2436 [GLONASS-M];32395;13519.0
THURAYA-3;32404;6352.0
EXPRESS-AM33;32478;6360.0
THOR 5;32487;6316.0
KIZUNA (WINDS);32500;6287.0
AMC-14;32708;6408.0
NAVSTAR 62 (USA 201);32711;12571.0
DIRECTV 11;32729;6291.0
ICO G1;32763;6245.0
VINASAT-1;32767;6257.0
STAR ONE C2;32768;6264.0
TIANLIAN 1-01;32779;1145.0
GSAT0002 (GIOVE-B);32781;10372.0
CARTOSAT-2A;32783;91977.0
NTS (CANX-6);32784;92419.0
CUTE-1.7+APD II (CO-65);32785;92491.0
IMS-1;32786;92322.0
COMPASS-1;32787;92798.0
AAUSAT-II;32788;92913.0
CANX-2;32790;92474.0
SEEDS II (CO-66);32791;92628.0
RUBIN-8 & PSLV R/B;32792;91963.0
AMOS-3;32794;6243.0
GALAXY 18 (G-18);32951;4184.0
YUBILEINY (RS-30);32953;77012.0
COSMOS 2437;32954;76965.0
COSMOS 2438;32955;77008.0
COSMOS 2439;32956;76998.0
FENGYUN 3A;32958;87860.0
ZHONGXING-9;33051;6199.0
FGRST (GLAST);33053;93467.0
SKYNET 5C;33055;6194.0
TURKSAT 3A;33056;4834.0
ORBCOMM FM38;33060;90948.0
ORBCOMM FM41;33061;90898.0
ORBCOMM FM29;33062;90935.0
ORBCOMM FM39;33063;90855.0
ORBCOMM FM37;33064;90918.0
ORBCOMM FM40;33065;90941.0
JASON-2 (OSTM);33105;79215.0
COSMOS 2440;33108;6177.0
INTELSAT 25 (IS-25);33153;6168.0
BADR-6;33154;6171.0
ECHOSTAR 11;33207;4720.0
COSMOS 2441;33272;88996.0
SUPERBIRD-C2;33274;6137.0
AMC-21;33275;6145.0
INMARSAT 4-F3;33278;6125.0
RAPIDEYE 2;33312;90576.0
RAPIDEYE 5;33313;90554.0
RAPIDEYE 1;33314;90554.0
RAPIDEYE 3;33315;90599.0
RAPIDEYE 4;33316;90563.0
HUANJING 1A (HJ-1A);33320;89921.0
HUANJING 1B (HJ-1B);33321;89922.0
GEOEYE 1;33331;89155.0
NIMIQ 4;33373;6097.0
GALAXY 19 (G-19);33376;6082.0
COSMOS 2442 [GLONASS-M];33378;12940.0
COSMOS 2443 [GLONASS-M];33379;12940.0
COSMOS 2444 [GLONASS-M];33380;12940.0
DEMOSAT/FALCON 1;33393;90288.0
THEOS;33396;86121.0
SHIJIAN-6 03A (SJ-6 03A);33408;90238.0
SHIJIAN-6 03B (SJ-6 03B);33409;90265.0
COSMO-SKYMED 3;33412;89677.0
VENESAT-1;33414;6035.0
SHIYAN-3 (SY-3);33433;86197.0
CHUANGXIN 1-02 (CX-1-02);33434;86182.0
ASTRA 1M;33436;4172.0
YAOGAN-4;33446;88638.0
CIEL-2;33453;6005.0
EUTELSAT HOTBIRD 13C;33459;6023.0
EUTELSAT 48D;33460;5983.0
FENGYUN 2E;33463;6003.0
COSMOS 2447 [GLONASS-M];33466;12742.0
COSMOS 2449 [GLONASS-M];33467;12742.0
COSMOS 2448 [GLONASS-M];33468;12749.0
GOSAT (IBUKI);33492;87273.0
SPRITE-SAT (RISING);33494;87477.0
KAGAYAKI;33495;87570.0
SOHLA-1 (MAIDO-1);33496;87546.0
SDS-1;33497;87459.0
STARS (KUKAI);33498;87870.0
KKS-1 (KISEKI);33499;87689.0
KORONAS-FOTON;33504;89944.0
NOAA 19;33591;83823.0
EXPRESS-AM44;33595;4827.0
EXPRESS-MD1;33596;5910.0
NSS-9;33749;5950.0
EUTELSAT 33E;33750;5955.0
SPIRALE A;33751;24358.0
SPIRALE B;33752;15601.0
TELSTAR 11N;34111;4223.0
RADUGA-1 8;34264;5917.0
NAVSTAR 63 (USA 203);34661;11825.0
EUTELSAT 10A;34710;3711.0
WGS F2 (USA 204);34713;4160.0
BEIDOU-2 G2;34779;5836.0
YAOGAN-6;34839;89505.0
SES-7 (PROTOSTAR 2);34941;5861.0
MEASAT-3A;35362;401.0
GOES 14;35491;5814.0
FM-5;35493;4263.0
TERRESTAR-1;35496;5812.0
COSMOS 2451;35498;71799.0
COSMOS 2452;35499;71904.0
COSMOS 2453;35500;71830.0
RAZAKSAT;35578;85017.0
COSMOS 2454;35635;80201.0
STERKH 1;35636;80210.0
DEIMOS-1;35681;84791.0
DUBAISAT-1;35682;84620.0
UK-DMC 2;35683;84763.0
APRIZESAT 4;35684;85210.0
NANOSAT 1B;35685;85472.0
APRIZESAT 3;35686;85655.0
ASIASAT 5;35696;5766.0
NAVSTAR 64 (USA 206);35752;11533.0
JCSAT-12 (JCSAT-RA);35755;5765.0
OPTUS D3;35756;5754.0
PALAPA D;35812;5743.0
METEOR-M 1;35865;81249.0
STERKH 2;35866;81267.0
TATIANA 2;35868;81271.0
UGATUSAT;35869;81260.0
BLITS;35871;81165.0
NIMIQ 5;35873;5732.0
OCEANSAT-2;35931;82338.0
SWISSCUBE;35932;83068.0
BEESAT-1;35933;83085.0
UWE-2;35934;83046.0
ITUPSAT1;35935;83040.0
RUBIN 9.1 & RUBIN 9.2;35936;82284.0
AMAZONAS 2;35942;5716.0
COMSATBW-1;35943;5728.0
WORLDVIEW-2 (WV-2);35946;81827.0
DMSP 5D-3 F18 (USA 210);35951;80301.0
NSS-12;36032;5690.0
THOR 6;36033;5699.0
SMOS;36036;81583.0
PROBA-2;36037;82331.0
SJ-11-01;36088;82608.0
COSMOS 2455;36095;78944.0
INTELSAT 14 (IS-14);36097;5668.0
EUTELSAT 36B;36101;5669.0
INTELSAT 15 (IS-15);36106;3721.0
WGS F3 (USA 211);36108;5648.0
YAOGAN-7;36110;83059.0
COSMOS 2456 [GLONASS-M];36111;11988.0
COSMOS 2457 [GLONASS-M];36112;11993.0
COSMOS 2458 [GLONASS-M];36113;11991.0
YAOGAN-8;36121;73646.0
XIWANG-1 (HOPE-1);36122;74033.0
DIRECTV 12;36131;4254.0
BEIDOU-2 G1;36287;5615.0
RADUGA-1M 2;36358;5598.0
SDO;36395;5602.0
INTELSAT 16 (IS-16);36397;5570.0
COSMOS 2459 [GLONASS-M];36400;11824.0
COSMOS 2461 [GLONASS-M];36401;11828.0
COSMOS 2460 [GLONASS-M];36402;11819.0
EWS-G2 (GOES 15);36411;5562.0
YAOGAN-9 01A;36413;74610.0
YAOGAN-9 01B;36414;74587.0
YAOGAN-9 01C;36415;74604.0
ECHOSTAR 14;36499;4254.0
CRYOSAT 2;36508;80000.0
SES-1;36516;5502.0
COSMOS 2463;36519;75319.0
ASTRA 3B;36581;5485.0
COMSATBW-2;36582;5497.0
NAVSTAR 65 (USA 213);36585;10955.0
SERVIS 2;36588;71806.0
BEIDOU-2 G3;36590;5476.0
BADR-5;36592;4920.0
SJ-12;36596;81437.0
PICARD;36598;78938.0
PRISMA (MANGO);36599;79083.0
BPA-1 & SL-24 R/B;36600;74691.0
TANDEM-X;36605;82580.0
COMS 1;36744;4707.0
ARABSAT-5A;36745;5463.0
ECHOSTAR 15;36792;5431.0
CARTOSAT-2B;36795;80081.0
STUDSAT;36796;80518.0
AISSAT 1;36797;80437.0
ALSAT 2A;36798;79488.0
TISAT 1;36799;80675.0
PRISMA (TANGO);36827;77666.0
BEIDOU-2 IGSO-1;36828;5408.0
NILESAT 201;36830;5427.0
RASCOM-QAF 1R;36831;5427.0
YAOGAN-10;36834;79793.0
AEHF-1 (USA 214);36868;4964.0
COSMOS 2466 [GLONASS-M];37137;11430.0
COSMOS 2465 [GLONASS-M];37138;11432.0
COSMOS 2464 [GLONASS-M];37139;11434.0
ZHONGXING-6A;37150;5388.0
COSMOS 2467;37152;66577.0
STRELA 3;37153;66472.0
COSMOS 2468;37154;66611.0
QZS-1 (MICHIBIKI-1);37158;5287.0
YAOGAN-11;37165;78881.0
ZHEDA PIXING 1B;37166;79119.0
ZHEDA PIXING 1C;37167;79114.0
SBSS (USA 216);37168;79200.0
SHIJIAN-6 04A (SJ-6 04A);37179;79649.0
SHIJIAN-6 04B (SJ-6 04B);37180;79579.0
XM-5;37185;5347.0
GLOBALSTAR M079;37188;67272.0
GLOBALSTAR M074;37189;67259.0
GLOBALSTAR M076;37190;67230.0
GLOBALSTAR M077;37191;67266.0
GLOBALSTAR M075;37192;67138.0
GLOBALSTAR M073;37193;67339.0
EUTELSAT W3B;37206;13111.0
BSAT-3B;37207;4808.0
BEIDOU-2 G4;37210;5327.0
MERIDIAN 3;37212;10641.0
FENGYUN 3B;37214;75091.0
COSMO-SKYMED 4;37216;78537.0
SKYTERRA 1;37218;5321.0
RAX (USA 218);37223;5422.0
O/OREOS (USA 219);37224;5690.0
FASTSAT-HSV01 (USA 220);37225;5482.0
FASTRAC 1 (USA 222);37227;30645.0
ZHONGXING-20A;37234;5282.0
HYLAS 1;37237;287.0
INTELSAT 17 (IS-17);37238;4923.0
BEIDOU-2 IGSO-2;37256;5277.0
EUTELSAT KA-SAT 9A;37258;3999.0
HISPASAT 30W-5;37264;4916.0
KOREASAT 6;37265;5267.0
ELEKTRO-L 1 (GOMS 2);37344;5246.0
COSMOS 2471 [GLONASS-K];37372;11054.0
FASTRAC 2 (USA 228);37380;30639.0
BEIDOU-2 IGSO-3;37384;5164.0
RESOURCESAT-2;37387;72987.0
YOUTHSAT;37388;73060.0
X-SAT;37389;73123.0
INTELSAT 28 (IS-28);37392;5150.0
YAHSAT 1A;37393;3839.0
MERIDIAN 4;37398;10271.0
SBIRS GEO-1 (USA 230);37481;5138.0
TELSTAR 14R;37602;5182.0
GSAT-8;37605;4920.0
ST-2;37606;5123.0
SAC-D;37673;74871.0
ZHONGXING-10;37677;5098.0
SJ-11-03;37730;73865.0
TIANLIAN 1-02;37737;4013.0
GLOBALSTAR M083;37739;64238.0
GLOBALSTAR M088;37740;63793.0
GLOBALSTAR M091;37741;63872.0
GLOBALSTAR M085;37742;63974.0
GLOBALSTAR M081;37743;63938.0
GLOBALSTAR M089;37744;64021.0
GSAT-12;37746;3937.0
SES-3;37748;5068.0
KAZSAT-2;37749;4938.0
NAVSTAR 66 (USA 232);37753;10124.0
SPEKTR-R;37755;545.0
BEIDOU-2 IGSO-4;37763;5063.0
SJ-11-02;37765;73538.0
ASTRA 1N;37775;5039.0
BSAT-3C (JCSAT-110R);37776;4646.0
PAKSAT-1R;37779;5046.0
HAIYANG-2A;37781;69180.0
EDUSAT;37788;73744.0
NIGERIASAT-2;37789;73331.0
NIGERIASAT-X;37790;73194.0
RASAT;37791;73453.0
APRIZESAT 5;37792;73972.0
APRIZESAT 6;37793;73805.0
SICH-2;37794;73301.0
BPA-2 & SL-24 R/B;37795;68796.0
ZHONGXING-1A;37804;2332.0
COSMOS 2473;37806;346.0
SES-2;37809;4995.0
ARABSAT-5C;37810;4990.0
EUTELSAT 7 WEST A;37816;4988.0
TACSAT 4;37818;30016.0
QUETZSAT 1;37826;4586.0
COSMOS 2474 [GLONASS-M];37829;10590.0
INTELSAT 18 (IS-18);37834;4979.0
EUTELSAT 16A;37836;4977.0
JUGNU;37839;70238.0
VESSELSAT 1;37840;70158.0
SRMSAT;37841;70145.0
VIASAT-1;37843;4331.0
GSAT0101 (GALILEO-PFM);37846;8425.0
GSAT0102 (GALILEO-FM2);37847;8442.0
SUOMI NPP;37849;70167.0
COSMOS 2476 [GLONASS-M];37867;10528.0
COSMOS 2477 [GLONASS-M];37868;10522.0
COSMOS 2475 [GLONASS-M];37869;10523.0
YAOGAN-12;37875;75167.0
CHUANGXIN 1-03 (CX-1-03);37930;70584.0
SHIYAN-4 (SY-4);37931;70165.0
ASIASAT 7;37933;4945.0
COSMOS 2478 [GLONASS-M];37938;10459.0
BEIDOU-2 IGSO-5;37948;4938.0
AMOS-5;37950;4898.0
LUCH-5A;37951;4903.0
SSOT;38011;72514.0
PLEIADES 1A;38012;71369.0
NIGCOMSAT 1R;38014;4894.0
ZIYUAN 1-02C (ZY 1-02C);38038;70177.0
GLOBALSTAR M084;38040;61819.0
GLOBALSTAR M080;38041;61832.0
GLOBALSTAR M082;38042;61904.0
GLOBALSTAR M092;38043;61750.0
GLOBALSTAR M090;38044;61924.0
GLOBALSTAR M086;38045;61911.0
ZIYUAN 3-1 (ZY 3-1);38046;74178.0
FENGYUN 2F;38049;4883.0
WGS F4 (USA 233);38070;4013.0
LARES;38077;60685.0
SES-4;38087;4821.0
BEIDOU-2 G5;38091;4835.0
MUOS-1;38093;4843.0
INTELSAT 22 (IS-22);38098;317.0
COSMOS 2479;38101;4806.0
APSTAR-7;38107;4816.0
YAHSAT 1B;38245;4158.0
RISAT-1;38248;72008.0
BEIDOU-2 M3;38250;8882.0
BEIDOU-2 M4;38251;8847.0
AEHF-2 (USA 235);38254;297.0
TIANHUI 1-02;38256;72538.0
YAOGAN-14;38257;72504.0
JCSAT-13;38331;4752.0
VINASAT-2;38332;4264.0
GCOM-W1 (SHIZUKU);38337;69073.0
ARIRANG-3 (KOMPSAT-3);38338;69299.0
SDS-4;38339;69709.0
HORYU-2;38340;68914.0
NIMIQ 6;38342;4640.0
ZHONGXING-2A;38352;4728.0
YAOGAN-15;38354;62273.0
INTELSAT 19 (IS-19);38356;4642.0
NUSTAR;38358;579.0
ECHOSTAR 17;38551;4711.0
METEOSAT-10 (MSG-3);38552;4684.0
SES-5;38652;4046.0
EXACTVIEW-1 (ADS-1B);38709;66569.0
MKA-PN 1;38711;66582.0
TIANLIAN 1-03;38730;4690.0
COSMOS 2481;38733;58004.0
GONETS-M 3;38734;58095.0
YUBELEINY 2 (RS-40);38735;58012.0
GONETS-M 4;38736;57318.0
INTELSAT 20 (IS-20);38740;4673.0
HYLAS 2;38741;4684.0
EXPRESS-MD2;38745;51173.0
INTELSAT 21 (IS-21);38749;4651.0
RBSP A;38752;13308.0
RBSP B;38753;13064.0
SPOT 6;38755;67477.0
PROITERES;38756;68309.0
SMDC ONE 1.2;38759;5546.0
CSSWE;38761;5502.0
CXBN;38762;5757.0
CP5;38763;5587.0
CINEMA;38764;5581.0
RE;38765;5471.0
SMDC ONE 1.1;38766;5854.0
AEROCUBE 4.5A;38767;31057.0
METOP-B;38771;65643.0
BEIDOU-2 M5;38774;7037.0
BEIDOU-2 M6;38775;8584.0
ASTRA 2F;38778;4628.0
GSAT-10;38779;4608.0
VRSS-1;38782;68047.0
NAVSTAR 67 (USA 239);38833;9140.0
GSAT0103 (GALILEO-FM3);38857;7815.0
SJ-9A;38860;67944.0
SJ-9B;38861;68014.0
INTELSAT 23 (IS-23);38867;4593.0
BEIDOU-2 G6;38953;4589.0
LUCH-5B;38977;4616.0
YAMAL 300K;38978;4561.0
STAR ONE C3;38991;4584.0
EUTELSAT 21B;38992;4581.0
MERIDIAN 6;38995;9145.0
ECHOSTAR 16;39008;4561.0
YAOGAN-16 01A;39011;61228.0
YAOGAN-16 01B;39012;61221.0
YAOGAN-16 01C;39013;61236.0
ZHONGXING-12;39017;4569.0
PLEIADES 1B;39019;66254.0
EUTELSAT 70B;39020;4560.0
YAMAL 402;39022;4559.0
GOKTURK 2;39030;66556.0
SKYNET 5D;39034;4514.0
MEXSAT 3;39035;304.0
COSMOS 2482;39057;55898.0
COSMOS 2483;39058;55182.0
COSMOS 2484;39059;55883.0
TDRS 11;39070;4267.0
GLOBALSTAR M097;39072;56646.0
GLOBALSTAR M093;39073;56631.0
GLOBALSTAR M094;39074;56789.0
GLOBALSTAR M096;39075;56683.0
GLOBALSTAR M078;39076;56546.0
GLOBALSTAR M095;39077;56571.0
AMAZONAS 3;39078;4090.0
AZERSPACE 1;39079;4479.0
LANDSAT 8;39084;65146.0
SARAL;39086;63832.0
AAUSAT 3;39087;63991.0
SAPPHIRE;39088;63921.0
NEOSSAT;39089;63934.0
STRAND-1;39090;63955.0
BRITE-AUSTRIA;39091;63952.0
UNIBRITE;39092;63946.0
SBIRS GEO-2 (USA 241);39120;4457.0
EUTELSAT 117 WEST A;39122;4442.0
ANIK G1;39127;4423.0
DOVE 2;39132;66496.0
AIST-2 (RS-43);39133;66341.0
GAOFEN-1;39150;64925.0
NEE-01 PEGASO;39151;65100.0
TURKSAT-3USAT;39152;65135.0
CUBEBUG-1 (CAPITAN BETO);39153;65135.0
COSMOS 2485 [GLONASS-M];39155;9375.0
ZHONGXING-11;39157;4414.0
PROBA-V;39159;62417.0
VNREDSAT 1;39160;64174.0
ESTCUBE 1;39161;64587.0
EUTELSAT 7B;39163;4394.0
NAVSTAR 68 (USA 242);39166;8785.0
WGS F5 (USA 243);39168;4316.0
SES-6;39172;4371.0
COSMOS 2486;39177;63317.0
O3B FM5;39188;21712.0
O3B FM2;39190;21707.0
O3B PFM;39191;21663.0
IRIS;39197;64101.0
IRNSS-1A;39199;4333.0
SJ-11-05;39202;63068.0
MUOS-2;39206;4329.0
SHIYAN-7 (SY-7);39208;63329.0
CHUANGXIN-3 (CX-3);39209;63339.0
SHIJIAN-15 (SJ-15);39210;63551.0
ALPHASAT;39215;3999.0
INSAT-3D;39216;4329.0
WGS F6 (USA 244);39222;4304.0
ARIRANG-5 (KOMPSAT-5);39227;64377.0
ES'HAIL 1;39233;4261.0
GSAT-7;39234;4288.0
AMOS-4;39237;4288.0
YAOGAN-17 01A;39239;57443.0
YAOGAN-17 01B;39240;57447.0
YAOGAN-17 01C;39241;57452.0
GONETS-M 5;39249;52915.0
GONETS-M 6;39250;52921.0
GONETS-M 7;39251;52910.0
HISAKI (SPRINT-A);39253;57703.0
AEHF-3 (USA 246);39256;4267.0
FENGYUN 3C;39260;60204.0
CASSIOPE;39265;60728.0
CUSAT 1;39266;61081.0
DANDE;39267;60129.0
POPACS 1;39268;61038.0
POPACS 2;39269;60386.0
POPACS 3;39270;58045.0
ASTRA 2E;39285;4258.0
SHIJIAN-16 (SJ-16);39358;62676.0
FM-6;39360;4233.0
RADUGA-1M 3;39375;4211.0
YAOGAN-19;39410;55108.0
APRIZESAT 7;39416;62158.0
ZACUBE-1 (TSHEPISOSAT);39417;62076.0
SKYSAT-A;39418;62799.0
DUBAISAT-2;39419;62610.0
OPTOS;39420;61265.0
UNISAT-5;39421;62255.0
STSAT-3;39422;62419.0
WNISAT-1;39423;60842.0
CINEMA-2 (KHUSAT-2);39424;61673.0
APRIZESAT 8;39425;62017.0
CINEMA-3 (KHUSAT-2);39426;61532.0
TRITON-1;39427;61510.0
DELFI-N3XT;39428;61518.0
DOVE 3;39429;61222.0
GOMX-1;39430;61138.0
BRITE-PL1 (LEM);39431;60585.0
ICUBE-1;39432;62362.0
HUMSAT-D;39433;62602.0
VELOX-PII;39438;61933.0
FIRST-MOVE;39439;62068.0
CUBEBUG-2 (LO-74);39440;61730.0
NEE-02 KRYSAOR;39441;61796.0
PUCP-SAT 1;39442;62326.0
FUNCUBE-1 (AO-73);39444;61942.0
HINCUBE;39445;61933.0
UWE-3;39446;61777.0
BPA 3 & SL-24 R/B;39448;56212.0
SWARM B;39451;63682.0
SWARM A;39452;64440.0
SWARM C;39453;64436.0
SHIYAN-5 (SY-5);39455;60396.0
SES-8;39460;4041.0
ALICE;39467;5504.0
SMDC ONE 2.4;39469;5725.0
CUNYSAT-1;39470;5637.0
CP8 (IPEX);39471;5503.0
MCUBED-2;39472;5496.0
TACSAT 6;39473;5774.0
SMDC ONE 2.3;39474;5593.0
INMARSAT 5-F1;39476;4157.0
TKSAT-1 (TUPAC KATARI);39481;4158.0
COSMOS 2488;39483;51639.0
COSMOS 2489;39484;51621.0
COSMOS 2490;39485;51615.0
EXPRESS-AM5;39487;4234.0
COSMOS 2493 (SKRL-756 1);39490;61830.0
COSMOS 2494 (SKRL-756 2);39491;61880.0
AIST-1 (RS-41);39492;61780.0
COSMOS 2491 (RS-46);39497;51629.0
GSAT-14;39498;4156.0
THAICOM 6;39500;4144.0
TDRS 12;39504;4026.0
ABS-2;39508;4126.0
ATHENA-FIDUS;39509;4106.0
TURKSAT 4A;39522;4095.0
NAVSTAR 69 (USA 248);39533;8163.0
GPM-CORE;39574;63598.0
EXPRESS-AT1;39612;4104.0
EXPRESS-AT2;39613;4048.0
AMAZONAS 4A;39616;4085.0
ASTRA 5B;39617;4065.0
COSMOS 2492 [GLONASS-M];39620;8669.0
SJ-11-06;39624;59239.0
DMSP 5D-3 F19 (USA 249);39630;57340.0
SENTINEL-1A;39634;59171.0
IRNSS-1B;39635;4077.0
EGYPTSAT 2;39678;58876.0
LUCH-5V;39727;4034.0
KAZSAT-3;39728;4042.0
KAZEOSAT 1;39731;58096.0
NAVSTAR 70 (USA 251);39741;8050.0
COSMOS 2496;39761;49787.0
COSMOS 2497;39762;49779.0
COSMOS 2498;39763;49789.0
COSMOS 2499 (RS-47);39765;51394.0
ALOS-2;39766;59247.0
UNIFORM 1;39767;59450.0
SOCRATES;39768;59470.0
RISING 2;39769;59376.0
EUTELSAT 3B;39773;4020.0
COSMOS 2500 [GLONASS-M];40001;8491.0
KAZEOSAT 2;40010;58959.0
HODOYOSHI-4;40011;58935.0
UNISAT-6;40012;58670.0
DEIMOS-2;40013;59091.0
BUGSAT-1 (TITA);40014;59531.0
HODOYOSHI-3;40015;58827.0
SAUDISAT 4;40016;58696.0
TABLETSAT-AURORA;40017;59468.0
APRIZESAT 9;40018;58476.0
APRIZESAT 10;40019;58363.0
BRITE-CA1 (TORONTO);40020;58346.0
DUCHIFAT-1;40021;59404.0
PACE;40022;59270.0
NANOSATC-BR1;40024;59353.0
QB50P1;40025;59245.0
POPSAT-HIP-1;40028;59288.0
DTUSAT-2;40030;59223.0
FLOCK 1C-4;40031;59331.0
QB50P2;40032;59220.0
ANTELSAT;40034;58625.0
PERSEUS-M2;40037;59153.0
PERSEUS-M1;40039;59140.0
POLYITAN-1;40042;59258.0
TIGRISAT;40043;58655.0
LEMUR-1;40044;58651.0
AEROCUBE 6A;40045;58674.0
AEROCUBE 6B;40046;58690.0
SPOT 7;40053;57876.0
AISAT;40054;58709.0
CANX-4;40055;58536.0
CANX-5;40056;58536.0
VELOX-I;40057;58682.0
OCO 2;40059;57780.0
GONETS-M 8;40061;49272.0
GONETS-M 9;40062;49276.0
GONETS-M 10;40063;49252.0
METEOR-M 2;40069;56250.0
MKA-PN 2 (RELEC);40070;57500.0
DX1;40071;58665.0
SKYSAT-B;40072;58645.0
DUMMY SAT;40073;58623.0
UKUBE-1;40074;58817.0
AISSAT 2;40075;58703.0
TECHDEMOSAT-1 (TDS-1);40076;58793.0
O3B FM3;40079;19301.0
O3B FM7;40080;19784.0
O3B FM6;40081;19771.0
O3B FM8;40082;19791.0
ORBCOMM FM109;40086;57590.0
ORBCOMM FM107;40087;57594.0
ORBCOMM FM106;40088;57853.0
ORBCOMM FM111;40089;58494.0
ORBCOMM FM104;40090;57562.0
ORBCOMM FM103;40091;55894.0
USA 253;40099;2348.0
USA 254;40100;2360.0
USA 255;40101;2134.0
NAVSTAR 71 (USA 256);40105;7894.0
ASIASAT 8 (AMOS-7);40107;9813.0
YAOGAN-20 01A;40109;52858.0
YAOGAN-20 01B;40110;52842.0
YAOGAN-20 01C;40111;52844.0
WORLDVIEW-3 (WV-3);40115;58250.0
GAOFEN-2;40118;58006.0
BRITE-PL2 (HEWELIUSZ);40119;58169.0
GSAT0201 (GALILEO 5);40128;7088.0
GSAT0202 (GALILEO 6);40129;7298.0
LING QIAO;40136;55787.0
CHUANGXIN 1-04 (CX-1-04);40137;55785.0
ASIASAT 6;40141;3915.0
YAOGAN-21;40143;59406.0
OPTUS 10;40146;3901.0
MEASAT-3B;40147;3889.0
LUCH (OLYMP-K 1);40258;3698.0
SJ-11-07;40261;56642.0
HIMAWARI-8;40267;3885.0
IRNSS-1C;40269;3881.0
INTELSAT 30 (IS-30);40271;3873.0
ARSAT 1;40272;3860.0
YAOGAN-22;40275;50719.0
EXPRESS-AM6;40277;3866.0
SJ-11-08;40286;56262.0
NAVSTAR 72 (USA 258);40294;7717.0
MERIDIAN 7;40296;7719.0
ASNARO;40298;58328.0
YAOGAN-24;40310;56472.0
COSMOS 2501 [GLONASS-K];40315;8130.0
GSAT-16;40332;3808.0
DIRECTV 14;40333;3823.0
CBERS 4;40336;54658.0
YAOGAN-25 01A;40338;51181.0
YAOGAN-25 01B;40339;51178.0
YAOGAN-25 01C;40340;51190.0
YAMAL 401;40345;3839.0
O3B FM10;40348;19002.0
O3B FM11;40349;18988.0
O3B FM12;40350;18988.0
O3B FM9;40351;19003.0
DUMMY SAT 2 & BREEZE-M;40355;3544.0
COSMOS 2502;40358;52975.0
YAOGAN-26;40362;57763.0
ASTRA 2G;40364;3795.0
FENGYUN 2G;40367;3798.0
MUOS-3;40374;3780.0
SMAP;40376;54908.0
INMARSAT 5-F2;40384;3697.0
COSMOS 2503;40420;55874.0
ABS-3A;40424;3735.0
EUTELSAT 115 WEST B;40425;3738.0
MMS 1;40482;1631.0
MMS 2;40483;1629.0
MMS 3;40484;1629.0
MMS 4;40485;1629.0
EXPRESS-AM7;40505;3734.0
NAVSTAR 73 (USA 260);40534;7378.0
KOMPSAT-3A;40536;56011.0
GSAT0203 (GALILEO 7);40544;6236.0
GSAT0204 (GALILEO 8);40545;2539.0
IRNSS-1D;40547;3721.0
BEIDOU-3S IGSO-1S;40549;3704.0
GONETS-M 11;40552;45901.0
GONETS-M 12;40553;45907.0
GONETS-M 13;40554;45909.0
COSMOS 2504;40555;49577.0
THOR 7;40613;3680.0
TURKMENALEM52E/MONACOSAT;40617;3682.0
DIRECTV 15;40663;3652.0
SKY MEXICO-1;40664;3652.0
SENTINEL-2A;40697;51653.0
COSMOS 2506;40699;52474.0
GAOFEN-8;40701;54996.0
DMC3-FM1;40715;53053.0
DMC3-FM2;40716;53053.0
DMC3-FM3;40717;53053.0
CARBONITE 1 (CBNT-1);40718;53007.0
DEORBITSAIL;40719;53128.0
NAVSTAR 74 (USA 262);40730;7195.0
METEOSAT-11 (MSG-4);40732;320.0
STAR ONE C4;40733;3600.0
WGS F7 (USA 263);40746;3585.0
BEIDOU-3S M2S;40748;6665.0
BEIDOU-3S M1S;40749;6665.0
INTELSAT 34 (IS-34);40874;3561.0
EUTELSAT 8 WEST B;40875;3567.0
YAOGAN-27;40878;46655.0
GSAT-6;40880;3557.0
INMARSAT 5-F3;40882;3554.0
MUOS-4;40887;3554.0
GSAT0205 (GALILEO 9);40889;6015.0
GSAT0206 (GALILEO 10);40890;6021.0
TJS-1;40892;3555.0
GAOFEN-9 01;40894;52093.0
EXPRESS-AM8;40895;3533.0
OBJECT G;40905;53434.0
LILACSAT-2;40908;53402.0
COSMOS 2507;40920;43713.0
COSMOS 2508;40921;43711.0
COSMOS 2509;40922;43715.0
ASTROSAT;40930;52042.0
LAPAN-A2;40931;50649.0
BEIDOU-3S IGSO-2S;40938;3534.0
SKY MUSTER 1 (NBN1A);40940;3524.0
ARSAT 2;40941;3530.0
MORELOS 3;40946;3526.0
LQSAT;40958;51626.0
LINGQIAO VIDEO A;40959;51636.0
LINGQIAO VIDEO B;40960;51640.0
JILIN-1;40961;51653.0
AEROCUBE 5C;40965;30605.0
AEROCUBE 7;40966;30623.0
FOX-1A (AO-85);40967;5395.0
SINOD-D 1;40968;5687.0
ARC-1;40969;5574.0
SNAP-3 ALICE;40970;5546.0
LMRST-SAT;40971;5399.0
SNAP-3 EDDIE;40972;5757.0
PROPCUBE 3;40973;5510.0
BISONSAT;40974;5515.0
SNAP-3 JIMI;40975;5421.0
PROPCUBE 1 (FLORA);40976;5675.0
SINOD-D 3;40977;5507.0
APSTAR-9;40982;3514.0
TURKSAT 4B;40984;3508.0
TIANHUI 1-03;40988;53201.0
NAVSTAR 75 (USA 265);41019;6979.0
ZHONGXING-2C;41021;3500.0
YAOGAN-28;41026;52973.0
GSAT-15;41028;3478.0
BADR-7 (ARABSAT-6B);41029;3475.0
COSMOS 2510;41032;6939.0
LAOSAT 1;41034;3484.0
TELSTAR 12V;41036;3461.0
YAOGAN-29;41038;51134.0
COSMOS 2512;41099;50417.0
ZHONGXING-1C;41103;3457.0
ELEKTRO-L 2;41105;3450.0
COSMOS 2513;41121;3459.0
VELOX-CI;41166;52083.0
KENT RIDGE 1;41167;52017.0
TELEOS-1;41169;52198.0
DAMPE;41173;52338.0
GSAT0209 (GALILEO 12);41174;5794.0
GSAT0208 (GALILEO 11);41175;5835.0
ORBCOMM FM114;41179;49924.0
ORBCOMM FM119;41180;50057.0
ORBCOMM FM105;41181;49564.0
ORBCOMM FM110;41182;49919.0
ORBCOMM FM118;41183;49929.0
ORBCOMM FM112;41184;50048.0
ORBCOMM FM113;41185;50050.0
ORBCOMM FM115;41186;50265.0
ORBCOMM FM108;41187;50175.0
ORBCOMM FM117;41188;50167.0
ORBCOMM FM116;41189;50059.0
EXPRESS-AMU1;41191;3449.0
GAOFEN-4;41194;3448.0
BELINTERSAT-1;41238;3422.0
JASON-3;41240;43573.0
IRNSS-1E;41241;3404.0
INTELSAT 29E (IS-29E);41308;3424.0
EUTELSAT 9B;41310;3410.0
BEIDOU-3S M3S;41315;6313.0
NAVSTAR 76 (USA 266);41328;6780.0
COSMOS 2514 [GLONASS-M];41330;7209.0
SENTINEL-3A;41335;48102.0
ASTRO-H (HITOMI);41337;50673.0
CHUBUSAT-2;41338;50756.0
CHUBUSAT-3;41339;50752.0
HORYU-4;41340;50852.0
SES-9;41380;3342.0
EUTELSAT 65 WEST A;41382;3352.0
IRNSS-1F;41384;3364.0
COSMOS 2515;41394;50016.0
BEIDOU-2 IGSO-6;41434;3346.0
SENTINEL-1B;41456;48390.0
MICROSCOPE;41457;48037.0
IRNSS-1G;41469;3316.0
JCSAT-2B;41471;3307.0
YAOGAN-30 01;41473;48464.0
GSAT0211 (GALILEO 14);41549;5580.0
GSAT0210 (GALILEO 13);41550;5583.0
THAICOM 8;41552;3277.0
COSMOS 2516 [GLONASS-M];41554;6966.0
ZIYUAN 3-2 (ZY 3-2);41556;49717.0
COSMOS 2517 (GEO-IK 2);41579;45222.0
INTELSAT 31 (IS-31);41581;3266.0
BEIDOU-2 G7;41586;287.0
ABS-2A (MONGOLSAT-1);41588;3267.0
EUTELSAT 117 WEST B;41589;3268.0
BRISAT;41591;3259.0
ECHOSTAR 18;41592;3259.0
CARTOSAT-2C;41599;49298.0
SKYSAT-C1;41601;49660.0
LAPAN-A3;41603;49359.0
BIROS;41604;49513.0
M3MSAT;41605;49495.0
MUOS-5;41622;3305.0
SJ 16-02;41634;48147.0
TIANTONG-1 1;41725;3225.0
GAOFEN-3;41727;46098.0
JCSAT-16;41729;3205.0
QSS (MOZI);41731;48762.0
USA 270;41744;335.0
USA 271;41745;335.0
INTELSAT 36 (IS-36);41747;3193.0
INTELSAT 33E (IS-33E);41748;3223.0
INSAT-3DR;41752;3178.0
PERUSAT 1;41770;46078.0
SKYSAT-C4;41771;48382.0
SKYSAT-C5;41772;48233.0
SKYSAT-C2;41773;48356.0
SKYSAT-C3;41774;48431.0
PRATHAM;41783;46084.0
PISAT;41784;46101.0
ALSAT 1B;41785;46172.0
ALSAT 2B;41786;46198.0
PATHFINDER 1;41787;46103.0
ALSAT 1N;41789;46129.0
SCATSAT 1;41790;4242.0
GSAT-18;41793;3150.0
SKY MUSTER 2 (NBN1B);41794;3155.0
HIMAWARI-9;41836;3129.0
SHIJIAN-17 (SJ-17);41838;3119.0
XPNAV-1;41841;47452.0
CAS-2T & KS-1Q;41847;44706.0
RAVAN;41849;46614.0
CELTEE 1;41850;46521.0
OPTICUBE 04;41851;46476.0
AEROCUBE 8D;41852;46517.0
AEROCUBE 8C;41853;46520.0
PROMETHEUS 2-1;41854;46607.0
PROMETHEUS 2-3;41855;46616.0
YUNHAI-1 01;41857;44455.0
GSAT0207 (GALILEO 15);41859;5256.0
GSAT0212 (GALILEO 16);41860;5278.0
GSAT0213 (GALILEO 17);41861;5268.0
GSAT0214 (GALILEO 18);41862;5282.0
GOES 16;41866;3108.0
TIANLIAN 1-04;41869;3128.0
GOKTURK 1A;41875;45035.0
RESOURCESAT-2A;41877;43747.0
WGS F8 (USA 272);41879;3080.0
FENGYUN 4A;41882;3091.0
CYGFM05;41884;46671.0
CYGFM04;41885;46684.0
CYGFM02;41886;46703.0
CYGFM01;41887;46664.0
CYGFM08;41888;46685.0
CYGFM07;41890;46701.0
CYGFM03;41891;46700.0
ECHOSTAR 19;41893;3072.0
ARASE (ERG);41896;7795.0
TANSAT;41898;44627.0
YIJIAN;41899;44621.0
SPARK 1;41900;44592.0
SPARK 2;41901;44576.0
JCSAT-110A (JCSAT-15);41903;3077.0
STAR ONE D1;41904;3076.0
TJS-2;41911;3070.0
JILIN-1 03;41914;46046.0
KAIDUN 1;41915;46170.0
IRIDIUM 106;41917;43583.0
IRIDIUM 103;41918;43585.0
IRIDIUM 109;41919;43581.0
IRIDIUM 102;41920;43590.0
IRIDIUM 105;41921;43774.0
IRIDIUM 104;41922;43589.0
IRIDIUM 114;41923;43587.0
IRIDIUM 108;41924;43771.0
IRIDIUM 112;41925;43589.0
IRIDIUM 111;41926;43587.0
SBIRS GEO-4 (USA 273);41937;3058.0
HISPASAT 36W-1;41942;3020.0
TELKOM 3S;41944;3020.0
INTELSAT 32E (IS-32E);41945;3021.0
CARTOSAT-2D;41948;45680.0
SENTINEL-2B;42063;42745.0
ECHOSTAR 23;42070;2991.0
WGS F9 (USA 275);42075;2988.0
SES-10;42432;2973.0
CHINASAT 16 (SJ-13);42662;2972.0
KOREASAT 7;42691;2935.0
SGDC;42692;2943.0
GSAT-9;42695;2928.0
INMARSAT 5-F4;42698;2926.0
SES-15;42709;342.0
COSMOS 2518;42719;5811.0
QZS-2 (MICHIBIKI-2);42738;2904.0
VIASAT-2;42740;2916.0
EUTELSAT 172B;42741;2970.0
GSAT-19;42747;2912.0
ECHOSTAR 21;42749;2911.0
HXMT (HUIYAN);42758;43697.0
ZHUHAI-1 02 (CAS-4B);42759;43832.0
NUSAT-3 (MILANESAT);42760;43874.0
ZHUHAI-1 01 (CAS-4A);42761;43834.0
ZHONGXING-9A;42763;2966.0
CARTOSAT-2E;42767;43741.0
CE-SAT-I;42769;43991.0
D-SAT;42794;43039.0
BULGARIASAT-1;42801;2881.0
IRIDIUM 113;42803;41383.0
IRIDIUM 123;42804;41256.0
IRIDIUM 120;42805;41374.0
IRIDIUM 115;42806;41655.0
IRIDIUM 118;42807;41255.0
IRIDIUM 117;42808;41255.0
IRIDIUM 126;42809;41253.0
IRIDIUM 124;42810;41741.0
IRIDIUM 128;42811;41260.0
IRIDIUM 121;42812;41244.0
HELLAS-SAT 3;42814;2884.0
GSAT-17;42815;2886.0
INTELSAT 35E (IS-35E);42818;2879.0
KANOPUS-V-IK;42825;43448.0
NORSAT 1;42826;42681.0
OBJECT C;42827;42706.0
NORSAT 2;42828;42698.0
TECHNOSAT;42829;42659.0
FLYING LAPTOP;42831;42650.0
OBJECT H;42832;42667.0
OBJECT J;42833;42673.0
OBJECT K;42834;42672.0
WNISAT 1R;42835;42651.0
OBJECT M;42836;42675.0
LEMUR-2-GREENBERG;42837;42736.0
LEMUR-2-ANDIS;42838;42735.0
LEMUR-2-MONSON;42839;42724.0
LEMUR-2-FURIAUS;42840;42729.0
LEMUR-2-PETERG;42841;42741.0
LEMUR-2-DEMBITZ;42842;42745.0
OBJECT U;42843;42662.0
NANOACE;42844;42733.0
LEMUR-2-ZACHARY;42845;42773.0
CORVUS BC2;42846;42692.0
CORVUS BC1;42847;42691.0
OBJECT Z;42848;42694.0
CICERO 3;42849;42698.0
VENUS;42901;42052.0
COSMOS 2520;42907;2837.0
TDRS 13;42915;2836.0
QZS-3 (MICHIBIKI-3);42917;2824.0
FORMOSAT-5;42920;40862.0
ORS-5 SENSORSAT;42921;42126.0
AMAZONAS 5;42934;2803.0
COSMOS 2522 [GLONASS-M];42939;5943.0
ASIASAT 9;42942;2784.0
YAOGAN-30 02A;42945;41573.0
YAOGAN-30 02B;42946;41568.0
YAOGAN-30 02C;42947;41574.0
INTELSAT 37E (IS-37E);42950;2803.0
BSAT-4A;42951;2778.0
VRSS-2;42954;40926.0
IRIDIUM 133;42955;39740.0
IRIDIUM 100;42956;39746.0
IRIDIUM 122;42957;39745.0
IRIDIUM 129;42958;39746.0
IRIDIUM 119;42959;39748.0
IRIDIUM 107;42960;39744.0
IRIDIUM 132;42961;39748.0
IRIDIUM 136;42962;39746.0
IRIDIUM 139;42963;39751.0
IRIDIUM 125;42964;39748.0
QZS-4 (MICHIBIKI-4);42965;2779.0
SES-11 (ECHOSTAR 105);42967;2771.0
SENTINEL-5P;42969;39276.0
KOREASAT 5A;42984;2762.0
COSMOS 2523;42986;40921.0
SKYSAT-C11;42987;42135.0
SKYSAT-C10;42988;42106.0
SKYSAT-C9;42989;42129.0
SKYSAT-C8;42990;42097.0
SKYSAT-C7;42991;42104.0
SKYSAT-C6;42992;42105.0
BEIDOU-3 M1;43001;5115.0
BEIDOU-3 M2;43002;5112.0
MOHAMMED VI-A;43005;40493.0
FENGYUN 3D;43010;38823.0
HEAD-1;43011;39024.0
NOAA 20 (JPSS-1);43013;38771.0
MIRATA;43015;40657.0
MAKERSAT 0;43016;40557.0
RADFXSAT (FOX-1B);43017;40500.0
EAGLESAT 1;43018;40627.0
JILIN-1 04;43022;41285.0
JILIN-1 05;43023;41281.0
JILIN-1 06;43024;41266.0
YAOGAN-30 03A;43028;40728.0
YAOGAN-30 03B;43029;40727.0
YAOGAN-30 03C;43030;40725.0
COSMOS 2524;43032;37976.0
LKW-1;43034;41379.0
ALCOMSAT 1;43039;2726.0
GSAT0215 (GALILEO 19);43055;4612.0
GSAT0216 (GALILEO 20);43056;4616.0
GSAT0217 (GALILEO 21);43057;4615.0
GSAT0218 (GALILEO 22);43058;4618.0
GCOM-C (SHIKISAI);43065;38484.0
IRIDIUM 135;43070;38672.0
IRIDIUM 138;43071;38670.0
IRIDIUM 116;43072;38684.0
IRIDIUM 130;43073;38674.0
IRIDIUM 151;43074;38676.0
IRIDIUM 134;43075;38673.0
IRIDIUM 137;43076;38682.0
IRIDIUM 141;43077;38684.0
IRIDIUM 153;43078;38790.0
IRIDIUM 131;43079;38675.0
LKW-2;43080;41076.0
YAOGAN-30 04A;43081;40264.0
YAOGAN-30 04B;43082;40263.0
YAOGAN-30 04C;43083;40264.0
ANGOSAT 1;43087;2676.0
SUPERVIEW-1 03;43099;40712.0
BEIDOU-3 M7;43107;4988.0
BEIDOU-3 M8;43108;4989.0
CARTOSAT-2F;43111;38709.0
LEO 1 (LEO VANTAGE 1);43113;37882.0
CARBONITE 2;43115;40941.0
LKW-3;43146;40754.0
ASNARO-2;43152;40655.0
JILIN-1 07;43159;40379.0
JILIN-1 08;43160;40378.0
SBIRS GEO-3 (USA 282);43162;2682.0
WEINA 1A;43169;39799.0
YAOGAN-30 05A;43170;39807.0
YAOGAN-30 05B;43171;39808.0
YAOGAN-30 05C;43172;39808.0
AL YAH 3;43174;2683.0
SES-14;43175;2702.0
KANOPUS-V 3;43180;40384.0
KANOPUS-V 4;43181;40385.0
LEMUR-2-JIN-LUEN;43182;39887.0
LEMUR-2-URAMCHANSOL;43183;39945.0
LEMUR-2-KADI;43184;39891.0
LEMUR-2-THENICKMOLO;43185;39921.0
S-NET D;43186;39816.0
S-NET B;43187;39823.0
S-NET A;43188;39816.0
S-NET C;43189;39678.0
ZHANGHENG 1 (CSES);43194;40384.0
BEIDOU-3 M4;43207;4927.0
BEIDOU-3 M3;43208;4927.0
PAZ;43215;40028.0
GOES 17;43226;2641.0
HISPASAT 30W-6;43228;2639.0
PODSAT;43229;15979.0
O3B FM15;43231;13099.0
O3B FM16;43232;13078.0
O3B FM14;43233;13092.0
O3B FM13;43234;13095.0
LKW-4;43236;39814.0
GSAT-6A;43241;3108.0
BEIDOU-3 M9;43245;4844.0
BEIDOU-3 M10;43246;4843.0
IRIDIUM 144;43249;37276.0
IRIDIUM 149;43250;37282.0
IRIDIUM 157;43251;37276.0
IRIDIUM 140;43252;37282.0
IRIDIUM 145;43253;37278.0
IRIDIUM 146;43254;37276.0
IRIDIUM 148;43255;37279.0
IRIDIUM 142;43256;37276.0
IRIDIUM 150;43257;37278.0
IRIDIUM 143;43258;37275.0
GAOFEN-1 02;43259;38367.0
GAOFEN-1 03;43260;38366.0
GAOFEN-1 04;43262;38366.0
SUPERBIRD-B3;43271;2603.0
HYLAS 4;43272;2605.0
YAOGAN-31 01A;43275;34839.0
YAOGAN-31 01B;43276;34840.0
YAOGAN-31 01C;43277;34842.0
WEINA 1B;43279;34839.0
IRNSS-1I;43286;2604.0
USA 283;43339;2126.0
COSMOS 2526;43432;2595.0
TESS;43435;156.0
SENTINEL-3B;43437;36704.0
ZHUHAI-1 OVS-02;43440;39187.0
ZHUHAI-1 OHS-02;43441;39189.0
USA 285;43445;2282.0
USA 286;43446;2280.0
APSTAR-6C;43450;2579.0
GAOFEN-5 01;43461;37327.0
BANGABANDHUSAT-1;43463;2569.0
GRACE-FO 1;43476;38838.0
GRACE-FO 2;43477;38839.0
IRIDIUM 161;43478;36739.0
IRIDIUM 152;43479;36514.0
IRIDIUM 147;43480;36513.0
IRIDIUM 110;43481;36509.0
IRIDIUM 162;43482;36738.0
GAOFEN-6;43484;37436.0
LUOJIA-1 01;43485;37478.0
SES-12;43488;2540.0
FENGYUN 2H;43491;2550.0
COSMOS 2527 [GLONASS-M];43508;5373.0
XJS A;43518;38555.0
PAKTES 1A;43529;37204.0
PRSS 1;43530;36921.0
BEIDOU-2 IGSO-7;43539;2511.0
TELSTAR 19V;43562;2513.0
GSAT0221 (GALILEO 25);43564;4232.0
GSAT0222 (GALILEO 26);43565;4238.0
GSAT0219 (GALILEO 23);43566;4232.0
GSAT0220 (GALILEO 24);43567;4229.0
IRIDIUM 160;43569;35598.0
IRIDIUM 166;43570;35601.0
IRIDIUM 158;43571;35598.0
IRIDIUM 165;43572;35599.0
IRIDIUM 155;43573;35597.0
IRIDIUM 154;43574;35601.0
IRIDIUM 163;43575;35599.0
IRIDIUM 156;43576;35598.0
IRIDIUM 164;43577;35602.0
IRIDIUM 159;43578;35598.0
BEIDOU-3 M5;43581;4617.0
BEIDOU-3 M6;43582;4617.0
GAOFEN-11 01;43585;37843.0
TELKOM 4 (MERAH PUTIH);43587;2486.0
BEIDOU-3 M12;43602;4565.0
BEIDOU-3 M11;43603;4567.0
HAIYANG-1C;43609;34975.0
TELSTAR 18V;43611;2461.0
ICESAT-2;43613;37133.0
SSTL S1-4;43618;36312.0
NOVASAR 1;43619;36312.0
BEIDOU-3 M13;43622;4518.0
BEIDOU-3 M14;43623;4518.0
AZERSPACE 2 (IS-38);43632;2443.0
HORIZONS-3E;43633;2432.0
CENTISPACE-1 S1;43636;35220.0
SAOCOM 1A;43641;35685.0
YAOGAN-32 A;43642;35136.0
YAOGAN-32 B;43643;35135.0
BEIDOU-3 M16;43647;4471.0
BEIDOU-3 M15;43648;4470.0
AEHF-4 (USA 288);43651;2428.0
HAIYANG-2B;43655;32978.0
COSMOS 2528;43657;33405.0
CFOSAT;43662;36191.0
GOSAT 2;43672;35418.0
KHALIFASAT;43676;35580.0
TEN-KOH;43677;35609.0
DIWATA-2B;43678;35628.0
STARS-AO;43679;35684.0
AUTCUBE 2;43681;35653.0
BEIDOU-3 G1;43683;2404.0
COSMOS 2529 [GLONASS-M];43687;5074.0
METOP-C;43689;33800.0
GSAT-29;43698;2378.0
ES'HAIL 2;43700;2366.0
BEIDOU-3 M17;43706;4408.0
BEIDOU-3 M18;43707;4407.0
TIANZHI 1;43710;36190.0
SHIYAN-6 01 (SY-6 01);43711;36041.0
TIANPING 1B;43714;36190.0
MOHAMMED VI-B;43717;33255.0
HYSIS;43719;34842.0
COSMOS 2530;43751;29269.0
COSMOS 2531;43752;29269.0
COSMOS 2532;43753;29269.0
MINXSS-2;43758;35279.0
SIRION PATHFINDER-2;43759;35216.0
OBJECT D;43761;35187.0
STPSAT-5;43762;35231.0
POLAR SCOUT KODIAK;43764;35304.0
HAWK-A;43765;35228.0
SPAWAR-CAL-O;43766;35246.0
CORVUS BC4;43767;35198.0
AISTECHSAT 2;43768;35173.0
FLOCK 3S-1;43769;35311.0
FOX-1CLIFF (AO-95);43770;35232.0
OBJECT P;43771;35250.0
OBJECT Q;43772;35280.0
RANGE-A;43773;35202.0
HIBER-2;43774;35297.0
OBJECT T;43775;35197.0
SPAWAR-CAL-R;43776;35184.0
SPAWAR-CAL-OR;43778;35191.0
OBJECT X;43779;35191.0
MOVE-II;43780;35346.0
VESTA-1;43781;35284.0
SNUSAT-2;43782;35228.0
KAZSTSAT;43783;35136.0
SNUGLITE;43784;35241.0
ITASAT;43786;35231.0
KAZSCISAT-1;43787;35343.0
FLOCK 3S-3;43788;35286.0
IRVINE02;43789;35279.0
EAGLET-I;43790;35189.0
ESEO;43792;35166.0
CSIM-FD;43793;35328.0
HAWK-B;43794;35223.0
THEA;43796;35156.0
SKYSAT-C12;43797;36016.0
ASTROCAST 0.1;43798;35291.0
HAWK-C;43799;35298.0
ICEYE-X2;43800;35227.0
SKYSAT-C13;43802;36028.0
JY1SAT (JO-97);43803;35260.0
SUOMI-100;43804;35247.0
AL-FARABI 2;43805;35290.0
OBJECT BA;43806;35190.0
EUCROPIS;43807;35175.0
POLAR SCOUT YUKON;43808;35231.0
CENTAURI-1;43809;35199.0
OBJECT BE;43810;35167.0
NEXTSAT-1;43811;35156.0
GLOBAL-2;43812;35162.0
BRIO;43813;35319.0
FALCONSAT-6;43815;35275.0
SPACEBEE-7;43816;35259.0
EXCITE;43819;35156.0
SEAHAWK-1;43820;35175.0
FLOCK 3S-2;43821;35298.0
GEO-KOMPSAT-2A;43823;2365.0
GSAT-11;43824;2362.0
SAUDISAT 5A;43831;35470.0
SAUDISAT 5B;43833;35480.0
SHIELDS 1;43850;35718.0
GSAT-7A;43864;2342.0
COSMOS 2533;43867;2341.0
HONGYUN 1;43871;31508.0
NAVSTAR 77 (USA 289);43873;4700.0
TJS-3;43874;2340.0
KANOPUS-V 5;43876;35187.0
KANOPUS-V 6;43877;35209.0
ISAT;43879;34944.0
UWE-4;43880;34938.0
D-STAR ONE (SPARROW);43881;34953.0
GRUS-1A;43890;34780.0
OBJECT R;43891;35504.0
YUNHAI-2 01A;43909;33393.0
YUNHAI-2 01B;43910;33304.0
YUNHAI-2 01C;43911;33471.0
YUNHAI-2 01D;43912;33038.0
YUNHAI-2 01E;43913;33192.0
HONGYAN 1 (CHONGQING);43914;31269.0
YUNHAI-2 01F;43915;33129.0
TJS-3 AKM;43917;2310.0
ZHONGXING-2D;43920;5006.0
IRIDIUM 180;43922;33160.0
IRIDIUM 176;43923;34034.0
IRIDIUM 168;43924;33158.0
IRIDIUM 173;43925;33162.0
IRIDIUM 169;43926;33271.0
IRIDIUM 172;43927;33157.0
IRIDIUM 175;43928;34034.0
IRIDIUM 171;43929;33162.0
IRIDIUM 170;43930;34035.0
IRIDIUM 167;43931;33162.0
JILIN-1 09;43943;34846.0
JILIN-1 10;43946;34845.0
HELLAS-SAT 4 & SGS-1;44034;2334.0
GSAT-31;44035;2295.0
EGYPTSAT-A (MISRSAT-A);44047;33438.0
NUSANTARA SATU;44048;2275.0
ONEWEB-0012;44057;29896.0
ONEWEB-0010;44058;29894.0
ONEWEB-0008;44059;29905.0
ONEWEB-0007;44060;29870.0
ONEWEB-0006;44061;29875.0
ONEWEB-0011;44062;29878.0
S5;44065;2246.0
ZHONGXING-6C;44067;2271.0
WGS 10 (USA 291);44071;2261.0
PRISMA;44072;33274.0
TIANLIAN 2-01;44076;2259.0
EMISAT;44078;32233.0
O3B FM20;44112;11145.0
O3B FM19;44113;11140.0
O3B FM17;44114;11149.0
O3B FM18;44115;11160.0
ARABSAT-6A;44186;2214.0
BEIDOU-3 IGSO-1;44204;319.0
TIANHUI 2-01A;44207;4140.0
TIANHUI 2-01B;44209;33416.0
BEIDOU-2 G8;44231;2206.0
RISAT-2B;44233;32782.0
COSMOS 2534 [GLONASS-M];44299;4639.0
YAMAL 601;44307;2189.0
BUFENG 1A;44310;32621.0
BUFENG 1B;44311;32677.0
JILIN-1 GAOFEN 3A;44312;32676.0
XIAOXIANG 4;44313;32745.0
TIANQI-3;44314;32682.0
WT 1A;44315;32726.0
WT 1B;44316;32617.0
RCM-1;44322;32241.0
RCM-3;44323;32243.0
RCM-2;44324;32240.0
AT&T T-16;44333;2161.0
EUTELSAT 7C;44334;281.0
BEIDOU-3 IGSO-2;44337;2168.0
PROX-1;44339;31387.0
NPSAT1;44340;31344.0
OTB;44341;31294.0
FORMOSAT 7-3;44343;32287.0
DSX;44344;9758.0
FORMOSAT 7-1;44349;32455.0
FORMOSAT 7-4;44350;32388.0
FORMOSAT 7-2;44351;32344.0
FORMOSAT 7-6;44353;32161.0
FORMOSAT 7-5;44358;32211.0
METEOR-M2 2;44387;30436.0
ICEYE-X5;44389;32135.0
ICEYE-X4;44390;32087.0
ROBUSTA-1C (MTCUBE);44395;32525.0
SONATE;44400;32513.0
MOMENTUS-X1;44408;32445.0
COSMOS 2535;44421;31692.0
COSMOS 2538;44424;31923.0
YAOGAN-30 06A;44449;31640.0
YAOGAN-30 06B;44450;31648.0
YAOGAN-30 06C;44451;31644.0
MERIDIAN 8;44453;4229.0
COSMOS 2539;44457;2121.0
EDRS-C;44475;2119.0
INTELSAT 39 (IS-39);44476;2111.0
AMOS-17;44479;2116.0
AEHF-5 (USA 292);44481;2124.0
QIANSHENG 1-01;44486;31753.0
ZHONGXING-18;44493;5557.0
BRO-1;44495;31747.0
GLOBAL-4;44499;31822.0
NAVSTAR 78 (USA 293);44506;4202.0
COSMOS 2540;44517;28846.0
KX-09;44520;31023.0
ZY-1 02D;44528;29695.0
BNU-1 (JINGSHI 1);44529;29910.0
TAURUS-1 (JINNIUZUO 1);44530;29993.0
ZHUHAI-1 03A;44534;31498.0
ZHUHAI-1 03B;44536;31470.0
ZHUHAI-1 03C;44537;31488.0
ZHUHAI-1 03D;44538;31459.0
ZHUHAI-1 03E;44539;31447.0
BEIDOU-3 M24;44542;3833.0
BEIDOU-3 M23;44543;3833.0
YUNHAI-1 02;44547;29459.0
COSMOS 2541;44552;4118.0
GAOFEN-10R;44622;30310.0
EUTELSAT 5 WEST B;44624;2042.0
MEV-1;44625;2038.0
ICON;44628;30564.0
PALISADE;44634;26662.0
TJS-4;44637;2051.0
GAOFEN-7;44703;30682.0
BEIDOU-3 IGSO-3;44709;2042.0
STARLINK-1008;44714;30362.0
STARLINK-1010;44716;569.0
STARLINK-1011;44717;30314.0
STARLINK-1012;44718;30353.0
STARLINK-1013;44719;30366.0
STARLINK-1014;44720;611.0
STARLINK-1015;44721;30365.0
STARLINK-1017;44723;30337.0
STARLINK-1019;44724;30341.0
STARLINK-1020;44725;30334.0
STARLINK-1021;44726;593.0
STARLINK-1029;44734;584.0
STARLINK-1030;44735;30334.0
STARLINK-1031;44736;30335.0
STARLINK-1036;44741;30305.0
STARLINK-1039;44744;30278.0
STARLINK-1042;44747;30359.0
STARLINK-1043;44748;30283.0
STARLINK-1046;44751;30283.0
STARLINK-1047;44752;30334.0
STARLINK-1048;44753;30362.0
STARLINK-1053;44758;30323.0
STARLINK-1054;44759;30307.0
STARLINK-1056;44761;589.0
STARLINK-1057;44762;589.0
STARLINK-1060;44765;30334.0
STARLINK-1063;44768;30307.0
STARLINK-1067;44771;30278.0
STARLINK-1068;44772;30305.0
JILIN-1 GAOFEN 2A;44777;30360.0
NINGXIA-1 1;44779;28172.0
NINGXIA-1 2;44780;28172.0
NINGXIA-1 3;44781;28172.0
NINGXIA-1 4;44782;28172.0
NINGXIA-1 5;44783;28173.0
KL-ALPHA A;44785;27148.0
KL-ALPHA B;44786;27093.0
BEIDOU-3 M22;44793;3717.0
BEIDOU-3 M21;44794;3716.0
TIBA-1;44800;2004.0
INMARSAT GX5;44801;277.0
CARTOSAT-3;44804;30269.0
GAOFEN-12 01;44819;29490.0
JILIN-1 GAOFEN 2B;44836;29982.0
COSMOS 2544 [GLONASS-M];44850;4217.0
DUCHIFAT-3;44854;29870.0
RISAT-2BR1;44857;29706.0
IHOPSAT-TD;44859;29743.0
BEIDOU-3 M19;44864;3677.0
BEIDOU-3 M20;44865;3675.0
JCSAT-18 (KACIFIC 1);44868;2008.0
CSG-1;44873;29222.0
CHEOPS;44874;28745.0
ANGELS;44876;29981.0
TIANQIN 1 (CAS-6);44879;29232.0
ETRSS-1;44880;29232.0
TIANYAN 01;44881;29201.0
TIANYAN 02;44882;29258.0
CBERS 4A;44883;29185.0
WEILAI 1R;44884;29253.0
FLORIPASAT-1;44885;29265.0
SHUNTIAN ;44886;29247.0
OBJECT J;44887;29237.0
ELEKTRO-L 3;44903;1967.0
GONETS-M 14;44905;24395.0
GONETS-M 15;44906;24398.0
GONETS-M 16;44907;24391.0
RS-44 & BREEZE-KM R/B;44909;25113.0
SHIJIAN-20 (SJ-20);44910;1968.0
STARLINK-1098;44917;594.0
STARLINK-1104;44922;29453.0
STARLINK-1112;44925;29451.0
STARLINK-1114;44927;29447.0
STARLINK-1123;44930;29447.0
STARLINK-1130 (DARKSAT);44932;29661.0
STARLINK-1144;44933;29605.0
STARLINK-1071;44934;579.0
STARLINK-1079;44937;596.0
STARLINK-1091;44940;29472.0
STARLINK-1094;44941;29473.0
STARLINK-1096;44942;29703.0
STARLINK-1109;44945;615.0
STARLINK-1122;44949;29474.0
STARLINK-1117;44952;29545.0
STARLINK-1066;44954;594.0
STARLINK-1080;44961;29508.0
STARLINK-1090;44968;29512.0
STARLINK-1092;44969;608.0
STARLINK-1093;44970;29597.0
STARLINK-1107;44972;29544.0
STARLINK-1115;44973;29584.0
TJS-5;44978;1969.0
JILIN-1 KUANFU 01;45016;29495.0
YINHE-1;45024;28682.0
GSAT-30;45026;1949.0
EUTELSAT KONNECT;45027;2030.0
STARLINK-1132;45044;29139.0
STARLINK-1131;45047;29111.0
STARLINK-1134;45048;29156.0
STARLINK-1148;45052;597.0
STARLINK-1156;45054;29141.0
STARLINK-1159;45057;29106.0
STARLINK-1166;45060;29112.0
STARLINK-1169;45061;29112.0
STARLINK-1171;45062;29112.0
STARLINK-1133;45064;29139.0
STARLINK-1150;45067;29135.0
STARLINK-1161;45068;597.0
STARLINK-1167;45071;29134.0
STARLINK-1168;45072;29132.0
STARLINK-1170;45073;607.0
STARLINK-1172;45074;29134.0
STARLINK-1174;45075;29245.0
STARLINK-1153;45080;29139.0
STARLINK-1151;45081;29135.0
STARLINK-1190;45083;29153.0
STARLINK-1173;45084;29162.0
STARLINK-1179;45085;29160.0
STARLINK-1185;45087;29167.0
STARLINK-1183;45088;29160.0
STARLINK-1176;45090;29173.0
STARLINK-1142;45093;29198.0
STARLINK-1146;45094;29162.0
STARLINK-1147;45095;29205.0
STARLINK-1152;45096;29170.0
STARLINK-1184;45098;29025.0
STARLINK-1193;45100;29160.0
ONEWEB-0013;45131;25368.0
ONEWEB-0017;45132;25552.0
ONEWEB-0020;45133;25592.0
ONEWEB-0021;45134;25620.0
ONEWEB-0022;45135;25671.0
ONEWEB-0023;45136;25565.0
ONEWEB-0024;45137;25582.0
ONEWEB-0025;45138;25614.0
ONEWEB-0026;45139;25864.0
ONEWEB-0028;45140;25616.0
ONEWEB-0032;45141;25587.0
ONEWEB-0033;45142;25579.0
ONEWEB-0035;45143;25644.0
ONEWEB-0036;45144;25684.0
ONEWEB-0038;45145;25869.0
ONEWEB-0039;45146;25652.0
ONEWEB-0040;45147;25627.0
ONEWEB-0041;45148;26410.0
ONEWEB-0043;45149;25576.0
ONEWEB-0044;45150;25605.0
ONEWEB-0045;45151;25794.0
ONEWEB-0047;45152;25577.0
ONEWEB-0048;45153;25538.0
ONEWEB-0049;45154;25560.0
ONEWEB-0051;45155;25862.0
ONEWEB-0052;45156;25631.0
ONEWEB-0053;45157;25629.0
ONEWEB-0054;45158;25560.0
ONEWEB-0056;45159;25575.0
ONEWEB-0057;45160;25592.0
ONEWEB-0058;45161;25600.0
ONEWEB-0059;45162;25590.0
ONEWEB-0062;45163;25576.0
ONEWEB-0065;45164;25545.0
STARLINK-1143;45179;28959.0
STARLINK-1200;45181;28950.0
STARLINK-1201;45182;28917.0
STARLINK-1202;45183;28885.0
STARLINK-1216;45185;28943.0
STARLINK-1224;45186;28943.0
STARLINK-1225;45187;28948.0
STARLINK-1228;45188;28920.0
STARLINK-1230;45189;28670.0
STARLINK-1234;45190;28994.0
STARLINK-1237;45192;28861.0
STARLINK-1240;45194;28938.0
STARLINK-1244;45196;28953.0
STARLINK-1269;45197;28945.0
STARLINK-1154;45198;28888.0
STARLINK-1199;45201;28975.0
STARLINK-1206;45204;28977.0
STARLINK-1208;45205;28980.0
STARLINK-1209;45206;28907.0
STARLINK-1210;45207;29001.0
STARLINK-1219;45210;608.0
STARLINK-1231;45212;28971.0
STARLINK-1271;45217;28882.0
STARLINK-1187;45219;596.0
STARLINK-1191;45222;29004.0
STARLINK-1212;45223;28915.0
STARLINK-1215;45225;28915.0
STARLINK-1217;45226;28994.0
STARLINK-1221;45227;28960.0
STARLINK-1222;45228;28992.0
STARLINK-1226;45229;28907.0
STARLINK-1227;45230;29004.0
STARLINK-1238;45233;28974.0
STARLINK-1246;45235;28952.0
STARLINK-1247;45236;29004.0
STARLINK-1270;45237;29003.0
JCSAT-17;45245;1921.0
GEO-KOMPSAT-2B;45246;1926.0
MERIDIAN 9;45254;3823.0
BEIDOU-3 G2;45344;1924.0
COSMOS 2545 [GLONASS-M];45358;4011.0
STARLINK-1279;45360;28483.0
STARLINK-1301;45361;28470.0
STARLINK-1306;45362;28444.0
STARLINK-1262;45366;28438.0
STARLINK-1273;45367;28434.0
STARLINK-1276;45368;28438.0
STARLINK-1277;45369;28442.0
STARLINK-1281;45370;28440.0
STARLINK-1300;45374;28444.0
STARLINK-1302;45375;28444.0
STARLINK-1304;45376;28442.0
STARLINK-1305;45377;28444.0
STARLINK-1319;45379;28439.0
STARLINK-1258;45381;28469.0
STARLINK-1266;45383;28467.0
STARLINK-1267;45384;28470.0
STARLINK-1272;45386;28471.0
STARLINK-1274;45387;28467.0
STARLINK-1280;45388;28442.0
STARLINK-1283;45389;28471.0
STARLINK-1284;45390;28471.0
STARLINK-1292;45394;28441.0
STARLINK-1297;45395;28447.0
STARLINK-1307;45397;28453.0
STARLINK-1312;45398;28446.0
STARLINK-1255;45399;28465.0
STARLINK-1256;45401;617.0
STARLINK-1259;45403;28465.0
STARLINK-1260;45404;28456.0
STARLINK-1263;45405;28456.0
STARLINK-1265;45406;28446.0
STARLINK-1278;45408;28414.0
STARLINK-1296;45412;28456.0
STARLINK-1298;45413;28463.0
STARLINK-1309;45414;28457.0
STARLINK-1316;45415;28457.0
STARLINK-1318;45416;28455.0
STARLINK-1286;45417;28442.0
STARLINK-1308;45419;28412.0
ONEWEB-0066;45424;25021.0
ONEWEB-0067;45425;25027.0
ONEWEB-0080;45426;25024.0
ONEWEB-0090;45427;25020.0
ONEWEB-0061;45428;25015.0
ONEWEB-0081;45429;25031.0
ONEWEB-0069;45430;25022.0
ONEWEB-0031;45431;25019.0
ONEWEB-0027;45432;25364.0
ONEWEB-0064;45433;25022.0
ONEWEB-0018;45434;25016.0
ONEWEB-0083;45435;25025.0
ONEWEB-0095;45436;25020.0
ONEWEB-0092;45437;25032.0
ONEWEB-0085;45438;25020.0
ONEWEB-0096;45439;25019.0
ONEWEB-0037;45440;25023.0
ONEWEB-0042;45441;25024.0
ONEWEB-0098;45442;25018.0
ONEWEB-0055;45443;25019.0
ONEWEB-0093;45444;25021.0
ONEWEB-0029;45445;25019.0
ONEWEB-0068;45446;25018.0
ONEWEB-0046;45447;25014.0
ONEWEB-0063;45448;25026.0
ONEWEB-0019;45449;25007.0
ONEWEB-0094;45450;25359.0
ONEWEB-0087;45451;25012.0
ONEWEB-0082;45452;25021.0
ONEWEB-0050;45453;28078.0
ONEWEB-0034;45454;25012.0
ONEWEB-0060;45455;25012.0
ONEWEB-0086;45456;25014.0
ONEWEB-0088;45457;25012.0
YAOGAN-30 07A;45460;28040.0
YAOGAN-30 07B;45461;28037.0
YAOGAN-30 07C;45462;28040.0
AEHF-6 (USA 298);45465;1900.0
STARLINK-1329;45531;27976.0
STARLINK-1338;45532;27916.0
STARLINK-1350;45535;27945.0
STARLINK-1352;45536;27962.0
STARLINK-1362;45538;27976.0
STARLINK-1368;45540;27919.0
STARLINK-1371;45542;27917.0
STARLINK-1372;45543;27885.0
STARLINK-1373;45544;27918.0
STARLINK-1294;45551;27949.0
STARLINK-1323;45553;27874.0
STARLINK-1325;45554;28026.0
STARLINK-1327;45555;28002.0
STARLINK-1334;45556;28029.0
STARLINK-1336;45557;27942.0
STARLINK-1342;45558;28003.0
STARLINK-1355;45563;28014.0
STARLINK-1356;45564;27946.0
STARLINK-1357;45565;28003.0
STARLINK-1358;45566;28033.0
STARLINK-1361;45567;28003.0
STARLINK-1363;45568;27942.0
STARLINK-1366;45569;28002.0
STARLINK-1376;45570;28002.0
STARLINK-1320;45572;28040.0
STARLINK-1321;45573;27956.0
STARLINK-1328;45576;28018.0
STARLINK-1331;45578;28018.0
STARLINK-1333;45580;27944.0
STARLINK-1335;45581;28017.0
STARLINK-1337;45582;27956.0
STARLINK-1347;45586;27955.0
STARLINK-1349;45587;27957.0
STARLINK-1360;45588;28052.0
STARLINK-1364;45589;27956.0
STARLINK-1365;45590;27977.0
XINGYUN-2 01;45602;27446.0
XINGYUN-2 02;45603;27445.0
COSMOS 2546;45608;3642.0
XJS G;45611;27858.0
GAOFEN-9 02;45625;27523.0
STARLINK-1443;45660;27340.0
STARLINK-1446;45663;27357.0
STARLINK-1448;45665;27339.0
STARLINK-1451;45668;27340.0
STARLINK-1452;45669;27343.0
STARLINK-1453;45670;27368.0
STARLINK-1454;45671;27337.0
STARLINK-1456;45673;27339.0
STARLINK-1457;45674;27336.0
STARLINK-1458;45675;27336.0
STARLINK-1460;45676;27335.0
STARLINK-1392;45677;27338.0
STARLINK-1394;45679;27352.0
STARLINK-1402;45685;27360.0
STARLINK-1404;45686;27315.0
STARLINK-1413;45689;27343.0
STARLINK-1417;45693;27351.0
STARLINK-1420;45695;27380.0
STARLINK-1422;45696;27353.0
STARLINK-1351;45697;27381.0
STARLINK-1398;45699;569.0
STARLINK-1400;45700;27379.0
STARLINK-1403;45701;27379.0
STARLINK-1405;45702;27408.0
STARLINK-1407;45703;27361.0
STARLINK-1411;45706;27345.0
STARLINK-1412;45707;27452.0
STARLINK-1423;45710;27345.0
STARLINK-1433;45711;27380.0
STARLINK-1434;45712;27380.0
HAIYANG-1D;45721;25763.0
ANDESITE;45726;26547.0
M2 PATHFINDER;45727;26537.0
STARLINK-1465;45731;27083.0
STARLINK-1471;45735;27234.0
STARLINK-1474;45738;27139.0
STARLINK-1475;45739;27300.0
STARLINK-1480;45741;27084.0
STARLINK-1481;45742;593.0
STARLINK-1500;45744;27184.0
STARLINK-1503;45745;27242.0
STARLINK-1504;45746;27117.0
STARLINK-1506;45747;27188.0
STARLINK-1507;45748;602.0
STARLINK-1464;45751;27111.0
STARLINK-1476;45753;27284.0
STARLINK-1477;45754;27111.0
STARLINK-1478;45755;27230.0
STARLINK-1484;45756;27290.0
STARLINK-1487;45758;27436.0
STARLINK-1493;45759;27211.0
STARLINK-1494;45760;27211.0
STARLINK-1502;45764;27105.0
STARLINK-1470;45772;27258.0
STARLINK-1482;45773;27242.0
STARLINK-1485;45774;27255.0
STARLINK-1489;45776;27363.0
STARLINK-1491;45778;27336.0
STARLINK-1496;45780;27132.0
STARLINK-1497;45781;27262.0
STARLINK-1510;45784;27274.0
STARLINK-1513;45786;27238.0
STARLINK-1517;45787;27283.0
GAOFEN-9 03;45794;27267.0
BEIDOU-3 G3;45807;1805.0
NAVSTAR 79 (USA 304);45854;3600.0
GAOFEN DUOMO (GFDM);45856;26197.0
SHIYAN-6 02 (SY-6 02);45859;25845.0
APSTAR-6D;45863;1783.0
KOREASAT 116;45920;1762.0
ZINYUAN-3;45939;26654.0
EXPRESS 103;45985;1763.0
EXPRESS 80;45986;1761.0
GAOFEN-9 04;46025;26511.0
STARLINK-1522;46027;26307.0
STARLINK-1523;46028;26305.0
STARLINK-1526;46029;26306.0
STARLINK-1555;46032;26305.0
STARLINK-1556;46033;26306.0
STARLINK-1557;46034;26353.0
STARLINK-1558;46035;26356.0
STARLINK-1560;46036;26306.0
STARLINK-1567;46038;26355.0
STARLINK-1569;46039;26307.0
STARLINK-1582;46043;26305.0
STARLINK-1591;46045;26353.0
STARLINK-1524;46047;26321.0
STARLINK-1527;46048;26367.0
STARLINK-1540;46051;26321.0
STARLINK-1541;46052;26319.0
STARLINK-1543;46053;26370.0
STARLINK-1548;46054;26318.0
STARLINK-1554;46055;26319.0
STARLINK-1564;46058;26315.0
STARLINK-1570;46059;26319.0
STARLINK-1572;46060;26367.0
STARLINK-1573;46061;26370.0
STARLINK-1577;46063;26369.0
STARLINK-1583;46064;26319.0
STARLINK-1525;46066;26396.0
STARLINK-1536;46070;26398.0
STARLINK-1542;46073;26397.0
STARLINK-1549;46074;26396.0
STARLINK-1551;46075;26397.0
STARLINK-1552;46076;26344.0
STARLINK-1559;46077;26393.0
STARLINK-1566;46079;26344.0
STARLINK-1568;46080;26358.0
STARLINK-1578;46082;26344.0
STARLINK-1579;46083;26396.0
BSAT-4B;46112;1737.0
GALAXY 30 (G-30);46114;1728.0
STARLINK-1585;46117;26172.0
STARLINK-1588;46118;598.0
STARLINK-1593;46119;26133.0
STARLINK-1601;46120;26196.0
STARLINK-1605;46123;26198.0
STARLINK-1614;46124;26122.0
STARLINK-1618;46125;26138.0
STARLINK-1621;46127;26100.0
STARLINK-1622;46128;26198.0
STARLINK-1623;46129;26122.0
STARLINK-1624;46130;26253.0
STARLINK-1625;46131;26172.0
STARLINK-1639;46135;26210.0
STARLINK-1643;46136;26087.0
STARLINK-1586;46137;579.0
STARLINK-1596;46141;26132.0
STARLINK-1597;46142;26133.0
STARLINK-1606;46144;24926.0
STARLINK-1608;46146;26144.0
STARLINK-1629;46150;26072.0
STARLINK-1631;46151;26208.0
STARLINK-1636;46153;26128.0
STARLINK-1642;46154;26081.0
STARLINK-1667;46155;26246.0
STARLINK-1545;46156;26221.0
STARLINK-1587;46157;26128.0
STARLINK-1595;46159;26199.0
STARLINK-1598;46160;26226.0
STARLINK-1600;46161;26232.0
STARLINK-1612;46164;26250.0
STARLINK-1626;46167;26069.0
STARLINK-1627;46168;26207.0
STARLINK-1628;46169;26192.0
STARLINK-1633;46171;26172.0
STARLINK-1635;46172;26226.0
STARLINK-1640;46173;26069.0
STARLINK-1641;46174;26067.0
GAOFEN-9 05;46232;26251.0
SAOCOM 1B;46265;25424.0
GNOMES-1;46266;25565.0
TYVAK-0172;46267;25663.0
ION-MK01;46274;26073.0
ATHENA;46275;26047.0
UPMSAT-2;46276;26111.0
NEMO-HD;46277;26042.0
GHGSAT-C1;46278;26116.0
3CAT-5A;46292;25949.0
3CAT-5B;46293;25942.0
OSM-1 CICERO;46294;26041.0
NAPA-1;46320;25977.0
STARLINK-1734;46325;26029.0
STARLINK-1654;46326;25894.0
STARLINK-1673;46327;25988.0
STARLINK-1686;46328;25945.0
STARLINK-1695;46329;25921.0
STARLINK-1710;46330;25922.0
STARLINK-1719;46331;25919.0
STARLINK-1723;46333;25894.0
STARLINK-1727;46335;25919.0
STARLINK-1738;46336;25946.0
STARLINK-1750;46337;25946.0
STARLINK-1752;46338;25894.0
STARLINK-1759;46340;25918.0
STARLINK-1762;46342;25896.0
STARLINK-1764;46343;25946.0
STARLINK-1765;46344;25937.0
STARLINK-1767;46345;25894.0
STARLINK-1547;46347;25954.0
STARLINK-1553;46348;25932.0
STARLINK-1575;46349;25955.0
STARLINK-1646;46351;25923.0
STARLINK-1653;46352;25924.0
STARLINK-1656;46353;25918.0
STARLINK-1657;46354;25894.0
STARLINK-1661;46355;25914.0
STARLINK-1665;46356;25914.0
STARLINK-1666;46357;25946.0
STARLINK-1707;46359;25958.0
STARLINK-1713;46360;25985.0
STARLINK-1726;46362;25957.0
STARLINK-1739;46363;26059.0
STARLINK-1651;46366;25955.0
STARLINK-1689;46372;25968.0
STARLINK-1724;46375;25955.0
STARLINK-1742;46376;25960.0
STARLINK-1769;46382;25977.0
STARLINK-1770;46383;25914.0
STARLINK-1771;46384;25895.0
GAOFEN-11 02;46396;26063.0
JILIN-1 GAOFEN 3B;46454;25802.0
JILIN-1 GAOFEN 3C;46455;25808.0
JILIN-1 GAOFEN 3D;46456;25813.0
JILIN-1 GAOFEN 3E;46457;25792.0
JILIN-1 GAOFEN 3F;46458;25791.0
JILIN-1 GAOFEN 3G;46459;25798.0
JILIN-1 GAOFEN 3H;46460;25797.0
JILIN-1 GAOFEN 3I;46461;25801.0
JILIN-1 GAOFEN 3J;46462;25802.0
HAIYANG-2C;46469;23446.0
HJ-2A;46478;24923.0
HJ-2B;46479;24923.0
GONETS-M 17;46486;20966.0
GONETS-M 18;46487;20965.0
GONETS-M 19;46488;20967.0
DEKART;46493;25454.0
NORBI;46494;25465.0
SALSAT;46495;25431.0
ICEYE-X7;46496;25378.0
ICEYE-X6;46497;25316.0
KEPLER-4 (ANTILLES);46499;25576.0
NETSAT-4;46504;25431.0
NETSAT-3;46505;25428.0
NETSAT-1;46506;25414.0
NETSAT-2;46507;25425.0
STARLINK-1648;46533;25414.0
STARLINK-1663;46535;25411.0
STARLINK-1672;46537;25391.0
STARLINK-1678;46538;25415.0
STARLINK-1687;46541;25447.0
STARLINK-1692;46542;25426.0
STARLINK-1693;46543;25483.0
STARLINK-1700;46549;25388.0
STARLINK-1664;46553;25463.0
STARLINK-1676;46556;25422.0
STARLINK-1679;46557;25443.0
STARLINK-1680;46558;25434.0
STARLINK-1681;46559;25468.0
STARLINK-1714;46562;25418.0
STARLINK-1730;46563;25450.0
STARLINK-1733;46564;25449.0
STARLINK-1735;46565;25409.0
STARLINK-1740;46566;25439.0
STARLINK-1741;46567;25448.0
STARLINK-1531;46572;25422.0
STARLINK-1660;46574;590.0
STARLINK-1675;46575;25490.0
STARLINK-1677;46576;25441.0
STARLINK-1683;46578;25439.0
STARLINK-1705;46579;25439.0
STARLINK-1708;46580;592.0
STARLINK-1712;46581;25449.0
STARLINK-1728;46582;25449.0
STARLINK-1736;46585;25417.0
STARLINK-1746;46588;25448.0
GAOFEN-13 01;46610;1690.0
STARLINK-1716;46672;25232.0
STARLINK-1718;46674;25177.0
STARLINK-1773;46679;25212.0
STARLINK-1775;46681;25150.0
STARLINK-1781;46685;25149.0
STARLINK-1784;46687;25199.0
STARLINK-1788;46689;25207.0
STARLINK-1789;46690;25245.0
STARLINK-1790;46691;25231.0
STARLINK-1792;46693;25289.0
STARLINK-1795;46696;25204.0
STARLINK-1797;46698;25176.0
STARLINK-1799;46699;25225.0
STARLINK-1800;46700;25199.0
STARLINK-1801;46701;25232.0
STARLINK-1802;46702;25261.0
STARLINK-1805;46705;25156.0
STARLINK-1807;46706;25177.0
STARLINK-1810;46709;25156.0
STARLINK-1814;46712;25231.0
STARLINK-1815;46713;25231.0
STARLINK-1816;46714;25177.0
STARLINK-1817;46715;25177.0
STARLINK-1818;46716;611.0
STARLINK-1820;46717;25238.0
STARLINK-1821;46718;25150.0
STARLINK-1822;46719;589.0
STARLINK-1826;46723;25267.0
STARLINK-1828;46725;25157.0
STARLINK-1830;46727;25267.0
STARLINK-1848;46740;25126.0
STARLINK-1892;46743;25129.0
STARLINK-1894;46744;25128.0
STARLINK-1905;46746;25130.0
STARLINK-1911;46749;25137.0
STARLINK-1922;46753;25130.0
STARLINK-1924;46755;609.0
STARLINK-1928;46758;25130.0
STARLINK-1833;46759;25124.0
STARLINK-1903;46764;25165.0
STARLINK-1832;46780;25148.0
STARLINK-1835;46782;25142.0
STARLINK-1882;46784;25143.0
STARLINK-1893;46786;25139.0
STARLINK-1931;46790;25130.0
STARLINK-1934;46792;25148.0
STARLINK-1942;46794;25129.0
STARLINK-1944;46796;25148.0
COSMOS 2547 [GLONASS-K];46805;3536.0
YAOGAN-30 08A;46807;24807.0
YAOGAN-30 08B;46808;24807.0
YAOGAN-30 08C;46809;24806.0
TIANQI-6;46810;24835.0
CE-SAT IIB;46818;25253.0
NAVSTAR 80 (USA 309);46826;3331.0
RISAT-2BR2;46905;24729.0
KSM1-C;46906;24813.0
KSM1-D;46907;24819.0
KSM1-A;46912;24822.0
R2;46913;25094.0
KSM1-B;46914;24746.0
TIANTONG-1 2;46916;1663.0
DRAGRACER 2 (AUGURY);46955;24953.0
SENTINEL-6;46984;20904.0
STARLINK-1777;47122;24674.0
STARLINK-1843;47133;24690.0
STARLINK-1845;47135;24657.0
STARLINK-1849;47137;618.0
STARLINK-1856;47143;24657.0
STARLINK-1860;47147;601.0
STARLINK-1861;47148;24710.0
STARLINK-1862;47149;24724.0
STARLINK-1863;47150;594.0
STARLINK-1866;47152;609.0
STARLINK-1871;47157;24643.0
STARLINK-1873;47158;24657.0
STARLINK-1876;47161;24664.0
STARLINK-1877;47162;609.0
STARLINK-1888;47171;24664.0
STARLINK-1890;47173;24760.0
STARLINK-1912;47178;24644.0
STARLINK-1913;47179;24655.0
LUCAS (JDRS-1);47202;1640.0
FALCON EYE 2;47226;24087.0
GONETS-M 20;47227;20150.0
GONETS-M 21;47228;20151.0
GONETS-M 22;47229;20149.0
COSMOS 2548;47230;20151.0
GAOFEN-14;47231;24684.0
GECAM-A;47234;24149.0
GECAM-B;47235;24153.0
SXM-7;47240;343.0
IPM 2 & BREEZE-M R/B;47242;1545.0
CMS-01;47256;1618.0
ONEWEB-0102;47258;21222.0
ONEWEB-0109;47259;21209.0
ONEWEB-0110;47260;21221.0
ONEWEB-0111;47261;21205.0
ONEWEB-0114;47262;21200.0
ONEWEB-0117;47263;21202.0
ONEWEB-0118;47264;21224.0
ONEWEB-0119;47265;21219.0
ONEWEB-0120;47266;21221.0
ONEWEB-0121;47267;21217.0
ONEWEB-0122;47268;21204.0
ONEWEB-0123;47269;21222.0
ONEWEB-0124;47270;21206.0
ONEWEB-0125;47271;21212.0
ONEWEB-0126;47272;21222.0
ONEWEB-0127;47273;21221.0
ONEWEB-0128;47274;21223.0
ONEWEB-0129;47275;21216.0
ONEWEB-0130;47276;21213.0
ONEWEB-0131;47277;21217.0
ONEWEB-0132;47278;21211.0
ONEWEB-0133;47279;21222.0
ONEWEB-0134;47280;21220.0
ONEWEB-0135;47281;21222.0
ONEWEB-0136;47282;21215.0
ONEWEB-0137;47283;21210.0
ONEWEB-0138;47284;21214.0
ONEWEB-0139;47285;21221.0
ONEWEB-0140;47286;21218.0
ONEWEB-0141;47287;21216.0
ONEWEB-0142;47288;21218.0
ONEWEB-0143;47289;21213.0
ONEWEB-0144;47290;21206.0
ONEWEB-0145;47291;21225.0
ONEWEB-0146;47292;21216.0
ONEWEB-0147;47293;21206.0
XJY-7;47298;24455.0
YAOGAN-33 01;47302;23298.0
WEINA 2;47303;23318.0
TURKSAT 5A;47306;1595.0
TIANTONG-1 3;47321;1594.0
GMS-T;47346;20709.0
STARLINK-2017;47351;23825.0
STARLINK-2034;47352;23770.0
STARLINK-2045;47353;23846.0
STARLINK-2046;47354;23818.0
STARLINK-2047;47355;23837.0
STARLINK-2049;47356;23810.0
STARLINK-2050;47357;23865.0
STARLINK-2055;47358;23808.0
STARLINK-2069;47359;23820.0
STARLINK-2071;47361;23906.0
STARLINK-2076;47362;23769.0
STARLINK-2081;47366;23769.0
STARLINK-2082;47367;23770.0
STARLINK-2084;47368;23770.0
STARLINK-2086;47370;23825.0
STARLINK-2088;47371;23769.0
STARLINK-2092;47373;23769.0
STARLINK-2093;47374;23769.0
STARLINK-2094;47375;23769.0
STARLINK-2096;47376;23769.0
STARLINK-2097;47377;23769.0
STARLINK-2098;47378;23824.0
STARLINK-2099;47379;23825.0
STARLINK-2100;47380;23911.0
STARLINK-2101;47381;23804.0
STARLINK-2102;47382;23812.0
STARLINK-2103;47383;23830.0
STARLINK-2104;47384;23809.0
STARLINK-2105;47385;23809.0
STARLINK-2106;47386;23879.0
STARLINK-2109;47388;23769.0
STARLINK-2110;47389;23796.0
STARLINK-2111;47390;23769.0
STARLINK-2112;47391;23810.0
STARLINK-2113;47392;23811.0
STARLINK-2114;47393;23843.0
STARLINK-2117;47395;23830.0
STARLINK-2119;47397;23771.0
STARLINK-2121;47399;23802.0
STARLINK-2122;47400;23824.0
STARLINK-2123;47401;23878.0
STARLINK-2128;47404;23810.0
STARLINK-2130;47405;23769.0
STARLINK-2133;47406;23810.0
STARLINK-2134;47407;23810.0
STARLINK-2135;47408;23878.0
ASTROCAST-0101;47430;23768.0
RIDESHARE ADAPTER;47435;23857.0
CUBEL;47448;23833.0
CELESTIS-17 & SHERPA-FX1;47486;23811.0
ASTROCAST-0103;47487;23867.0
HAWK-2C;47502;23821.0
ION SCV-002;47504;23850.0
HAWK-2A;47505;23820.0
HAWK-2B;47508;23820.0
GHGSAT-C2;47509;23842.0
ICEYE-X8;47510;23925.0
ASTROCAST-0105;47517;23860.0
ASTROCAST-0104;47519;23871.0
YAOGAN-31 02A;47532;21051.0
YAOGAN-31 02B;47533;21052.0
YAOGAN-31 02C;47536;21053.0
COSMOS 2549;47546;21795.0
STARLINK-1806;47549;23664.0
STARLINK-1940;47552;591.0
STARLINK-1954;47555;23543.0
STARLINK-1955;47556;23516.0
STARLINK-1957;47558;604.0
STARLINK-1958;47559;23572.0
STARLINK-1959;47560;604.0
STARLINK-1960;47561;23663.0
STARLINK-1962;47563;23610.0
STARLINK-1963;47564;610.0
STARLINK-1964;47565;23558.0
STARLINK-1965;47566;23577.0
STARLINK-1966;47567;23624.0
STARLINK-1967;47568;23517.0
STARLINK-1971;47572;23559.0
STARLINK-1975;47573;23556.0
STARLINK-1978;47576;594.0
STARLINK-1979;47577;23550.0
STARLINK-1982;47580;606.0
STARLINK-1986;47582;23609.0
STARLINK-1991;47587;23557.0
STARLINK-1993;47588;23543.0
STARLINK-1994;47589;23543.0
STARLINK-1995;47590;23516.0
STARLINK-1997;47592;23515.0
STARLINK-2001;47596;23582.0
STARLINK-2021;47604;23557.0
STARLINK-2024;47606;23557.0
TJS-6;47613;1579.0
STARLINK-1609;47621;23465.0
STARLINK-1645;47622;23464.0
STARLINK-1655;47623;23554.0
STARLINK-1669;47624;23440.0
STARLINK-1704;47625;23413.0
STARLINK-1761;47626;602.0
STARLINK-1972;47627;23592.0
STARLINK-1973;47628;23412.0
STARLINK-1974;47629;23631.0
STARLINK-1983;47630;23489.0
STARLINK-1992;47632;23593.0
STARLINK-2010;47634;23430.0
STARLINK-2015;47638;23593.0
STARLINK-2019;47641;23593.0
STARLINK-2022;47643;23491.0
STARLINK-2030;47647;23422.0
STARLINK-2031;47648;23491.0
STARLINK-2032;47649;23441.0
STARLINK-2033;47650;23490.0
STARLINK-2036;47652;23412.0
STARLINK-2038;47654;23480.0
STARLINK-2039;47655;23464.0
STARLINK-2040;47656;23491.0
STARLINK-2041;47657;23464.0
STARLINK-2043;47659;23642.0
STARLINK-2052;47662;23493.0
STARLINK-2053;47663;23621.0
STARLINK-2058;47667;23412.0
STARLINK-2065;47672;23459.0
STARLINK-2083;47676;23639.0
STARLINK-2095;47679;23429.0
YAOGAN-31 03A;47691;20706.0
OBJECT B;47692;20682.0
YAOGAN-31 03B;47693;20703.0
YAOGAN-31 03C;47695;20704.0
AMAZONIA 1;47699;22099.0
ARKTIKA-M 1;47719;3074.0
STARLINK-2068;47722;23201.0
STARLINK-2107;47723;23292.0
STARLINK-2116;47724;23292.0
STARLINK-2131;47728;23195.0
STARLINK-2140;47730;23229.0
STARLINK-2141;47731;23180.0
STARLINK-2142;47732;23299.0
STARLINK-2143;47733;23227.0
STARLINK-2144;47734;23237.0
STARLINK-2146;47735;585.0
STARLINK-2147;47736;23250.0
STARLINK-2150;47739;23160.0
STARLINK-2156;47742;23259.0
STARLINK-2159;47745;23180.0
STARLINK-2160;47746;23180.0
STARLINK-2161;47747;23194.0
STARLINK-2162;47748;23249.0
STARLINK-2163;47749;23249.0
STARLINK-2164;47750;23254.0
STARLINK-2169;47752;23188.0
STARLINK-2170;47753;23240.0
STARLINK-2171;47754;23181.0
STARLINK-2178;47760;23166.0
STARLINK-2180;47762;23217.0
STARLINK-2184;47766;209.0
STARLINK-2185;47767;23241.0
STARLINK-2193;47770;23245.0
STARLINK-2194;47771;23246.0
STARLINK-2195;47772;23166.0
STARLINK-2196;47773;23222.0
STARLINK-2209;47776;23242.0
STARLINK-2210;47777;173.0
STARLINK-2211;47778;23237.0
STARLINK-2213;47780;23241.0
STARLINK-2257;47787;23096.0
STARLINK-2314;47788;23131.0
STARLINK-2315;47789;23112.0
STARLINK-2319;47790;23166.0
STARLINK-2322;47791;23094.0
STARLINK-2334;47792;23152.0
STARLINK-2338;47793;23146.0
STARLINK-2373;47796;23124.0
STARLINK-2377;47797;23117.0
STARLINK-2379;47798;23123.0
STARLINK-2380;47799;23144.0
STARLINK-2381;47800;23151.0
STARLINK-2383;47802;23113.0
STARLINK-2385;47804;23151.0
STARLINK-2386;47805;23123.0
STARLINK-2387;47806;23103.0
STARLINK-2388;47807;23164.0
STARLINK-2389;47808;23103.0
STARLINK-2391;47810;23109.0
STARLINK-2393;47812;23103.0
STARLINK-2395;47814;23130.0
STARLINK-2396;47815;23130.0
STARLINK-2399;47816;23123.0
STARLINK-2400;47817;23094.0
STARLINK-2401;47818;23116.0
STARLINK-2402;47819;23130.0
STARLINK-2406;47821;23119.0
STARLINK-2407;47822;23111.0
STARLINK-2408;47823;23124.0
STARLINK-2409;47824;23123.0
STARLINK-2410;47825;23124.0
STARLINK-2411;47826;23124.0
STARLINK-2413;47827;23138.0
STARLINK-2415;47828;23111.0
STARLINK-2416;47829;580.0
STARLINK-2419;47830;23103.0
STARLINK-2420;47831;23143.0
STARLINK-2422;47832;23095.0
STARLINK-2423;47833;23129.0
STARLINK-2424;47834;23129.0
STARLINK-2426;47836;23124.0
STARLINK-2427;47837;23152.0
STARLINK-2429;47838;23097.0
STARLINK-2431;47839;23139.0
STARLINK-2432;47840;23124.0
STARLINK-2433;47841;23124.0
STARLINK-2435;47843;23088.0
STARLINK-2446;47844;23124.0
STARLINK-2453;47845;23118.0
SHIYAN-9 (SY-9);47851;2012.0
YAOGAN-31 04A;47854;20476.0
OBJECT B;47855;20455.0
YAOGAN-31 04B;47856;20474.0
YAOGAN-31 04C;47857;20475.0
STARLINK-2280;47861;23093.0
STARLINK-2291;47862;23098.0
STARLINK-2326;47870;23016.0
STARLINK-2329;47873;23097.0
STARLINK-2330;47874;23119.0
STARLINK-2336;47879;23075.0
STARLINK-2340;47882;23140.0
STARLINK-2342;47883;23095.0
STARLINK-2343;47884;23070.0
STARLINK-2346;47887;23028.0
STARLINK-2354;47894;23075.0
STARLINK-2355;47895;23076.0
STARLINK-2356;47896;23059.0
STARLINK-2358;47898;23075.0
STARLINK-2361;47901;23097.0
STARLINK-2363;47903;23132.0
STARLINK-2364;47904;23096.0
STARLINK-2367;47907;23067.0
STARLINK-2368;47908;23070.0
STARLINK-2370;47910;23082.0
STARLINK-2371;47911;23048.0
STARLINK-2378;47916;23096.0
STARLINK-2405;47919;23069.0
CAS500-1;47932;22998.0
GRUS-1C;47933;22600.0
GRUS-1B;47934;22600.0
GRUS-1E;47935;22601.0
GRUS-1D;47936;22600.0
CANYVAL-C (PUMBAA);47938;22961.0
WILDTRACKCUBE-SIMBA;47941;22896.0
ELSA-D;47944;22946.0
UNISAT-7;47945;22853.0
CUBESX-SIRIUS-HSE;47951;22950.0
CUBESX-HSE;47952;22952.0
GRBALPHA;47959;22834.0
GLOBAL-9;47971;23320.0
STARLINK-1647;47978;22872.0
STARLINK-2303;47981;22920.0
STARLINK-2273;47993;22978.0
STARLINK-2309;47995;22969.0
STARLINK-2266;47997;22953.0
STARLINK-2270;48000;23041.0
STARLINK-2263;48003;22940.0
STARLINK-2153;48009;22939.0
STARLINK-2226;48010;22867.0
STARLINK-2284;48016;23069.0
STARLINK-2282;48018;22984.0
STARLINK-2285;48019;22949.0
STARLINK-2301;48021;22967.0
STARLINK-2298;48022;22926.0
STARLINK-2292;48023;22924.0
STARLINK-2299;48029;22926.0
ONEWEB-0115;48042;20103.0
ONEWEB-0152;48043;20099.0
ONEWEB-0153;48044;20098.0
ONEWEB-0154;48045;20094.0
ONEWEB-0116;48046;20111.0
ONEWEB-0150;48047;20098.0
ONEWEB-0107;48048;20096.0
ONEWEB-0101;48049;20099.0
ONEWEB-0113;48050;20102.0
ONEWEB-0112;48051;20103.0
ONEWEB-0156;48052;20100.0
ONEWEB-0161;48053;20094.0
ONEWEB-0158;48054;20112.0
ONEWEB-0157;48055;20100.0
ONEWEB-0162;48056;20100.0
ONEWEB-0155;48057;20114.0
ONEWEB-0149;48058;20092.0
ONEWEB-0148;48059;20110.0
ONEWEB-0160;48060;20102.0
ONEWEB-0163;48061;20112.0
ONEWEB-0159;48062;20104.0
ONEWEB-0164;48063;20102.0
ONEWEB-0167;48064;20106.0
ONEWEB-0166;48065;20108.0
ONEWEB-0151;48066;20102.0
ONEWEB-0170;48067;20098.0
ONEWEB-0168;48068;20099.0
ONEWEB-0173;48069;20126.0
ONEWEB-0171;48070;20105.0
ONEWEB-0172;48071;20200.0
ONEWEB-0174;48072;20129.0
ONEWEB-0175;48073;20092.0
ONEWEB-0177;48074;20111.0
ONEWEB-0178;48075;20116.0
ONEWEB-0108;48076;20108.0
ONEWEB-0169;48077;19974.0
GAOFEN-12 02;48079;22257.0
STARLINK-2404;48093;22681.0
STARLINK-2412;48094;22672.0
STARLINK-2414;48095;22673.0
STARLINK-2417;48096;22671.0
STARLINK-2418;48097;22700.0
STARLINK-2421;48098;22682.0
STARLINK-2428;48099;22670.0
STARLINK-2430;48100;22700.0
STARLINK-2436;48101;22672.0
STARLINK-2437;48102;22700.0
STARLINK-2439;48104;22684.0
STARLINK-2440;48105;22768.0
STARLINK-2442;48106;22700.0
STARLINK-2443;48107;22700.0
STARLINK-2448;48111;22677.0
STARLINK-2449;48112;22660.0
STARLINK-2450;48113;22706.0
STARLINK-2452;48115;22681.0
STARLINK-2454;48116;22707.0
STARLINK-2455;48117;22690.0
STARLINK-2459;48119;22700.0
STARLINK-2460;48120;22708.0
STARLINK-2462;48121;22677.0
STARLINK-2464;48123;22698.0
STARLINK-2465;48124;22685.0
STARLINK-2466;48125;22671.0
STARLINK-2467;48126;22690.0
STARLINK-2468;48127;22707.0
STARLINK-2469;48128;22805.0
STARLINK-2471;48129;22671.0
STARLINK-2472;48130;22664.0
STARLINK-2473;48131;22698.0
STARLINK-2474;48132;22663.0
STARLINK-2475;48133;22703.0
STARLINK-2476;48134;22673.0
STARLINK-2478;48135;22700.0
STARLINK-2479;48136;22671.0
STARLINK-2480;48137;22736.0
STARLINK-2481;48138;22672.0
STARLINK-2482;48139;22699.0
STARLINK-2483;48140;22671.0
STARLINK-2485;48142;22701.0
STARLINK-2486;48143;22759.0
STARLINK-2487;48144;22698.0
STARLINK-2488;48145;22699.0
STARLINK-2491;48148;22671.0
STARLINK-2492;48149;22736.0
STARLINK-2493;48150;22735.0
STARLINK-2503;48151;22698.0
SHIYAN-6 03 (SY-6 03);48157;20439.0
ONEWEB-0176;48210;19570.0
ONEWEB-0184;48211;19570.0
ONEWEB-0179;48212;19578.0
ONEWEB-0180;48213;19563.0
ONEWEB-0218;48214;19576.0
ONEWEB-0209;48215;19579.0
ONEWEB-0198;48216;19590.0
ONEWEB-0189;48217;19564.0
ONEWEB-0196;48218;19566.0
ONEWEB-0183;48219;19577.0
ONEWEB-0185;48220;19566.0
ONEWEB-0187;48221;19571.0
ONEWEB-0192;48222;19559.0
ONEWEB-0219;48223;19579.0
ONEWEB-0202;48224;19577.0
ONEWEB-0204;48225;19571.0
ONEWEB-0205;48226;19572.0
ONEWEB-0206;48227;19568.0
ONEWEB-0182;48228;19589.0
ONEWEB-0186;48229;19584.0
ONEWEB-0181;48230;19569.0
ONEWEB-0188;48231;19555.0
ONEWEB-0220;48232;19585.0
ONEWEB-0165;48233;19581.0
ONEWEB-0199;48234;19571.0
ONEWEB-0203;48235;19569.0
ONEWEB-0197;48236;19560.0
ONEWEB-0194;48237;19577.0
ONEWEB-0193;48238;19569.0
ONEWEB-0191;48239;19558.0
ONEWEB-0195;48240;19556.0
ONEWEB-0201;48241;19583.0
ONEWEB-0207;48242;19567.0
ONEWEB-0208;48243;19572.0
ONEWEB-0200;48244;19564.0
ONEWEB-0217;48245;19559.0
PLEIADES NEO 3;48268;21842.0
LEMUR-2-AMANDA-SVANTE;48269;22013.0
AII-BRAVO;48270;21956.0
TYVAK-182A;48271;21971.0
NORSAT 3;48272;21976.0
LEMUR-2-SPECIAL-K;48273;22023.0
CSS (TIANHE);48274;23059.0
STARLINK-2567;48276;22345.0
STARLINK-2569;48277;22457.0
STARLINK-2543;48278;22372.0
STARLINK-2565;48280;22277.0
STARLINK-2558;48282;22298.0
STARLINK-2516;48283;22298.0
STARLINK-2564;48284;22297.0
STARLINK-2547;48286;22297.0
STARLINK-2566;48287;22355.0
STARLINK-2562;48288;22355.0
STARLINK-2545;48289;22357.0
STARLINK-2540;48290;22357.0
STARLINK-2555;48291;22357.0
STARLINK-2542;48292;22297.0
STARLINK-2550;48293;22357.0
STARLINK-2533;48294;22357.0
STARLINK-2535;48295;22355.0
STARLINK-2559;48298;22298.0
STARLINK-2557;48299;22356.0
STARLINK-2538;48300;22284.0
STARLINK-2537;48301;22343.0
STARLINK-2530;48303;22282.0
STARLINK-2524;48304;22344.0
STARLINK-2519;48305;22343.0
STARLINK-2523;48306;22342.0
STARLINK-2517;48309;22341.0
STARLINK-2536;48310;22283.0
STARLINK-2534;48311;22284.0
STARLINK-2061;48312;22348.0
STARLINK-2549;48314;22283.0
STARLINK-2506;48315;22283.0
STARLINK-2507;48316;22350.0
STARLINK-2513;48317;22283.0
STARLINK-2509;48318;22332.0
STARLINK-2512;48319;22269.0
STARLINK-2029;48320;22269.0
STARLINK-2457;48321;22270.0
STARLINK-2515;48323;22270.0
STARLINK-2495;48325;22331.0
STARLINK-2498;48326;22269.0
STARLINK-2502;48327;22269.0
STARLINK-2504;48328;22270.0
STARLINK-2510;48329;22329.0
STARLINK-2501;48330;22331.0
STARLINK-2514;48331;22331.0
STARLINK-2511;48332;22270.0
STARLINK-2518;48333;22270.0
STARLINK-2470;48334;22331.0
YAOGAN-34 01;48340;19827.0
STARLINK-2613;48353;22167.0
STARLINK-2674;48354;22167.0
STARLINK-2635;48355;22231.0
STARLINK-2637;48356;22231.0
STARLINK-2636;48357;22165.0
STARLINK-2624;48358;22166.0
STARLINK-2628;48359;22165.0
STARLINK-2622;48360;22165.0
STARLINK-2591;48361;22165.0
STARLINK-2578;48362;22231.0
STARLINK-2626;48363;22266.0
STARLINK-2611;48364;22237.0
STARLINK-2608;48365;22174.0
STARLINK-2631;48366;22178.0
STARLINK-2643;48367;22178.0
STARLINK-2623;48368;22244.0
STARLINK-2621;48370;22237.0
STARLINK-2589;48371;22180.0
STARLINK-2609;48373;22180.0
STARLINK-2604;48374;22180.0
STARLINK-2603;48375;22244.0
STARLINK-2610;48376;22181.0
STARLINK-2499;48377;22180.0
STARLINK-2526;48378;22181.0
STARLINK-2612;48379;22179.0
STARLINK-2614;48380;22180.0
STARLINK-2630;48381;22179.0
STARLINK-2585;48382;22179.0
STARLINK-2598;48385;22301.0
STARLINK-2606;48386;22187.0
STARLINK-2594;48388;22186.0
STARLINK-2586;48390;22314.0
STARLINK-2607;48391;22314.0
STARLINK-2605;48392;22257.0
STARLINK-2574;48395;22257.0
STARLINK-2575;48396;22316.0
STARLINK-2590;48397;22316.0
STARLINK-2588;48398;22314.0
STARLINK-2587;48399;22313.0
STARLINK-2576;48400;22192.0
STARLINK-2571;48401;22192.0
STARLINK-2593;48404;22253.0
STARLINK-2570;48405;22194.0
STARLINK-2568;48406;22194.0
STARLINK-2595;48407;22226.0
STARLINK-2592;48408;22251.0
STARLINK-2563;48410;22313.0
STARLINK-2505;48411;22267.0
STARLINK-2581;48412;22267.0
YAOGAN-30 09A;48423;21940.0
YAOGAN-30 09B;48424;21937.0
YAOGAN-30 09C;48425;21942.0
TIANQI-12;48426;21976.0
STARLINK-2461;48428;22254.0
STARLINK-2700;48431;22219.0
STARLINK-2680;48432;22242.0
STARLINK-2699;48433;22234.0
STARLINK-2692;48434;22158.0
STARLINK-2633;48435;22272.0
STARLINK-2639;48436;22177.0
STARLINK-2642;48437;22246.0
STARLINK-2640;48438;22260.0
STARLINK-2583;48439;22124.0
STARLINK-2682;48440;22178.0
STARLINK-2702;48441;22261.0
STARLINK-2644;48442;22129.0
STARLINK-2663;48443;22128.0
STARLINK-2645;48444;22261.0
STARLINK-2634;48445;22261.0
STARLINK-2655;48449;22261.0
STARLINK-2660;48450;22120.0
STARLINK-2703;48452;22125.0
STARLINK-2620;48453;22261.0
STARLINK-2654;48454;22129.0
STARLINK-2497;48455;22124.0
STARLINK-2698;48458;22180.0
STARLINK-2579;48459;22187.0
STARLINK-2582;48460;22183.0
STARLINK-2683;48462;22106.0
STARLINK-2686;48464;22248.0
STARLINK-2681;48465;22248.0
STARLINK-2687;48466;22248.0
STARLINK-2659;48467;22248.0
STARLINK-2685;48468;22247.0
STARLINK-2661;48469;22247.0
STARLINK-2675;48470;22115.0
STARLINK-2684;48471;22249.0
STARLINK-2722;48472;22104.0
STARLINK-2658;48473;22247.0
STARLINK-2697;48474;22114.0
STARLINK-2619;48475;22266.0
STARLINK-2728;48478;22180.0
STARLINK-2755;48479;22247.0
STARLINK-2706;48481;22232.0
STARLINK-2525;48482;22150.0
STARLINK-2531;48483;22233.0
STARLINK-2696;48484;22282.0
STARLINK-2500;48485;22233.0
STARLINK-2494;48487;22093.0
STARLINK-2063;48553;22035.0
STARLINK-2139;48554;22028.0
STARLINK-2145;48555;21966.0
STARLINK-2151;48556;22020.0
STARLINK-2155;48557;21986.0
STARLINK-2166;48558;22030.0
STARLINK-2187;48562;22029.0
STARLINK-2188;48563;22035.0
STARLINK-2190;48564;22030.0
STARLINK-2191;48565;210.0
STARLINK-2214;48566;22016.0
STARLINK-2217;48568;22029.0
STARLINK-2219;48569;22028.0
STARLINK-2220;48570;21972.0
STARLINK-2221;48571;22015.0
STARLINK-2222;48572;22015.0
STARLINK-2224;48573;21986.0
STARLINK-2225;48574;22068.0
STARLINK-2227;48575;22043.0
STARLINK-2228;48576;22023.0
STARLINK-2231;48577;21986.0
STARLINK-2232;48578;21986.0
STARLINK-2234;48580;22022.0
STARLINK-2235;48581;22036.0
STARLINK-2236;48582;22036.0
STARLINK-2237;48583;22021.0
STARLINK-2238;48584;22016.0
STARLINK-2241;48586;21972.0
STARLINK-2245;48589;21986.0
STARLINK-2249;48592;22004.0
STARLINK-2250;48593;22006.0
STARLINK-2251;48594;22015.0
STARLINK-2252;48595;22103.0
STARLINK-2253;48596;22022.0
STARLINK-2255;48597;22103.0
STARLINK-2275;48600;190.0
STARLINK-2713;48602;22137.0
STARLINK-2714;48603;22144.0
STARLINK-2757;48604;22103.0
TYVAK-0130;48606;21934.0
SBIRS GEO-5 (USA 315);48618;1471.0
HAIYANG-2D;48621;20126.0
STARLINK-2739;48639;21845.0
STARLINK-2736;48640;21843.0
STARLINK-2754;48641;21837.0
STARLINK-2646;48642;21924.0
STARLINK-2704;48643;21929.0
STARLINK-2695;48644;21838.0
STARLINK-2732;48646;21929.0
STARLINK-2521;48648;21837.0
STARLINK-2673;48649;21924.0
STARLINK-2672;48650;21921.0
STARLINK-2731;48651;21924.0
STARLINK-2727;48652;21924.0
STARLINK-2720;48653;21837.0
STARLINK-2651;48654;21837.0
STARLINK-2657;48655;21837.0
STARLINK-2701;48656;21837.0
STARLINK-2734;48657;21837.0
STARLINK-2647;48658;21838.0
STARLINK-2717;48659;21923.0
STARLINK-2726;48662;21936.0
STARLINK-2667;48663;21852.0
STARLINK-2666;48666;21850.0
STARLINK-2735;48667;21938.0
STARLINK-2738;48668;21944.0
STARLINK-2707;48669;21937.0
STARLINK-2763;48670;21936.0
STARLINK-2745;48671;21851.0
STARLINK-2705;48672;21851.0
STARLINK-2711;48673;21941.0
STARLINK-2712;48674;21850.0
STARLINK-2746;48676;21851.0
STARLINK-2615;48678;21851.0
STARLINK-2648;48679;21852.0
STARLINK-2725;48681;21982.0
STARLINK-2743;48682;21905.0
STARLINK-2756;48683;21906.0
STARLINK-2741;48684;21885.0
STARLINK-2751;48685;21907.0
STARLINK-2629;48686;21899.0
STARLINK-2627;48687;21998.0
STARLINK-2742;48688;21999.0
STARLINK-2740;48690;21892.0
STARLINK-2750;48691;21899.0
STARLINK-2752;48692;21898.0
STARLINK-2618;48693;21893.0
STARLINK-2748;48694;21971.0
STARLINK-2616;48695;21886.0
STARLINK-2753;48696;21879.0
ONEWEB-0211;48767;19174.0
ONEWEB-0223;48768;19294.0
ONEWEB-0230;48769;19202.0
ONEWEB-0237;48770;19175.0
ONEWEB-0235;48771;19174.0
ONEWEB-0242;48772;19178.0
ONEWEB-0241;48773;19169.0
ONEWEB-0243;48774;19173.0
ONEWEB-0222;48775;19176.0
ONEWEB-0244;48776;19348.0
ONEWEB-0247;48777;19177.0
ONEWEB-0245;48778;19290.0
ONEWEB-0229;48779;19177.0
ONEWEB-0228;48780;19168.0
ONEWEB-0232;48781;19201.0
ONEWEB-0231;48782;19167.0
ONEWEB-0234;48783;19185.0
ONEWEB-0238;48784;19173.0
ONEWEB-0240;48785;19285.0
ONEWEB-0246;48786;19163.0
ONEWEB-0210;48787;19168.0
ONEWEB-0214;48788;19165.0
ONEWEB-0221;48789;19173.0
ONEWEB-0213;48790;19293.0
ONEWEB-0212;48791;19179.0
ONEWEB-0227;48792;19174.0
ONEWEB-0226;48793;19171.0
ONEWEB-0224;48794;19163.0
ONEWEB-0233;48795;19280.0
ONEWEB-0190;48796;19173.0
ONEWEB-0236;48797;19161.0
ONEWEB-0248;48798;19293.0
ONEWEB-0225;48799;19175.0
ONEWEB-0215;48800;19274.0
ONEWEB-0216;48801;19163.0
ONEWEB-0239;48802;19167.0
FENGYUN 4B;48808;1456.0
SXM-8;48838;1458.0
OBJECT D;48843;21806.0
NAVSTAR 81 (USA 319);48859;2863.0
YAOGAN-30 10A;48860;21305.0
YAOGAN-30 10B;48861;21303.0
YAOGAN-30 10C;48863;21275.0
TIANQI-14;48864;21319.0
COSMOS 2550;48865;21739.0
BRIK-II;48876;21603.0
STARLINK-3004;48880;21371.0
STARLINK-3005;48881;21367.0
TYVAK-0173;48892;20898.0
TUBIN;48900;21577.0
MANDRAKE 2 ABLE;48907;21528.0
MANDRAKE 2 BAKER;48908;21537.0
PACE-1;48909;21547.0
YAM-2;48911;21603.0
YAM-3;48915;21532.0
ICEYE-X13;48916;21541.0
ICEYE-X15;48917;21663.0
ICEYE-X11;48918;21553.0
FARADAY_PHOENIX;48924;21542.0
HAWK-3B;48931;21557.0
HAWK-3C;48948;21569.0
DEMO8 (TENZING);48951;21545.0
ARTHUR-1;48953;21610.0
ASTROCAST-0201;48954;21584.0
ASTROCAST-0203;48955;21579.0
DEMO9 (AURORA);48956;21610.0
HAWK-3A;48957;21569.0
SHERPA-FX2 & TAGSAT-2;48958;21551.0
ASTROCAST-0205;48960;21580.0
NAPA-2;48963;21539.0
SPARTAN;48964;21557.0
W-CUBE;48965;21580.0
ONEWEB-0249;48967;18694.0
ONEWEB-0250;48968;18717.0
ONEWEB-0252;48970;18698.0
ONEWEB-0253;48971;18691.0
ONEWEB-0254;48972;18691.0
ONEWEB-0255;48973;18699.0
ONEWEB-0256;48974;18695.0
ONEWEB-0257;48975;18691.0
ONEWEB-0258;48976;18692.0
ONEWEB-0259;48977;18695.0
ONEWEB-0260;48978;18693.0
ONEWEB-0261;48979;18698.0
ONEWEB-0262;48980;18695.0
ONEWEB-0263;48981;18691.0
ONEWEB-0264;48982;18825.0
ONEWEB-0266;48984;18691.0
ONEWEB-0267;48985;18820.0
ONEWEB-0268;48986;18718.0
ONEWEB-0269;48987;18695.0
ONEWEB-0270;48988;18834.0
ONEWEB-0271;48989;18699.0
ONEWEB-0272;48990;18694.0
ONEWEB-0273;48991;18692.0
ONEWEB-0274;48992;18695.0
ONEWEB-0275;48993;18821.0
ONEWEB-0276;48994;18690.0
ONEWEB-0277;48995;18819.0
ONEWEB-0278;48996;18702.0
ONEWEB-0279;48997;18695.0
ONEWEB-0280;48998;18689.0
ONEWEB-0281;48999;18695.0
ONEWEB-0282;49000;18693.0
ONEWEB-0283;49001;18694.0
ONEWEB-0284;49002;18692.0
JILIN-1 KUANFU-01B;49003;21299.0
JILIN-1 GAOFEN 3D01;49004;21437.0
JILIN-1 GAOFEN 3D02;49005;21394.0
JILIN-1 GAOFEN 3D03;49006;21388.0
XINGSHIDAI 10;49007;21388.0
FENGYUN 3E;49008;19981.0
TIANLIAN 1-05;49011;1406.0
NINGXIA-1 6;49018;19784.0
NINGXIA-1 7;49019;19785.0
NINGXIA-1 8;49020;19785.0
NINGXIA-1 9;49021;19786.0
NINGXIA-1 10;49022;19786.0
YAOGAN-30 11A;49026;20850.0
TIANQI-15;49027;20885.0
YAOGAN-30 11B;49028;20848.0
YAOGAN-30 11C;49029;20851.0
TIANHUI 1-04;49049;20981.0
MONOLITH;49052;20686.0
STAR ONE D2;49055;1392.0
EUTELSAT QUANTUM;49056;1390.0
KL-BETA A;49059;19218.0
KL-BETA B;49060;19221.0
ZHONGXING-2E;49062;1402.0
LEDSAT;49069;20717.0
PLEIADES NEO 4;49070;20214.0
TIANHUI 2-02A;49071;20655.0
TIANHUI 2-02B;49072;20654.0
ONEWEB-0285;49075;18270.0
ONEWEB-0286;49076;18306.0
ONEWEB-0287;49077;18091.0
ONEWEB-0288;49078;18267.0
ONEWEB-0289;49079;18149.0
ONEWEB-0290;49080;18090.0
ONEWEB-0291;49081;18089.0
ONEWEB-0293;49082;18092.0
ONEWEB-0294;49083;18206.0
ONEWEB-0295;49084;18088.0
ONEWEB-0296;49085;18206.0
ONEWEB-0297;49086;18267.0
ONEWEB-0298;49087;18091.0
ONEWEB-0299;49088;18189.0
ONEWEB-0300;49089;18269.0
ONEWEB-0301;49090;18205.0
ONEWEB-0302;49091;18203.0
ONEWEB-0304;49092;18086.0
ONEWEB-0305;49093;18089.0
ONEWEB-0308;49094;18205.0
ONEWEB-0309;49095;18188.0
ONEWEB-0310;49096;18372.0
ONEWEB-0311;49097;18194.0
ONEWEB-0312;49098;18089.0
ONEWEB-0313;49099;18088.0
ONEWEB-0314;49100;18085.0
ONEWEB-0315;49101;18266.0
ONEWEB-0316;49102;18444.0
ONEWEB-0317;49103;18367.0
ONEWEB-0318;49104;18440.0
ONEWEB-0319;49105;18088.0
ONEWEB-0323;49106;18204.0
ONEWEB-0329;49107;18087.0
ONEWEB-0330;49108;18091.0
RSW-01;49112;18220.0
PAYLOAD B;49113;19109.0
RSW-02;49114;18220.0
TJS-7;49115;555.0
GAOFEN-5 02;49122;19581.0
CHINASAT 9B;49125;1362.0
STARLINK-3096;49131;20190.0
STARLINK-3090;49132;20092.0
STARLINK-3077;49133;20092.0
STARLINK-3078;49134;20212.0
STARLINK-3073;49135;20191.0
STARLINK-3084;49136;20147.0
STARLINK-3055;49137;20146.0
STARLINK-3058;49138;20093.0
STARLINK-3057;49139;20190.0
STARLINK-3093;49141;20212.0
STARLINK-3042;49142;20226.0
STARLINK-3109;49143;20253.0
STARLINK-3100;49144;20092.0
STARLINK-3119;49145;20189.0
STARLINK-3116;49146;20258.0
STARLINK-3071;49147;20312.0
STARLINK-3048;49148;20141.0
STARLINK-3102;49151;20310.0
STARLINK-3072;49153;20310.0
STARLINK-3068;49154;20248.0
STARLINK-3060;49155;20298.0
STARLINK-3085;49156;20303.0
STARLINK-3051;49157;20251.0
STARLINK-3083;49158;20352.0
STARLINK-3056;49159;20202.0
STARLINK-3095;49160;20201.0
STARLINK-3080;49161;20200.0
STARLINK-3088;49163;20257.0
STARLINK-3106;49164;20258.0
STARLINK-3052;49165;20212.0
STARLINK-3089;49166;20261.0
STARLINK-3054;49167;20212.0
STARLINK-3046;49169;20141.0
STARLINK-3107;49171;20207.0
STARLINK-3091;49172;20169.0
STARLINK-3045;49173;20146.0
STARLINK-3047;49174;20339.0
STARLINK-3087;49175;20141.0
STARLINK-3069;49176;20194.0
STARLINK-3103;49177;20314.0
STARLINK-3086;49178;20208.0
STARLINK-3043;49179;20189.0
STARLINK-3050;49180;20263.0
STARLINK-3059;49181;20210.0
ONEWEB-0292;49186;17836.0
ONEWEB-0303;49187;17721.0
ONEWEB-0306;49188;17725.0
ONEWEB-0307;49189;17836.0
ONEWEB-0320;49190;17721.0
ONEWEB-0321;49191;18399.0
ONEWEB-0322;49192;17835.0
ONEWEB-0324;49193;17723.0
ONEWEB-0325;49194;17724.0
ONEWEB-0326;49195;17723.0
ONEWEB-0327;49196;17725.0
ONEWEB-0328;49197;17833.0
ONEWEB-0331;49198;17724.0
ONEWEB-0333;49199;17834.0
ONEWEB-0334;49200;18527.0
ONEWEB-0335;49201;17970.0
ONEWEB-0336;49202;17835.0
ONEWEB-0337;49203;17835.0
ONEWEB-0338;49204;18530.0
ONEWEB-0339;49205;17833.0
ONEWEB-0340;49206;17720.0
ONEWEB-0341;49207;17722.0
ONEWEB-0342;49208;18527.0
ONEWEB-0343;49209;17727.0
ONEWEB-0344;49210;17833.0
ONEWEB-0345;49211;17834.0
ONEWEB-0346;49212;17721.0
ONEWEB-0348;49213;18530.0
ONEWEB-0350;49214;17837.0
ONEWEB-0351;49215;18390.0
ONEWEB-0352;49216;17846.0
ONEWEB-0354;49217;18394.0
ONEWEB-0355;49218;17969.0
ONEWEB-0357;49219;18397.0
JILIN-1 GAOFEN 2D;49256;20042.0
SHIYAN-10 01 (SY-10 01);49258;2649.0
LANDSAT 9;49260;19274.0
CS1;49261;19928.0
CS2;49262;19930.0
CUTE;49263;20008.0
CUPID;49264;19925.0
ONEWEB-0332;49279;17499.0
ONEWEB-0347;49280;17823.0
ONEWEB-0349;49281;17831.0
ONEWEB-0353;49282;17632.0
ONEWEB-0356;49283;17831.0
ONEWEB-0358;49284;17768.0
ONEWEB-0359;49285;17901.0
ONEWEB-0360;49286;17833.0
ONEWEB-0361;49287;17832.0
ONEWEB-0362;49288;17412.0
ONEWEB-0363;49289;17833.0
ONEWEB-0364;49290;17860.0
ONEWEB-0365;49291;17360.0
ONEWEB-0366;49292;17497.0
ONEWEB-0367;49293;17832.0
ONEWEB-0368;49294;17814.0
ONEWEB-0369;49295;17359.0
ONEWEB-0370;49296;17836.0
ONEWEB-0371;49297;17498.0
ONEWEB-0372;49298;17833.0
ONEWEB-0373;49299;17815.0
ONEWEB-0374;49300;17630.0
ONEWEB-0375;49301;17765.0
ONEWEB-0376;49302;17497.0
ONEWEB-0377;49303;17899.0
ONEWEB-0378;49304;17829.0
ONEWEB-0379;49305;17631.0
ONEWEB-0380;49306;17363.0
ONEWEB-0381;49307;17698.0
ONEWEB-0382;49308;17695.0
ONEWEB-0383;49309;17497.0
ONEWEB-0384;49310;17833.0
ONEWEB-0385;49311;17695.0
ONEWEB-0386;49312;17832.0
ONEWEB-0387;49313;17832.0
ONEWEB-0388;49314;17494.0
OBJECT B;49316;19829.0
OBJECT C;49317;19924.0
OBJECT D;49318;19211.0
OBJECT E;49319;19926.0
OBJECT G;49321;19934.0
SHIJIAN-21 (SJ-21);49330;1324.0
SES-17;49332;1384.0
SYRACUSE 4A;49333;1394.0
QZS-1R (MICHIBIKI-1R);49336;1298.0
JILIN-1 GAOFEN 2F;49338;19270.0
YAOGAN-32 02A;49383;18785.0
YAOGAN-32 02B;49384;18785.0
SDGSAT 1;49387;19517.0
YAOGAN-35 01A;49390;19585.0
YAOGAN-35 01B;49391;19660.0
YAOGAN-35 01C;49393;19593.0
TEIKYOSAT-4 (OORURI);49396;19234.0
RAISE 2;49397;19266.0
OBJECT D;49398;19298.0
Z-SAT;49399;19283.0
HIBARI;49400;19310.0
DRUMS;49401;19282.0
KOSEN-1;49402;19311.0
ARICA;49403;19357.0
STARLINK-3151;49408;19436.0
STARLINK-3075;49409;19320.0
STARLINK-3147;49410;19319.0
STARLINK-3162;49411;19448.0
STARLINK-3157;49413;19450.0
STARLINK-3146;49414;19436.0
STARLINK-3159;49415;19332.0
STARLINK-3133;49416;19319.0
STARLINK-3154;49417;19451.0
STARLINK-3111;49418;19436.0
STARLINK-3120;49419;19435.0
STARLINK-3110;49420;19314.0
STARLINK-3112;49421;19319.0
STARLINK-3161;49422;19436.0
STARLINK-3149;49423;19434.0
STARLINK-3135;49424;19312.0
STARLINK-3139;49425;19320.0
STARLINK-3114;49426;19435.0
STARLINK-3131;49427;19437.0
STARLINK-3121;49428;19435.0
STARLINK-3138;49430;19435.0
STARLINK-3153;49431;19435.0
STARLINK-3158;49432;19333.0
STARLINK-3079;49433;19464.0
STARLINK-3134;49434;19435.0
STARLINK-3117;49435;19340.0
STARLINK-3049;49436;19461.0
STARLINK-3130;49437;19351.0
STARLINK-3044;49438;19462.0
STARLINK-3105;49440;19462.0
STARLINK-3128;49441;19463.0
STARLINK-3098;49442;19347.0
STARLINK-3136;49443;19462.0
STARLINK-3126;49444;19462.0
STARLINK-3122;49445;19328.0
STARLINK-3099;49446;19462.0
STARLINK-3115;49447;19333.0
STARLINK-3137;49449;19333.0
STARLINK-3127;49450;19447.0
STARLINK-3125;49451;19449.0
STARLINK-3150;49452;19327.0
STARLINK-3129;49453;19333.0
STARLINK-3160;49454;19333.0
STARLINK-3145;49455;19448.0
STARLINK-3124;49456;19329.0
STARLINK-3132;49457;19448.0
STARLINK-3156;49458;19329.0
STARLINK-3141;49459;19448.0
STARLINK-3140;49460;19333.0
GLOBAL-14;49469;19644.0
GAOFEN-11 03;49492;19373.0
GAOFEN-3 02;49495;18266.0
SHIYAN-11 (SY-11);49501;19423.0
COSMOS 2552;49503;2511.0
ZHONGXING-1D;49505;1281.0
STARLINK-3219;49724;19127.0
STARLINK-3218;49725;19128.0
STARLINK-3242;49727;19113.0
STARLINK-3240;49728;18988.0
STARLINK-3251;49729;19114.0
STARLINK-3249;49730;19113.0
STARLINK-3246;49732;18996.0
STARLINK-3252;49733;19112.0
STARLINK-3238;49734;19128.0
STARLINK-3113;49735;19112.0
STARLINK-3148;49736;19128.0
STARLINK-3225;49737;19013.0
STARLINK-3143;49738;19127.0
STARLINK-3155;49739;19113.0
STARLINK-3226;49740;19010.0
STARLINK-3244;49741;19126.0
STARLINK-3202;49742;19127.0
STARLINK-3239;49743;19126.0
STARLINK-3231;49744;19128.0
STARLINK-3241;49745;19006.0
STARLINK-3233;49746;19126.0
STARLINK-3247;49747;19127.0
STARLINK-3248;49748;19129.0
STARLINK-3250;49749;19127.0
STARLINK-3236;49750;19128.0
STARLINK-3229;49751;19011.0
STARLINK-3209;49752;19140.0
STARLINK-3200;49753;19118.0
STARLINK-3193;49754;19141.0
STARLINK-3210;49755;19128.0
STARLINK-3207;49756;19131.0
STARLINK-3197;49757;19020.0
STARLINK-3194;49758;19139.0
STARLINK-3204;49759;19141.0
STARLINK-3199;49760;19142.0
STARLINK-3203;49761;19141.0
STARLINK-3195;49762;19142.0
STARLINK-3198;49763;19140.0
STARLINK-3227;49765;19142.0
STARLINK-3190;49766;19027.0
STARLINK-3192;49767;19027.0
STARLINK-3196;49768;19027.0
STARLINK-3208;49769;19139.0
STARLINK-3191;49770;19141.0
STARLINK-3201;49771;19141.0
GLOBAL-12;49772;19406.0
GLOBAL-13;49773;19409.0
GSAT0223 (GALILEO 27);49809;2133.0
GSAT0224 (GALILEO 28);49810;2136.0
STPSAT-6;49817;1255.0
LDPE-1;49818;1261.0
GLOBAL-17;49949;19307.0
GLOBAL-16;49950;19306.0
IXPE;49954;521.0
SHIJIAN-6 05A (SJ-6 05A);49961;18881.0
SHIJIAN-6 05B (SJ-6 05B);49962;18931.0
EXPRESS AMU-7;50001;1252.0
EXPRESS AMU-3;50002;301.0
TIANLIAN 2-02;50005;1259.0
STARLINK-3317;50156;19076.0
STARLINK-3313;50157;18788.0
STARLINK-3309;50158;19110.0
STARLINK-3297;50159;19103.0
STARLINK-3304;50161;19096.0
STARLINK-3306;50163;19130.0
STARLINK-3298;50165;19108.0
STARLINK-3305;50166;19116.0
STARLINK-3271;50167;19103.0
STARLINK-3296;50168;19117.0
STARLINK-3301;50169;19111.0
STARLINK-3245;50170;19116.0
STARLINK-3286;50171;19112.0
STARLINK-3287;50172;19120.0
STARLINK-3289;50173;18829.0
STARLINK-3292;50174;19082.0
STARLINK-3291;50175;19117.0
STARLINK-3293;50176;18815.0
STARLINK-3282;50177;19117.0
STARLINK-3284;50178;19121.0
STARLINK-3283;50179;19117.0
STARLINK-3265;50180;19115.0
STARLINK-3285;50181;19076.0
STARLINK-3277;50182;19116.0
STARLINK-3281;50183;18813.0
STARLINK-3279;50185;19076.0
STARLINK-3274;50186;19103.0
STARLINK-3272;50187;18828.0
STARLINK-3275;50188;584.0
STARLINK-3276;50189;19073.0
STARLINK-3268;50190;19130.0
STARLINK-3273;50191;19098.0
STARLINK-3259;50192;19130.0
STARLINK-3261;50193;19088.0
STARLINK-3269;50194;19108.0
STARLINK-3266;50195;19088.0
STARLINK-3267;50197;19135.0
STARLINK-3264;50198;19124.0
STARLINK-3270;50199;19088.0
STARLINK-3235;50200;19131.0
STARLINK-3255;50201;19089.0
STARLINK-3256;50202;19088.0
STARLINK-3257;50203;18829.0
STARLINK-3254;50204;18829.0
STARLINK-3260;50205;19171.0
STARLINK-3258;50206;18929.0
STARLINK-3262;50207;18923.0
TURKSAT 5B;50212;1228.0
INMARSAT 6-F1;50319;1224.0
SHIYAN-12 01 (SY-12 01);50321;1248.0
SHIYAN-12 02 (SY-12 02);50322;1248.0
ZY-1 02E;50465;17704.0
XW-3 (CAS-9);50466;17750.0
ONEWEB-0389;50469;16537.0
ONEWEB-0390;50470;16536.0
ONEWEB-0391;50471;16536.0
ONEWEB-0392;50472;16672.0
ONEWEB-0393;50473;16539.0
ONEWEB-0394;50474;16883.0
ONEWEB-0395;50475;16453.0
ONEWEB-0396;50476;16887.0
ONEWEB-0397;50477;16885.0
ONEWEB-0398;50478;16446.0
ONEWEB-0399;50479;16313.0
ONEWEB-0400;50480;16884.0
ONEWEB-0401;50481;16884.0
ONEWEB-0402;50482;16887.0
ONEWEB-0403;50483;16882.0
ONEWEB-0404;50484;16323.0
ONEWEB-0405;50485;16922.0
ONEWEB-0406;50486;16885.0
ONEWEB-0407;50487;16879.0
ONEWEB-0409;50488;16312.0
ONEWEB-0412;50489;16889.0
ONEWEB-0413;50490;16882.0
ONEWEB-0414;50491;16886.0
ONEWEB-0417;50492;16884.0
ONEWEB-0418;50493;16890.0
ONEWEB-0419;50494;16881.0
ONEWEB-0420;50495;17016.0
ONEWEB-0421;50496;16885.0
ONEWEB-0424;50497;16887.0
ONEWEB-0426;50498;16882.0
ONEWEB-0427;50499;16884.0
ONEWEB-0429;50500;17015.0
ONEWEB-0430;50501;16886.0
ONEWEB-0432;50502;16881.0
ONEWEB-0440;50503;16880.0
ONEWEB-0450;50504;16884.0
TIANHUI 4A;50572;18818.0
TIANHUI 4B;50573;18815.0
TJS-9;50574;1241.0
STARLINK-3323;50804;18508.0
STARLINK-3333;50805;18645.0
STARLINK-3335;50806;18512.0
STARLINK-3355;50808;18642.0
STARLINK-3232;50809;18512.0
STARLINK-3338;50812;18503.0
STARLINK-3349;50813;18646.0
STARLINK-3324;50814;18499.0
STARLINK-3234;50815;18488.0
STARLINK-3342;50816;18632.0
STARLINK-3341;50817;18499.0
STARLINK-3336;50818;18498.0
STARLINK-3327;50819;18624.0
STARLINK-3339;50820;18622.0
STARLINK-3346;50821;18499.0
STARLINK-3343;50822;18624.0
STARLINK-3334;50823;18499.0
STARLINK-3332;50825;18498.0
STARLINK-3329;50827;18629.0
STARLINK-3290;50828;18479.0
STARLINK-3294;50829;18630.0
STARLINK-3278;50830;18485.0
STARLINK-3299;50831;18630.0
STARLINK-3328;50832;18615.0
STARLINK-3331;50834;18485.0
STARLINK-3310;50835;18484.0
STARLINK-3330;50836;18475.0
STARLINK-3318;50837;18499.0
STARLINK-3322;50838;18661.0
STARLINK-3320;50839;18616.0
STARLINK-3295;50840;18617.0
STARLINK-3300;50841;18476.0
STARLINK-3302;50842;18617.0
STARLINK-3325;50843;18480.0
STARLINK-3326;50844;18609.0
STARLINK-3230;50845;18613.0
STARLINK-3308;50846;18617.0
STARLINK-3315;50848;18612.0
STARLINK-3311;50849;18481.0
STARLINK-3312;50850;18673.0
STARLINK-3314;50851;18618.0
ION SCV-004;50993;18417.0
SICH-2-30 (SICH-2-1);51030;18524.0
IRIS-A;51044;18549.0
HYPSO-1;51053;18482.0
KEPLER-16 (ASTRAEUS);51057;18549.0
ETV-A1;51060;18444.0
BRO-5;51061;18466.0
ICEYE-X14;51070;18481.0
VZLUSAT-2;51085;18501.0
SHIYAN-13 (SY-13);51102;17051.0
STARLINK-3366;51104;18463.0
STARLINK-3350;51105;18458.0
STARLINK-3176;51106;18457.0
STARLINK-3362;51108;18458.0
STARLINK-3358;51109;18317.0
STARLINK-3344;51110;18347.0
STARLINK-3173;51111;18346.0
STARLINK-3374;51112;18347.0
STARLINK-3372;51113;18346.0
STARLINK-3375;51114;18347.0
STARLINK-3397;51115;18346.0
STARLINK-3243;51116;18457.0
STARLINK-3391;51117;18340.0
STARLINK-3394;51118;18346.0
STARLINK-3398;51120;18451.0
STARLINK-3399;51121;18346.0
STARLINK-3392;51123;18342.0
STARLINK-3389;51124;18449.0
STARLINK-3387;51125;18327.0
STARLINK-3386;51126;18327.0
STARLINK-3370;51127;18326.0
STARLINK-3400;51128;18325.0
STARLINK-3396;51129;18332.0
STARLINK-3395;51130;18325.0
STARLINK-3388;51131;18448.0
STARLINK-3393;51132;18332.0
STARLINK-3356;51133;18326.0
STARLINK-3183;51134;18462.0
STARLINK-3363;51135;18439.0
STARLINK-3253;51136;18450.0
STARLINK-3180;51137;18448.0
STARLINK-3177;51138;18448.0
STARLINK-3172;51139;18444.0
STARLINK-3175;51140;18448.0
STARLINK-3179;51141;18449.0
STARLINK-3369;51142;18465.0
STARLINK-3184;51143;18314.0
STARLINK-3185;51144;18449.0
STARLINK-3354;51146;18332.0
STARLINK-3352;51147;18314.0
STARLINK-3359;51148;18434.0
STARLINK-3360;51149;18430.0
STARLINK-3357;51150;18327.0
STARLINK-3361;51151;18363.0
STARLINK-3364;51152;18435.0
L-SAR 01A;51284;17897.0
ASCENT;51287;1226.0
ELSA-D CLIENT;51288;18254.0
CSG-2;51444;17733.0
STARLINK-3181;51461;18195.0
STARLINK-3166;51462;18181.0
STARLINK-3419;51463;18110.0
STARLINK-3189;51464;18190.0
STARLINK-3401;51465;18184.0
STARLINK-3178;51467;18104.0
STARLINK-3174;51468;18110.0
STARLINK-3182;51469;18186.0
STARLINK-3415;51472;18195.0
COSMOS 2553;51511;13510.0
ONEWEB-0410;51622;16227.0
ONEWEB-0411;51623;15686.0
ONEWEB-0415;51624;15686.0
ONEWEB-0416;51625;15690.0
ONEWEB-0422;51626;16109.0
ONEWEB-0423;51627;16098.0
ONEWEB-0425;51628;15690.0
ONEWEB-0428;51629;15686.0
ONEWEB-0431;51630;15692.0
ONEWEB-0434;51631;15690.0
ONEWEB-0435;51632;15689.0
ONEWEB-0436;51633;16096.0
ONEWEB-0438;51634;15689.0
ONEWEB-0439;51635;15690.0
ONEWEB-0442;51636;16095.0
ONEWEB-0443;51637;16232.0
ONEWEB-0444;51638;15691.0
ONEWEB-0445;51639;15692.0
ONEWEB-0446;51640;15690.0
ONEWEB-0448;51641;15687.0
ONEWEB-0449;51642;15685.0
ONEWEB-0451;51643;16094.0
ONEWEB-0452;51644;16095.0
ONEWEB-0455;51645;16920.0
ONEWEB-0456;51646;15692.0
ONEWEB-0457;51647;15692.0
ONEWEB-0458;51648;15688.0
ONEWEB-0461;51649;16117.0
ONEWEB-0463;51650;16095.0
ONEWEB-0464;51651;15690.0
ONEWEB-0468;51652;15688.0
ONEWEB-0473;51653;15688.0
ONEWEB-0474;51654;15687.0
ONEWEB-0475;51655;16097.0
EOS-4;51656;17901.0
INSPIRESAT 1;51657;18006.0
STARLINK-3528;51714;17910.0
STARLINK-3533;51715;17916.0
STARLINK-3543;51716;17910.0
STARLINK-3445;51717;17798.0
STARLINK-3546;51718;17909.0
STARLINK-3540;51719;17910.0
STARLINK-3526;51720;17902.0
STARLINK-3524;51721;17797.0
STARLINK-3535;51722;17796.0
STARLINK-3529;51724;17796.0
STARLINK-3522;51725;17910.0
STARLINK-3527;51726;17812.0
STARLINK-3532;51727;17796.0
STARLINK-3523;51729;17930.0
STARLINK-3514;51731;17922.0
STARLINK-3518;51732;17924.0
STARLINK-3525;51733;17810.0
STARLINK-3450;51734;17931.0
STARLINK-3517;51735;17810.0
STARLINK-3447;51736;17929.0
STARLINK-3509;51737;17810.0
STARLINK-3515;51738;17810.0
STARLINK-3516;51739;17929.0
STARLINK-3500;51740;17810.0
STARLINK-3520;51741;17932.0
STARLINK-3521;51742;17810.0
STARLINK-3512;51743;17823.0
STARLINK-3452;51744;17810.0
STARLINK-3449;51745;17811.0
STARLINK-3502;51746;17823.0
STARLINK-3446;51747;17923.0
STARLINK-3501;51748;17823.0
STARLINK-3451;51749;17809.0
STARLINK-3505;51750;17823.0
STARLINK-3506;51751;17946.0
STARLINK-3511;51752;17946.0
STARLINK-3507;51753;17941.0
STARLINK-3457;51754;17824.0
STARLINK-3460;51755;17825.0
STARLINK-3513;51756;17830.0
STARLINK-3459;51757;17830.0
STARLINK-3458;51758;17938.0
STARLINK-3456;51759;17830.0
STARLINK-3622;51768;17866.0
STARLINK-3621;51769;17717.0
STARLINK-3612;51770;17866.0
STARLINK-3614;51771;17717.0
STARLINK-3623;51772;17716.0
STARLINK-3624;51773;17867.0
STARLINK-3629;51774;17861.0
STARLINK-3620;51775;17717.0
STARLINK-3608;51776;17712.0
STARLINK-3625;51777;17714.0
STARLINK-3615;51778;17881.0
STARLINK-3611;51779;17860.0
STARLINK-3617;51780;17866.0
STARLINK-3580;51781;17697.0
STARLINK-3616;51782;17673.0
STARLINK-3628;51783;17696.0
STARLINK-3632;51784;17854.0
STARLINK-3646;51785;17697.0
STARLINK-3638;51786;17685.0
STARLINK-3619;51787;17853.0
STARLINK-3641;51788;17853.0
STARLINK-3639;51789;17683.0
STARLINK-3631;51790;17854.0
STARLINK-3602;51791;17853.0
STARLINK-3626;51792;17852.0
STARLINK-3633;51793;17852.0
STARLINK-3573;51794;17849.0
STARLINK-3586;51795;17847.0
STARLINK-3634;51798;17853.0
STARLINK-3637;51799;17847.0
STARLINK-3592;51801;17847.0
STARLINK-3557;51802;17860.0
STARLINK-3544;51803;17846.0
STARLINK-3601;51804;17886.0
STARLINK-3605;51805;17880.0
STARLINK-3606;51807;17866.0
STARLINK-3609;51808;17850.0
STARLINK-3607;51809;17861.0
STARLINK-3613;51810;17863.0
STARLINK-3569;51811;17851.0
STARLINK-3610;51812;17864.0
STARLINK-3552;51813;17880.0
STARLINK-3599;51814;17874.0
STARLINK-3604;51815;17874.0
STARLINK-3603;51816;17885.0
L-SAR 01B;51822;17421.0
OBJECT A;51824;17792.0
OBJECT B;51825;17768.0
OBJECT D;51827;17769.0
OBJECT E;51828;17805.0
JILIN-1 GAOFEN 03D14;51831;17784.0
OBJECT J;51832;17706.0
OBJECT K;51833;17882.0
JILIN-1 GAOFEN 03D16;51834;17787.0
JILIN-1 GAOFEN 03D11;51835;17785.0
JILIN-1 GAOFEN 03D17;51838;17830.0
JILIN-1 GAOFEN 03D15;51839;17784.0
JILIN-1 GAOFEN 03D10;51840;17786.0
JILIN-1 GAOFEN 03D12;51841;17783.0
OBJECT V;51843;17766.0
JILIN-1 GAOFEN 03D18;51844;17774.0
JILIN-1 GAOFEN 03D13;51846;17775.0
STRIX-BETA;51847;17647.0
GOES 18;51850;1179.0
STARLINK-3542;51852;17632.0
STARLINK-3539;51853;580.0
STARLINK-3541;51854;17760.0
STARLINK-3545;51855;17753.0
STARLINK-3568;51856;17761.0
STARLINK-3571;51857;17760.0
STARLINK-3563;51858;17760.0
STARLINK-3560;51859;17778.0
STARLINK-3559;51860;17767.0
STARLINK-3562;51861;17760.0
STARLINK-3508;51862;17774.0
STARLINK-3555;51863;17767.0
STARLINK-3548;51864;17773.0
STARLINK-3503;51865;17767.0
STARLINK-3553;51866;17773.0
STARLINK-3590;51867;17767.0
STARLINK-3578;51868;17773.0
STARLINK-3588;51869;17769.0
STARLINK-3591;51870;17778.0
STARLINK-3567;51871;17778.0
STARLINK-3554;51872;17773.0
STARLINK-3582;51873;17774.0
STARLINK-3574;51874;17764.0
STARLINK-3585;51875;17774.0
STARLINK-3583;51876;17774.0
STARLINK-3556;51877;17780.0
STARLINK-3575;51878;17767.0
STARLINK-3572;51879;17780.0
STARLINK-3566;51880;17774.0
STARLINK-3504;51881;17785.0
STARLINK-3570;51882;17785.0
STARLINK-3576;51883;17781.0
STARLINK-3577;51884;17788.0
STARLINK-3584;51885;17780.0
STARLINK-3565;51886;17780.0
STARLINK-3551;51887;17781.0
STARLINK-3536;51888;17787.0
STARLINK-3547;51889;17781.0
STARLINK-3519;51890;17877.0
STARLINK-3549;51891;17783.0
STARLINK-3587;51892;17781.0
STARLINK-3579;51893;17786.0
STARLINK-3595;51894;17786.0
STARLINK-3594;51895;17780.0
STARLINK-3593;51896;17786.0
STARLINK-3598;51897;17782.0
STARLINK-3597;51898;17785.0
OBJECT A;51946;17699.0
OBJECT B;51947;17613.0
OBJECT C;51948;17497.0
OBJECT D;51949;17434.0
OBJECT E;51950;16778.0
OBJECT F;51951;15855.0
STARLINK-3700;51956;17568.0
STARLINK-3694;51957;17550.0
STARLINK-3692;51958;17568.0
STARLINK-3704;51959;17549.0
STARLINK-3691;51960;17549.0
STARLINK-3697;51962;17562.0
STARLINK-3675;51963;17569.0
STARLINK-3690;51964;17561.0
STARLINK-3696;51965;17549.0
STARLINK-3699;51966;17556.0
STARLINK-3681;51968;17562.0
STARLINK-3680;51969;17560.0
STARLINK-3677;51970;17556.0
STARLINK-3669;51971;17562.0
STARLINK-3671;51972;17556.0
STARLINK-3679;51973;17556.0
STARLINK-3672;51974;17671.0
STARLINK-3674;51975;17564.0
STARLINK-3663;51976;17707.0
STARLINK-3660;51977;17591.0
STARLINK-3656;51979;17676.0
STARLINK-3649;51980;17672.0
STARLINK-3635;51981;17562.0
STARLINK-3655;51983;17681.0
STARLINK-3664;51984;17563.0
STARLINK-3651;51985;17678.0
STARLINK-3645;51986;17563.0
STARLINK-3644;51987;17563.0
STARLINK-3640;51988;17563.0
STARLINK-3642;51989;17563.0
STARLINK-3657;51990;17706.0
STARLINK-3652;51991;17563.0
STARLINK-3643;51992;17547.0
STARLINK-3648;51993;17563.0
STARLINK-3647;51994;17549.0
STARLINK-3636;51995;17547.0
STARLINK-3538;51996;17548.0
STARLINK-3589;51997;17547.0
STARLINK-3618;51998;17548.0
STARLINK-3667;51999;17705.0
STARLINK-3653;52000;17703.0
STARLINK-3659;52001;17548.0
STARLINK-3668;52002;17548.0
YAOGAN-34 02;52084;15506.0
STARLINK-3537;52088;17703.0
STARLINK-3722;52089;17524.0
STARLINK-3712;52090;17524.0
STARLINK-3716;52092;17524.0
STARLINK-3673;52093;17526.0
STARLINK-3714;52094;17524.0
STARLINK-3701;52095;17525.0
STARLINK-3717;52096;17537.0
STARLINK-3665;52098;17526.0
STARLINK-3702;52100;17525.0
STARLINK-3703;52101;17523.0
STARLINK-3709;52102;17537.0
STARLINK-3705;52103;17538.0
STARLINK-3706;52105;17537.0
STARLINK-3670;52106;17524.0
STARLINK-3658;52107;17537.0
STARLINK-3698;52108;17537.0
STARLINK-3687;52110;17537.0
STARLINK-3708;52111;17538.0
STARLINK-3734;52112;17537.0
STARLINK-3736;52113;17539.0
STARLINK-3737;52114;17540.0
STARLINK-3685;52115;17537.0
STARLINK-3735;52116;17537.0
STARLINK-3738;52117;17539.0
STARLINK-3743;52118;17539.0
STARLINK-3558;52119;17538.0
STARLINK-3534;52120;17539.0
STARLINK-3678;52121;17550.0
STARLINK-3726;52122;17539.0
STARLINK-3725;52123;17553.0
STARLINK-3727;52125;17552.0
STARLINK-3732;52126;17551.0
STARLINK-3715;52127;17551.0
STARLINK-3661;52129;17552.0
STARLINK-3711;52131;17553.0
STARLINK-3718;52132;17552.0
STARLINK-3707;52133;17552.0
STARLINK-3721;52134;17551.0
STARLINK-3729;52135;17552.0
STARLINK-3720;52136;17552.0
STARLINK-3733;52137;17554.0
STARLINK-3723;52138;17551.0
STARLINK-3730;52139;17538.0
STARLINK-3682;52140;17552.0
MERIDIAN 10;52145;2298.0
TK-2;52150;17041.0
PUJIANG 2 (PJ-2);52151;17007.0
TIANPING 2A;52153;17001.0
TIANPING 2B;52155;17029.0
TIANPING 2C;52156;17053.0
OMNI-L1;52157;16808.0
GNOMES-3;52158;16800.0
ENMAP;52159;16765.0
ARCSAT-1;52161;17367.0
LYNK TOWER 1;52162;17409.0
HAWK-4B;52165;17447.0
HAWK-4A;52167;17446.0
HAWK-4C;52170;17446.0
NUSAT-25 (MARIA TELKES);52171;17413.0
BRO-7;52174;17466.0
NUSAT-26 (M SOMERVILLE);52184;17368.0
GLOBAL-18;52196;17526.0
GAOFEN-3 03;52200;16320.0
COSMOS 2554;52202;15809.0
ZHONGXING-6D;52255;1140.0
DAQI 1;52257;16366.0
STARLINK-3761;52262;16895.0
STARLINK-3786;52263;16895.0
STARLINK-3795;52264;16895.0
STARLINK-3740;52265;16896.0
STARLINK-3739;52266;16896.0
STARLINK-3748;52267;17018.0
STARLINK-3746;52268;17020.0
STARLINK-3791;52269;16896.0
STARLINK-3804;52270;17019.0
STARLINK-3788;52271;16896.0
STARLINK-3781;52272;16895.0
STARLINK-3782;52273;16909.0
STARLINK-3790;52274;16895.0
STARLINK-3784;52275;16896.0
STARLINK-3778;52276;17019.0
STARLINK-3780;52278;16896.0
STARLINK-3764;52280;16896.0
STARLINK-3779;52281;16895.0
STARLINK-3783;52282;16909.0
STARLINK-3789;52283;17018.0
STARLINK-3561;52284;16909.0
STARLINK-3775;52285;16896.0
STARLINK-3802;52286;16909.0
STARLINK-3822;52287;16896.0
STARLINK-3776;52288;16909.0
STARLINK-3751;52289;16909.0
STARLINK-3772;52290;16910.0
STARLINK-3773;52291;16984.0
STARLINK-3753;52292;16909.0
STARLINK-3771;52293;16909.0
STARLINK-3777;52294;16909.0
STARLINK-3765;52295;16909.0
STARLINK-3766;52296;16910.0
STARLINK-3758;52297;16910.0
STARLINK-3760;52298;16910.0
STARLINK-3769;52300;17034.0
STARLINK-3768;52301;17031.0
STARLINK-3564;52302;17044.0
STARLINK-3742;52303;17032.0
STARLINK-3744;52304;16923.0
STARLINK-3724;52305;17032.0
STARLINK-3747;52306;17045.0
STARLINK-3755;52307;17033.0
STARLINK-3756;52309;17045.0
STARLINK-3688;52310;17045.0
STARLINK-3750;52311;17045.0
STARLINK-3752;52312;17046.0
STARLINK-3749;52313;17047.0
SUPERVIEW NEO-1 01;52320;16903.0
SUPERVIEW NEO-1 02;52322;16905.0
STARLINK-3889;52331;17027.0
STARLINK-3831;52332;17019.0
STARLINK-3847;52333;17022.0
STARLINK-3880;52334;17027.0
STARLINK-3814;52335;17028.0
STARLINK-3823;52336;17020.0
STARLINK-3797;52337;17019.0
STARLINK-3792;52339;17028.0
STARLINK-3818;52340;17026.0
STARLINK-3843;52341;17020.0
STARLINK-3850;52342;17033.0
STARLINK-3849;52343;17028.0
STARLINK-3851;52344;17037.0
STARLINK-3852;52345;17025.0
STARLINK-3812;52346;17041.0
STARLINK-3826;52347;17041.0
STARLINK-3829;52348;17041.0
STARLINK-3819;52349;17037.0
STARLINK-3754;52350;17042.0
STARLINK-3838;52352;17042.0
STARLINK-3807;52353;17037.0
STARLINK-3876;52354;17042.0
STARLINK-3877;52355;17042.0
STARLINK-3801;52356;17042.0
STARLINK-3821;52357;17038.0
STARLINK-3837;52358;17042.0
STARLINK-3853;52359;17029.0
STARLINK-3824;52360;17058.0
STARLINK-3728;52361;17034.0
STARLINK-3848;52362;17055.0
STARLINK-3830;52363;17034.0
STARLINK-3820;52364;17055.0
STARLINK-3874;52365;17054.0
STARLINK-3808;52366;17051.0
STARLINK-3817;52367;17055.0
STARLINK-3834;52368;17054.0
STARLINK-3841;52369;17040.0
STARLINK-3827;52370;17047.0
STARLINK-3798;52371;17054.0
STARLINK-3796;52372;17050.0
STARLINK-3550;52373;17056.0
STARLINK-3762;52374;17047.0
STARLINK-3785;52375;17056.0
STARLINK-3767;52376;17056.0
STARLINK-3805;52377;17046.0
STARLINK-3806;52378;17047.0
STARLINK-3800;52379;17056.0
STARLINK-3793;52380;17069.0
STARLINK-3799;52382;17056.0
STARLINK-3811;52383;17068.0
JILIN-1 GAOFEN 4A;52388;16828.0
JILIN-1 GAOFEN 3D04;52389;16829.0
JILIN-1 GAOFEN 3D05;52390;16831.0
JILIN-1 GAOFEN 3D06;52391;16832.0
JILIN-1 GAOFEN 3D07;52392;16843.0
BRO-6;52422;16953.0
JILIN-1 KUANFU 01C;52443;16683.0
JILIN-1 GAOFEN 3D27;52444;16754.0
JILIN-1 GAOFEN 3D28;52445;16755.0
JILIN-1 GAOFEN 3D29;52446;16756.0
JILIN-1 GAOFEN 3D30;52447;16761.0
JILIN-1 GAOFEN 3D31;52448;16757.0
JILIN-1 GAOFEN 3D32;52449;16812.0
JILIN-1 GAOFEN 3D33;52450;16794.0
STARLINK-3870;52451;16669.0
STARLINK-3909;52452;16669.0
STARLINK-3872;52453;16669.0
STARLINK-3888;52454;16669.0
STARLINK-3890;52455;16669.0
STARLINK-3896;52456;16669.0
STARLINK-3899;52457;16670.0
STARLINK-3898;52458;16670.0
STARLINK-3856;52459;16684.0
STARLINK-3900;52461;16696.0
STARLINK-3903;52462;16682.0
STARLINK-3885;52463;16718.0
STARLINK-3904;52464;16682.0
STARLINK-3863;52465;16696.0
STARLINK-3840;52466;16782.0
STARLINK-3873;52467;16683.0
STARLINK-3864;52468;16701.0
STARLINK-3828;52469;16683.0
STARLINK-3859;52470;16681.0
STARLINK-3862;52471;16699.0
STARLINK-3881;52472;16701.0
STARLINK-3879;52473;16683.0
STARLINK-3855;52474;16696.0
STARLINK-3882;52475;16683.0
STARLINK-3835;52476;16819.0
STARLINK-3860;52477;16820.0
STARLINK-3825;52478;16807.0
STARLINK-3878;52479;16820.0
STARLINK-3839;52480;16683.0
STARLINK-3813;52482;16696.0
STARLINK-3875;52483;16820.0
STARLINK-3887;52484;16682.0
STARLINK-3913;52485;16696.0
STARLINK-3918;52486;16683.0
STARLINK-3902;52487;16820.0
STARLINK-3892;52488;16685.0
STARLINK-3923;52489;16683.0
STARLINK-3914;52490;16714.0
STARLINK-3908;52491;16697.0
STARLINK-3916;52492;16698.0
STARLINK-3883;52493;16698.0
STARLINK-3857;52494;16696.0
STARLINK-3871;52496;16703.0
STARLINK-3884;52497;16696.0
STARLINK-3925;52498;16710.0
STARLINK-3894;52499;16697.0
STARLINK-3866;52500;16710.0
STARLINK-3907;52501;16697.0
STARLINK-3912;52502;16711.0
STARLINK-3861;52503;16732.0
STARLINK-3952;52534;16612.0
STARLINK-3958;52535;16613.0
STARLINK-3964;52536;16613.0
STARLINK-3897;52537;16614.0
STARLINK-3933;52538;16614.0
STARLINK-3757;52539;16603.0
STARLINK-3940;52540;16612.0
STARLINK-3845;52541;16605.0
STARLINK-3937;52542;16610.0
STARLINK-3926;52543;16614.0
STARLINK-3944;52544;16596.0
STARLINK-3948;52546;16614.0
STARLINK-3931;52548;16614.0
STARLINK-3935;52549;16614.0
STARLINK-3965;52550;16614.0
STARLINK-3969;52551;16603.0
STARLINK-3966;52552;16612.0
STARLINK-3858;52553;16604.0
STARLINK-3770;52554;16607.0
STARLINK-3949;52555;16679.0
STARLINK-3763;52556;16672.0
STARLINK-3943;52557;16614.0
STARLINK-3954;52558;584.0
STARLINK-3953;52559;16617.0
STARLINK-3956;52560;16617.0
STARLINK-3955;52561;16605.0
STARLINK-3957;52562;16618.0
STARLINK-3942;52563;16608.0
STARLINK-3959;52564;16596.0
STARLINK-3911;52565;16617.0
STARLINK-3938;52566;16597.0
STARLINK-3929;52567;16627.0
STARLINK-3930;52568;16626.0
STARLINK-3927;52569;16618.0
STARLINK-3901;52574;16625.0
STARLINK-3920;52575;16626.0
STARLINK-3932;52576;16627.0
STARLINK-3836;52577;16597.0
STARLINK-3833;52578;16597.0
STARLINK-3893;52579;16607.0
STARLINK-3919;52580;16597.0
STARLINK-3915;52581;16624.0
STARLINK-3895;52583;16618.0
STARLINK-3922;52584;16627.0
STARLINK-3906;52585;16618.0
STARLINK-3910;52586;16626.0
STARLINK-3867;52587;16618.0
STARLINK-3917;52588;16618.0
STARLINK-4019;52598;16617.0
STARLINK-4024;52599;16624.0
STARLINK-4026;52600;16618.0
STARLINK-4027;52601;16585.0
STARLINK-4012;52602;16624.0
STARLINK-4016;52603;16618.0
STARLINK-4013;52604;16538.0
STARLINK-4000;52605;16574.0
STARLINK-3928;52606;16540.0
STARLINK-3947;52607;16578.0
STARLINK-3979;52608;16586.0
STARLINK-3997;52609;16538.0
STARLINK-3998;52610;16532.0
STARLINK-3980;52611;16537.0
STARLINK-4002;52612;16544.0
STARLINK-3982;52614;16557.0
STARLINK-4011;52615;16536.0
STARLINK-4015;52616;16551.0
STARLINK-3996;52617;16594.0
STARLINK-3983;52618;16599.0
STARLINK-3741;52619;16599.0
STARLINK-3975;52620;16574.0
STARLINK-3984;52621;16552.0
STARLINK-4008;52622;16579.0
STARLINK-3986;52623;16599.0
STARLINK-3988;52625;16550.0
STARLINK-3990;52626;16599.0
STARLINK-3992;52627;16552.0
STARLINK-4001;52628;16575.0
STARLINK-4022;52629;16599.0
STARLINK-3989;52630;16550.0
STARLINK-3794;52631;16599.0
STARLINK-3995;52632;16552.0
STARLINK-3994;52633;16558.0
STARLINK-3974;52634;16550.0
STARLINK-3978;52635;16571.0
STARLINK-3967;52636;16595.0
STARLINK-3961;52637;16608.0
STARLINK-3941;52638;16638.0
STARLINK-3968;52639;16651.0
STARLINK-3977;52640;16608.0
STARLINK-3991;52641;16565.0
STARLINK-3971;52642;16608.0
STARLINK-3963;52643;16564.0
STARLINK-3985;52644;16570.0
STARLINK-3973;52645;16613.0
STARLINK-3832;52646;16571.0
STARLINK-3846;52647;16604.0
STARLINK-3854;52648;16570.0
STARLINK-3868;52649;16572.0
STARLINK-3891;52650;16585.0
STARLINK-4004;52656;16573.0
STARLINK-4084;52657;16603.0
STARLINK-4082;52658;16581.0
STARLINK-3960;52659;16585.0
STARLINK-4081;52660;16569.0
STARLINK-4042;52661;16566.0
STARLINK-4044;52662;16562.0
STARLINK-4037;52663;16568.0
STARLINK-4070;52664;16568.0
STARLINK-4064;52665;16567.0
STARLINK-4079;52666;16567.0
STARLINK-4076;52667;16567.0
STARLINK-4067;52668;16562.0
STARLINK-3972;52669;16566.0
STARLINK-4075;52670;16558.0
STARLINK-4071;52671;16562.0
STARLINK-4073;52672;16557.0
STARLINK-3976;52673;16523.0
STARLINK-3936;52674;16525.0
STARLINK-3934;52675;16536.0
STARLINK-4006;52676;16523.0
STARLINK-4028;52677;16536.0
STARLINK-4074;52678;16537.0
STARLINK-4031;52679;16537.0
STARLINK-3774;52680;16537.0
STARLINK-4068;52681;16538.0
STARLINK-4017;52682;16536.0
STARLINK-4014;52684;16538.0
STARLINK-4029;52685;16538.0
STARLINK-4005;52686;16565.0
STARLINK-3981;52687;16536.0
STARLINK-4032;52688;16536.0
STARLINK-4078;52689;16541.0
STARLINK-4035;52690;16536.0
STARLINK-3993;52692;16538.0
STARLINK-3946;52693;16536.0
STARLINK-4072;52694;16538.0
STARLINK-4041;52695;16567.0
STARLINK-4018;52697;16531.0
STARLINK-4030;52698;16531.0
STARLINK-3987;52699;16544.0
STARLINK-4034;52700;16566.0
STARLINK-4033;52702;16531.0
STARLINK-4020;52703;16551.0
STARLINK-3999;52704;16549.0
STARLINK-3844;52705;16551.0
STARLINK-3970;52706;16551.0
STARLINK-4007;52707;16552.0
STARLINK-3962;52708;16550.0
COSMOS 2556;52713;16578.0
OBJECT A;52716;15275.0
OBJECT B;52717;14512.0
OBJECT C;52718;15275.0
GHGSAT-C3;52737;16433.0
CONNECTA T1.1;52739;16482.0
GHGSAT-C5;52744;16433.0
GHGSAT-C4;52746;16433.0
NUSAT-28 (ALICE LEE);52747;16523.0
OBJECT V;52751;16440.0
NUSAT-31 (RUBY PAYNE-S);52752;16518.0
HAWK-5C;52754;16460.0
HAWK-5B;52756;16460.0
HAWK-5A;52757;16460.0
ICEYE-X20;52759;16587.0
VIGORIDE-3;52760;16416.0
ION SCV-006;52761;16452.0
ICEYE-X17;52762;16523.0
SHERPA-AC1;52763;16439.0
NUSAT-29 (EDITH CLARKE);52764;16544.0
ARMSAT1 URDANETA;52765;16545.0
VARISAT 1C & CELESTIS-21;52766;16551.0
PLATFORM-1;52770;16513.0
OMNI-L2;52771;16114.0
GUARDIAN;52775;16512.0
GEESAT-1 01;52785;16022.0
GEESAT-1 02;52786;16023.0
GEESAT-1 03;52787;16021.0
GEESAT-1 04;52788;16019.0
GEESAT-1 05;52789;16023.0
GEESAT-1 06;52790;16020.0
GEESAT-1 07;52791;16021.0
GEESAT-1 08;52792;16023.0
GEESAT-1 09;52793;16024.0
NILESAT 301;52817;1072.0
STARLINK-4091;52830;16036.0
STARLINK-4089;52831;16037.0
STARLINK-4083;52832;16090.0
STARLINK-4086;52833;16041.0
STARLINK-4108;52834;16035.0
STARLINK-4080;52835;16035.0
STARLINK-4043;52836;16036.0
STARLINK-4036;52837;16035.0
STARLINK-4092;52838;16035.0
STARLINK-4048;52839;16035.0
STARLINK-4049;52840;16034.0
STARLINK-4065;52841;16037.0
STARLINK-4046;52842;16035.0
STARLINK-4188;52843;16037.0
STARLINK-4208;52844;16091.0
STARLINK-4168;52845;16036.0
STARLINK-4212;52846;16091.0
STARLINK-4206;52847;16037.0
STARLINK-4202;52848;16091.0
STARLINK-4197;52849;16104.0
STARLINK-4187;52850;16035.0
STARLINK-3809;52851;16048.0
STARLINK-4184;52852;16104.0
STARLINK-4189;52853;16049.0
STARLINK-4204;52854;16104.0
STARLINK-4209;52855;16050.0
STARLINK-4201;52856;16050.0
STARLINK-4199;52857;16049.0
STARLINK-4198;52858;16050.0
STARLINK-4196;52859;16049.0
STARLINK-4191;52860;16050.0
STARLINK-4112;52861;16049.0
STARLINK-4010;52862;16049.0
STARLINK-4270;52863;16049.0
STARLINK-4267;52864;16049.0
STARLINK-4274;52865;16049.0
STARLINK-4272;52866;16051.0
STARLINK-4126;52867;16049.0
STARLINK-4261;52868;16051.0
STARLINK-4266;52869;16117.0
STARLINK-4195;52870;16049.0
STARLINK-4207;52871;16062.0
STARLINK-4213;52872;16062.0
STARLINK-4211;52873;16062.0
STARLINK-4210;52874;16062.0
STARLINK-4193;52875;16062.0
STARLINK-4200;52876;16062.0
STARLINK-4214;52877;16118.0
STARLINK-4171;52878;16062.0
STARLINK-4139;52879;16063.0
STARLINK-4186;52880;16063.0
STARLINK-4181;52882;16064.0
GLOBALSTAR M087;52888;14058.0
PVSAT;52894;15397.0
KSLV-II DUMMY;52895;15400.0
STEP CUBE LAB-II;52897;15302.0
RANDEV;52898;15275.0
SNUGLITE-II;52899;15244.0
MIMAN;52900;15200.0
CMS-02 (GSAT 24);52903;1059.0
MEASAT 3D;52904;1063.0
YAOGAN-35 02A;52907;16096.0
YAOGAN-35 02B;52908;16099.0
GAOFEN-12 03;52912;15544.0
SES-22;52933;350.0
DS-EO;52935;15785.0
NEUSAR;52937;15467.0
POEM;52939;15839.0
WFOV (USA 332);52940;1035.0
DUMMY CUBESAT;52983;15172.0
COSMOS 2557 [GLONASS-K];52984;2217.0
STARLINK-4260;52986;15790.0
STARLINK-4259;52987;15730.0
STARLINK-4291;52988;15743.0
STARLINK-4293;52989;15729.0
STARLINK-4286;52990;15776.0
STARLINK-4285;52991;15730.0
STARLINK-4269;52992;15777.0
STARLINK-4264;52993;15743.0
STARLINK-4256;52994;15743.0
STARLINK-4296;52995;15743.0
STARLINK-4295;52996;15743.0
STARLINK-4254;52998;15792.0
STARLINK-4217;52999;15744.0
STARLINK-4194;53000;15743.0
STARLINK-4190;53001;15791.0
STARLINK-4121;53002;15743.0
STARLINK-4255;53003;15744.0
STARLINK-4253;53004;15790.0
STARLINK-4288;53005;15793.0
STARLINK-4290;53006;15791.0
STARLINK-4215;53007;15791.0
STARLINK-4275;53008;15744.0
STARLINK-4277;53009;15757.0
STARLINK-4263;53010;15793.0
STARLINK-4265;53011;15806.0
STARLINK-4271;53012;15744.0
STARLINK-4177;53013;15757.0
STARLINK-4183;53014;15757.0
STARLINK-4262;53015;15757.0
STARLINK-4283;53016;15804.0
STARLINK-4281;53017;15806.0
STARLINK-4279;53018;15757.0
STARLINK-4282;53019;15804.0
STARLINK-4287;53020;15757.0
STARLINK-4216;53022;15757.0
STARLINK-4284;53023;15806.0
STARLINK-4289;53024;15758.0
STARLINK-4218;53025;15758.0
STARLINK-4119;53026;15758.0
STARLINK-4158;53027;15805.0
STARLINK-4143;53029;15771.0
STARLINK-4160;53030;15806.0
STARLINK-4137;53031;15771.0
STARLINK-4115;53032;15758.0
STARLINK-4167;53033;15771.0
STARLINK-4151;53034;15816.0
STARLINK-4157;53035;15815.0
STARLINK-4155;53036;15770.0
STARLINK-4153;53037;15817.0
STARLINK-4156;53038;15817.0
STARLINK-4362;53043;15577.0
STARLINK-4349;53044;15573.0
STARLINK-4350;53045;15577.0
STARLINK-4331;53046;15642.0
STARLINK-4352;53047;15577.0
STARLINK-4355;53048;15639.0
STARLINK-4345;53049;15572.0
STARLINK-4343;53050;15572.0
STARLINK-4336;53051;15639.0
STARLINK-4341;53052;15576.0
STARLINK-4337;53053;15579.0
STARLINK-4339;53054;15576.0
STARLINK-4338;53055;15576.0
STARLINK-4314;53056;15572.0
STARLINK-4252;53057;15639.0
STARLINK-4317;53058;15576.0
STARLINK-4320;53059;15642.0
STARLINK-4305;53060;15576.0
STARLINK-4308;53061;15576.0
STARLINK-4311;53062;15576.0
STARLINK-4307;53063;15640.0
STARLINK-4313;53064;15641.0
STARLINK-4312;53065;15579.0
STARLINK-4309;53066;15639.0
STARLINK-4306;53067;15658.0
STARLINK-4325;53068;15639.0
STARLINK-4323;53069;15639.0
STARLINK-4342;53070;15630.0
STARLINK-4328;53071;15572.0
STARLINK-4344;53072;15579.0
STARLINK-4346;53073;15579.0
STARLINK-4310;53074;15639.0
STARLINK-4348;53075;15639.0
STARLINK-4347;53076;15636.0
STARLINK-4315;53077;15654.0
STARLINK-4322;53078;15639.0
STARLINK-4327;53079;15577.0
STARLINK-4330;53080;15642.0
STARLINK-4326;53081;15642.0
STARLINK-4321;53082;15639.0
STARLINK-4251;53083;15577.0
STARLINK-4319;53084;15577.0
STARLINK-4324;53085;15639.0
STARLINK-4318;53086;15639.0
STARLINK-4329;53087;15646.0
STARLINK-4333;53088;15642.0
TIANLIAN 2-03;53100;1053.0
LARES-2;53105;6593.0
GREENCUBE;53106;6120.0
ROBUSTA-1F (MTCUBE 2);53109;6630.0
SUPERVIEW NEO-2 01;53128;15726.0
SUPERVIEW NEO-2 02;53130;15727.0
STARLINK-4063;53132;15647.0
STARLINK-4150;53134;15643.0
STARLINK-4023;53135;15670.0
STARLINK-4152;53136;15670.0
STARLINK-4145;53137;15581.0
STARLINK-4141;53138;15664.0
STARLINK-4185;53139;15647.0
STARLINK-4170;53140;15647.0
STARLINK-4103;53141;15576.0
STARLINK-4101;53142;15581.0
STARLINK-4102;53143;15648.0
STARLINK-4100;53144;15647.0
STARLINK-4106;53145;15643.0
STARLINK-4099;53146;15654.0
STARLINK-4094;53147;15648.0
STARLINK-4021;53149;15657.0
STARLINK-4038;53150;15662.0
STARLINK-4040;53151;15652.0
STARLINK-4045;53152;15662.0
STARLINK-4098;53153;15593.0
STARLINK-4077;53154;15662.0
STARLINK-4088;53155;15661.0
STARLINK-4087;53156;15585.0
STARLINK-4093;53157;15661.0
STARLINK-4054;53158;15594.0
STARLINK-4111;53159;15661.0
STARLINK-4096;53160;15594.0
STARLINK-4055;53161;15594.0
STARLINK-4114;53162;15661.0
STARLINK-4104;53163;15661.0
STARLINK-4116;53164;15661.0
STARLINK-4090;53165;15663.0
STARLINK-4110;53166;15663.0
STARLINK-3683;53167;15609.0
STARLINK-4105;53168;15590.0
STARLINK-4117;53169;15608.0
STARLINK-4095;53170;15667.0
STARLINK-4052;53171;15704.0
STARLINK-4299;53172;15668.0
STARLINK-4300;53173;15696.0
STARLINK-4205;53174;15580.0
STARLINK-4292;53175;15580.0
STARLINK-4294;53176;15682.0
STARLINK-4298;53177;15629.0
STARLINK-4280;53178;15588.0
STARLINK-4276;53179;15650.0
STARLINK-4258;53180;15716.0
STARLINK-4273;53181;15798.0
STARLINK-4278;53182;15695.0
STARLINK-4268;53183;15643.0
STARLINK-4257;53184;15718.0
STARLINK-4391;53189;15486.0
STARLINK-4332;53190;15485.0
STARLINK-4369;53191;15460.0
STARLINK-4375;53192;15485.0
STARLINK-4351;53193;15461.0
STARLINK-4382;53194;15418.0
STARLINK-4404;53195;15485.0
STARLINK-4407;53196;15461.0
STARLINK-4403;53197;15460.0
STARLINK-4385;53198;15460.0
STARLINK-4395;53199;15460.0
STARLINK-4417;53200;15484.0
STARLINK-4405;53201;15460.0
STARLINK-4411;53202;15456.0
STARLINK-4409;53203;15419.0
STARLINK-4410;53204;15484.0
STARLINK-4397;53205;15460.0
STARLINK-4408;53206;15416.0
STARLINK-4413;53207;15460.0
STARLINK-4425;53208;15460.0
STARLINK-4423;53209;15460.0
STARLINK-4427;53210;15473.0
STARLINK-4419;53211;589.0
STARLINK-4416;53212;15417.0
STARLINK-4414;53213;15460.0
STARLINK-4353;53214;15416.0
STARLINK-4335;53215;15460.0
STARLINK-4376;53216;15416.0
STARLINK-4379;53217;602.0
STARLINK-4384;53218;15400.0
STARLINK-4373;53219;15416.0
STARLINK-4363;53220;15468.0
STARLINK-4377;53221;15405.0
STARLINK-4356;53224;15416.0
STARLINK-4358;53225;15423.0
STARLINK-4359;53226;15416.0
STARLINK-4366;53227;15407.0
STARLINK-4365;53228;15419.0
STARLINK-4367;53229;15423.0
STARLINK-4364;53230;15460.0
STARLINK-4370;53231;15423.0
STARLINK-4371;53232;15423.0
STARLINK-4372;53233;15423.0
STARLINK-4368;53234;15424.0
STARLINK-4056;53242;15586.0
STARLINK-4047;53243;15538.0
STARLINK-4125;53244;15537.0
STARLINK-4131;53246;15473.0
STARLINK-4061;53247;15590.0
STARLINK-4135;53248;15586.0
STARLINK-4128;53249;15551.0
STARLINK-4059;53250;15567.0
STARLINK-4129;53251;15561.0
STARLINK-4132;53252;15563.0
STARLINK-4133;53253;15551.0
STARLINK-4134;53254;15551.0
STARLINK-4142;53255;15565.0
STARLINK-4147;53256;15561.0
STARLINK-4144;53257;15552.0
STARLINK-4127;53258;15552.0
STARLINK-4140;53259;15552.0
STARLINK-4136;53260;583.0
STARLINK-4062;53261;15552.0
STARLINK-4085;53262;15565.0
STARLINK-4130;53263;15557.0
STARLINK-3950;53264;15552.0
STARLINK-4097;53265;15566.0
STARLINK-4058;53266;15537.0
STARLINK-4060;53267;15552.0
STARLINK-4109;53268;15552.0
STARLINK-4057;53269;15565.0
STARLINK-4122;53272;15561.0
STARLINK-4051;53273;15578.0
STARLINK-4050;53274;15565.0
STARLINK-4179;53275;15565.0
STARLINK-4174;53276;15565.0
STARLINK-4178;53277;15565.0
STARLINK-4180;53278;15574.0
STARLINK-4169;53280;15636.0
STARLINK-4164;53282;15565.0
STARLINK-4175;53283;15574.0
STARLINK-4173;53285;15557.0
STARLINK-4165;53286;15569.0
STARLINK-4107;53287;15566.0
STARLINK-4162;53288;15577.0
STARLINK-4176;53289;15572.0
STARLINK-4149;53290;15577.0
STARLINK-4166;53291;15573.0
STARLINK-4159;53292;15566.0
STARLINK-4148;53293;15579.0
STARLINK-4146;53294;15580.0
OBJECT E;53303;15721.0
YAOGAN-35 03A;53316;15602.0
YAOGAN-35 03B;53318;15980.0
YAOGAN-35 03C;53320;15545.0
COSMOS 2558;53323;15580.0
TECMS;53346;15399.0
SBIRS GEO-6 (USA 336);53355;1021.0
KHAYYAM;53370;15363.0
STARLINK-4522;53388;15264.0
STARLINK-4523;53389;15264.0
STARLINK-4517;53390;15264.0
STARLINK-4521;53391;15264.0
STARLINK-4535;53392;15323.0
STARLINK-4530;53393;15264.0
STARLINK-4544;53394;15341.0
STARLINK-4534;53395;15263.0
STARLINK-4524;53396;15263.0
STARLINK-4515;53397;15310.0
STARLINK-4512;53398;15265.0
STARLINK-4528;53399;15262.0
STARLINK-4520;53400;15265.0
STARLINK-4525;53401;15261.0
STARLINK-4499;53402;15311.0
STARLINK-4507;53403;15264.0
STARLINK-4509;53404;15324.0
STARLINK-4510;53405;15311.0
STARLINK-4533;53406;15325.0
STARLINK-4537;53407;15291.0
STARLINK-4491;53408;15324.0
STARLINK-4490;53409;15338.0
STARLINK-4492;53410;15278.0
STARLINK-4497;53411;15276.0
STARLINK-4496;53412;15276.0
STARLINK-4500;53413;15325.0
STARLINK-4304;53414;15276.0
STARLINK-4479;53415;15276.0
STARLINK-4480;53416;15321.0
STARLINK-4484;53417;15278.0
STARLINK-4481;53418;15339.0
STARLINK-4476;53419;15322.0
STARLINK-4552;53420;15277.0
STARLINK-4545;53421;15278.0
STARLINK-4546;53422;15324.0
STARLINK-4539;53423;15275.0
STARLINK-4532;53424;15324.0
STARLINK-4531;53425;15321.0
STARLINK-4558;53426;15337.0
STARLINK-4543;53429;15338.0
STARLINK-4538;53430;15336.0
STARLINK-4548;53431;15290.0
STARLINK-4557;53432;15290.0
STARLINK-4549;53433;15335.0
STARLINK-4498;53434;15290.0
STARLINK-4542;53435;15336.0
STARLINK-4527;53436;15292.0
STARLINK-4526;53438;15339.0
STARLINK-4519;53439;15339.0
DONGPO 07;53444;15283.0
JILIN-1 GAOFEN 03D09;53445;15279.0
OBJECT C;53446;15280.0
DONGPO 06;53447;15291.0
JILIN-1 GAOFEN 03D43;53448;15280.0
DONGPO 05;53449;15283.0
DONGPO 03;53450;15287.0
DONGPO 04;53451;15292.0
DONGPO 02;53452;15283.0
DONGPO 01;53453;15282.0
STARLINK-4415;53465;15110.0
STARLINK-4398;53466;587.0
STARLINK-4394;53467;15104.0
STARLINK-4400;53468;15076.0
STARLINK-4399;53469;15085.0
STARLINK-4393;53470;15085.0
STARLINK-4316;53471;15109.0
STARLINK-4447;53472;15085.0
STARLINK-4383;53473;15085.0
STARLINK-4445;53474;15084.0
STARLINK-4389;53475;15155.0
STARLINK-4378;53476;15084.0
STARLINK-4412;53477;15155.0
STARLINK-4433;53478;15084.0
STARLINK-4436;53479;15114.0
STARLINK-4442;53480;15085.0
STARLINK-4302;53481;15085.0
STARLINK-4360;53482;15085.0
STARLINK-4401;53483;15081.0
STARLINK-4426;53484;15114.0
STARLINK-4430;53485;15085.0
STARLINK-4431;53486;15114.0
STARLINK-4432;53487;15085.0
STARLINK-4421;53488;15114.0
STARLINK-4392;53489;15085.0
STARLINK-4387;53490;15114.0
STARLINK-4450;53491;15085.0
STARLINK-4451;53492;15085.0
STARLINK-4361;53493;15085.0
STARLINK-4340;53494;15114.0
STARLINK-4429;53495;15110.0
STARLINK-4465;53496;15114.0
STARLINK-4453;53497;15115.0
STARLINK-4439;53498;15114.0
STARLINK-4454;53499;15085.0
STARLINK-4455;53500;15115.0
STARLINK-4434;53501;15109.0
STARLINK-4435;53502;15109.0
STARLINK-4461;53503;15114.0
STARLINK-4448;53504;15114.0
STARLINK-4446;53505;15086.0
STARLINK-4437;53506;15109.0
STARLINK-4444;53507;15141.0
STARLINK-4443;53508;15086.0
STARLINK-4402;53509;15112.0
YAOGAN-35 04A;53522;15224.0
YAOGAN-35 04B;53524;15217.0
YAOGAN-35 04C;53526;15209.0
STARLINK-4511;53527;15089.0
STARLINK-4503;53528;15074.0
STARLINK-4478;53529;15075.0
STARLINK-4482;53530;15074.0
STARLINK-4487;53531;15074.0
STARLINK-4483;53532;15074.0
STARLINK-4493;53533;15077.0
STARLINK-4138;53535;15077.0
STARLINK-4053;53536;15088.0
STARLINK-4120;53537;15077.0
STARLINK-4118;53538;15156.0
STARLINK-4123;53539;15075.0
STARLINK-4486;53540;15157.0
STARLINK-4485;53541;15144.0
STARLINK-4489;53542;15157.0
STARLINK-4297;53543;15156.0
STARLINK-4303;53544;15155.0
STARLINK-4475;53545;15157.0
STARLINK-4477;53546;15103.0
STARLINK-4474;53547;15155.0
STARLINK-4513;53548;15089.0
STARLINK-4518;53550;15155.0
STARLINK-4514;53551;15155.0
STARLINK-4495;53552;15154.0
STARLINK-4501;53553;15154.0
STARLINK-4506;53554;15089.0
STARLINK-4504;53555;15155.0
STARLINK-4505;53556;15089.0
STARLINK-4502;53557;15091.0
STARLINK-4494;53558;15162.0
STARLINK-4508;53559;15089.0
STARLINK-4564;53560;15102.0
STARLINK-4563;53561;15089.0
STARLINK-4565;53562;15168.0
STARLINK-4561;53563;15102.0
STARLINK-4577;53564;15108.0
STARLINK-4575;53565;15168.0
STARLINK-4576;53566;15173.0
STARLINK-4585;53567;15102.0
STARLINK-4583;53568;15171.0
STARLINK-4582;53569;15169.0
STARLINK-4550;53570;15171.0
STARLINK-4584;53571;15171.0
STARLINK-4555;53572;15103.0
STARLINK-4547;53573;15102.0
STARLINK-4559;53574;15103.0
STARLINK-4551;53575;15173.0
STARLINK-4581;53576;15184.0
STARLINK-4553;53577;15184.0
STARLINK-4556;53578;15103.0
STARLINK-4580;53579;15104.0
CHUANGXIN 16A (CX-16A);53586;14918.0
BEIJING-3B;53587;14764.0
STARLINK-4691;53588;15066.0
STARLINK-4673;53589;14956.0
STARLINK-4689;53590;15048.0
STARLINK-4674;53591;15053.0
STARLINK-4672;53592;15051.0
STARLINK-4671;53593;15023.0
STARLINK-4681;53594;15065.0
STARLINK-4684;53595;14997.0
STARLINK-4668;53596;613.0
STARLINK-4676;53598;14956.0
STARLINK-4677;53600;14994.0
STARLINK-4675;53601;15014.0
STARLINK-4648;53602;14963.0
STARLINK-4692;53603;15025.0
STARLINK-4690;53604;15019.0
STARLINK-4693;53605;14956.0
STARLINK-4590;53606;15020.0
STARLINK-4591;53607;14963.0
STARLINK-4647;53608;15020.0
STARLINK-4660;53609;14963.0
STARLINK-4610;53610;14967.0
STARLINK-4650;53611;15112.0
STARLINK-4658;53612;15020.0
STARLINK-4655;53613;14969.0
STARLINK-4605;53616;14984.0
STARLINK-4609;53619;15020.0
STARLINK-4615;53620;15031.0
STARLINK-4608;53621;14970.0
STARLINK-4568;53622;15027.0
STARLINK-4573;53623;15031.0
STARLINK-4596;53624;15025.0
STARLINK-4554;53626;14970.0
STARLINK-4595;53627;14970.0
STARLINK-4600;53628;14970.0
STARLINK-4602;53629;14970.0
STARLINK-4598;53630;14984.0
STARLINK-4599;53631;14970.0
STARLINK-4606;53632;14970.0
STARLINK-4593;53633;14984.0
STARLINK-4592;53634;14984.0
STARLINK-4587;53635;14984.0
STARLINK-4586;53636;15072.0
STARLINK-4396;53637;14983.0
STARLINK-4594;53638;15079.0
STARLINK-4422;53639;14984.0
STARLINK-4597;53640;14984.0
STARLINK-4588;53641;14984.0
STARLINK-4622;53648;14844.0
STARLINK-4386;53649;14842.0
STARLINK-4380;53650;14810.0
STARLINK-4388;53651;14842.0
STARLINK-4374;53652;14842.0
STARLINK-4390;53653;14842.0
STARLINK-4420;53654;14842.0
STARLINK-4470;53655;14842.0
STARLINK-4466;53656;14806.0
STARLINK-4469;53657;14842.0
STARLINK-4452;53658;14806.0
STARLINK-4463;53659;14842.0
STARLINK-4473;53660;14843.0
STARLINK-4472;53661;14811.0
STARLINK-4357;53662;14843.0
STARLINK-4457;53663;14843.0
STARLINK-4471;53664;14841.0
STARLINK-4334;53665;14811.0
STARLINK-4406;53667;14807.0
STARLINK-4458;53668;14843.0
STARLINK-4464;53669;14843.0
STARLINK-4459;53670;14843.0
STARLINK-4440;53671;14843.0
STARLINK-4428;53672;14843.0
STARLINK-4456;53673;14842.0
STARLINK-4620;53674;14811.0
STARLINK-4617;53675;14811.0
STARLINK-4621;53676;14843.0
STARLINK-4579;53677;14843.0
STARLINK-4632;53679;14807.0
STARLINK-4630;53680;14811.0
STARLINK-4424;53681;14843.0
STARLINK-4438;53682;14839.0
STARLINK-4625;53683;14811.0
STARLINK-4624;53684;14843.0
STARLINK-4626;53685;14811.0
STARLINK-4467;53686;14843.0
STARLINK-4569;53687;14839.0
STARLINK-4571;53688;14839.0
STARLINK-4570;53690;14811.0
STARLINK-4560;53691;14843.0
STARLINK-4572;53692;14843.0
STARLINK-4566;53693;14843.0
YAOGAN-33 02;53698;14340.0
STARLINK-4725;53700;14861.0
STARLINK-4711;53701;14938.0
STARLINK-4724;53702;14966.0
STARLINK-4731;53703;14874.0
STARLINK-4714;53704;14921.0
STARLINK-4717;53705;14942.0
STARLINK-4716;53706;14874.0
STARLINK-4667;53707;14895.0
STARLINK-4694;53708;14895.0
STARLINK-4685;53709;14865.0
STARLINK-4627;53711;14905.0
STARLINK-4683;53712;14865.0
STARLINK-4698;53713;14953.0
STARLINK-4686;53715;14899.0
STARLINK-4699;53716;14898.0
STARLINK-4695;53718;14891.0
STARLINK-4644;53719;14940.0
STARLINK-4642;53720;14899.0
STARLINK-4707;53721;14857.0
STARLINK-4700;53722;14898.0
STARLINK-4705;53723;14913.0
STARLINK-4663;53724;14899.0
STARLINK-4697;53726;14899.0
STARLINK-4701;53727;14859.0
STARLINK-4640;53728;14859.0
STARLINK-4651;53729;14857.0
STARLINK-4641;53730;14859.0
STARLINK-4636;53731;14857.0
STARLINK-4661;53732;14908.0
STARLINK-4574;53733;14915.0
STARLINK-4616;53734;14911.0
STARLINK-4618;53735;14902.0
STARLINK-4652;53736;14915.0
STARLINK-4646;53737;14844.0
STARLINK-4662;53738;14902.0
STARLINK-4607;53740;14911.0
STARLINK-4614;53741;14869.0
STARLINK-4637;53742;14917.0
STARLINK-4645;53743;14917.0
STARLINK-4670;53744;14844.0
STARLINK-4656;53745;14917.0
STARLINK-4589;53746;14839.0
STARLINK-4612;53750;14832.0
SHERPA-LTC2;53754;14370.0
CENTISPACE-1 S3;53757;14306.0
CENTISPACE-1 S4;53758;14307.0
YAOGAN-35 05A;53760;13208.0
YAOGAN-35 05B;53761;14949.0
YAOGAN-35 05C;53763;14945.0
EUTELSAT KONNECT VHTS;53765;281.0
STARLINK-4718;53773;14843.0
STARLINK-4719;53774;14829.0
STARLINK-4722;53775;14827.0
STARLINK-4708;53776;596.0
STARLINK-4664;53777;14821.0
STARLINK-4709;53778;14815.0
STARLINK-4706;53779;14821.0
STARLINK-4678;53780;14742.0
STARLINK-4462;53781;14828.0
STARLINK-4679;53782;14823.0
STARLINK-4536;53783;14828.0
STARLINK-4687;53784;14828.0
STARLINK-4631;53786;14769.0
STARLINK-4743;53787;14828.0
STARLINK-4666;53789;14823.0
STARLINK-4734;53790;14828.0
STARLINK-4739;53792;14826.0
STARLINK-4728;53793;14821.0
STARLINK-4730;53794;14827.0
STARLINK-4742;53795;14821.0
STARLINK-4721;53796;14848.0
STARLINK-4723;53797;14826.0
STARLINK-4712;53798;14750.0
STARLINK-4710;53799;14839.0
STARLINK-4720;53800;14763.0
STARLINK-4715;53801;14835.0
STARLINK-4726;53802;14763.0
STARLINK-4727;53803;14860.0
STARLINK-4729;53804;14842.0
STARLINK-4763;53805;14785.0
STARLINK-4768;53806;14783.0
BLUEWALKER-3;53807;14866.0
ZHONGXING-1E;53813;983.0
STRIX-1;53815;14623.0
STARLINK-4738;53819;14738.0
STARLINK-4758;53820;14742.0
STARLINK-4752;53821;591.0
STARLINK-4748;53823;14756.0
STARLINK-4757;53824;14689.0
STARLINK-4751;53825;14682.0
STARLINK-4756;53826;14736.0
STARLINK-4764;53827;14693.0
STARLINK-4760;53828;14682.0
STARLINK-4759;53829;14736.0
STARLINK-4761;53830;14736.0
STARLINK-4649;53831;14693.0
STARLINK-4747;53832;14737.0
STARLINK-4771;53833;14738.0
STARLINK-4737;53834;14693.0
STARLINK-4783;53835;14693.0
STARLINK-4778;53836;14756.0
STARLINK-4776;53837;14743.0
STARLINK-4773;53838;14751.0
STARLINK-4784;53839;14702.0
STARLINK-4766;53840;14751.0
STARLINK-4750;53841;14749.0
STARLINK-4754;53842;14756.0
STARLINK-4769;53843;14706.0
STARLINK-4745;53844;14707.0
STARLINK-4753;53845;14756.0
STARLINK-4746;53846;14707.0
STARLINK-4777;53847;14702.0
STARLINK-4780;53848;14707.0
STARLINK-4770;53849;14756.0
STARLINK-4767;53850;14707.0
STARLINK-4755;53851;14707.0
STARLINK-4797;53852;14713.0
STARLINK-4794;53853;14750.0
STARLINK-4800;53854;14720.0
STARLINK-4703;53855;14750.0
STARLINK-4795;53856;14765.0
STARLINK-4809;53857;14707.0
STARLINK-4798;53858;14763.0
STARLINK-4790;53859;14757.0
STARLINK-4799;53860;14739.0
STARLINK-4781;53861;14765.0
STARLINK-4788;53863;14720.0
STARLINK-4779;53864;14764.0
STARLINK-4762;53866;14790.0
STARLINK-4793;53867;14734.0
STARLINK-4789;53868;14797.0
STARLINK-4810;53869;14734.0
STARLINK-4732;53870;14797.0
STARLINK-4740;53871;14748.0
CHUANGXIN 16B (CX-16B);53876;14531.0
YUNHAI-1 03;53877;13824.0
STARLINK-5028;53886;14622.0
STARLINK-5029;53887;14580.0
STARLINK-5034;53888;14586.0
STARLINK-5031;53889;14590.0
STARLINK-5050;53890;14639.0
STARLINK-5041;53891;14622.0
STARLINK-5046;53892;14580.0
STARLINK-5052;53893;14622.0
STARLINK-5043;53894;14622.0
STARLINK-5032;53895;14624.0
STARLINK-5037;53896;14623.0
STARLINK-5035;53897;14622.0
STARLINK-5044;53898;14623.0
STARLINK-5042;53899;14623.0
STARLINK-5045;53900;14587.0
STARLINK-5024;53901;14624.0
STARLINK-5021;53902;14693.0
STARLINK-5022;53903;14587.0
STARLINK-4787;53904;14623.0
STARLINK-5003;53905;14636.0
STARLINK-5054;53906;14636.0
STARLINK-5057;53908;14637.0
STARLINK-4796;53909;14604.0
STARLINK-5056;53910;14651.0
STARLINK-5048;53911;14637.0
STARLINK-5059;53912;14636.0
STARLINK-5053;53913;14638.0
STARLINK-5040;53914;14642.0
STARLINK-5017;53915;14636.0
STARLINK-5051;53916;14671.0
STARLINK-5036;53917;14600.0
STARLINK-5012;53918;14642.0
STARLINK-5023;53919;14636.0
STARLINK-5025;53920;14636.0
STARLINK-5002;53922;14636.0
STARLINK-5004;53923;14638.0
STARLINK-5001;53924;14607.0
STARLINK-5011;53925;14605.0
STARLINK-5014;53926;14611.0
STARLINK-5008;53927;14653.0
STARLINK-5009;53928;14656.0
STARLINK-5018;53929;14635.0
STARLINK-5010;53930;14618.0
STARLINK-5015;53931;14657.0
STARLINK-4772;53932;14657.0
STARLINK-4782;53933;14656.0
STARLINK-4775;53934;14660.0
STARLINK-5000;53935;14639.0
STARLINK-4791;53936;14658.0
YAOGAN-36 01A;53943;14639.0
YAOGAN-36 01C;53947;14643.0
OBJECT C;53950;14687.0
SES-20;53960;951.0
SES-21;53961;319.0
STARLINK-4633;53964;14402.0
STARLINK-4578;53965;14402.0
STARLINK-4635;53966;14388.0
STARLINK-4634;53967;14382.0
STARLINK-4629;53968;14402.0
STARLINK-4468;53969;14402.0
STARLINK-4567;53970;14409.0
STARLINK-4639;53971;14389.0
STARLINK-5156;53973;14403.0
STARLINK-5159;53974;14431.0
STARLINK-5137;53975;14410.0
STARLINK-5134;53976;14431.0
STARLINK-5094;53977;14395.0
STARLINK-5148;53978;14409.0
STARLINK-5123;53979;14409.0
STARLINK-5133;53980;14410.0
STARLINK-5149;53981;14416.0
STARLINK-5120;53982;14405.0
STARLINK-5103;53983;14431.0
STARLINK-5142;53984;14402.0
STARLINK-5147;53985;14416.0
STARLINK-5119;53986;14431.0
STARLINK-5113;53988;14401.0
STARLINK-5118;53991;14431.0
STARLINK-5108;53992;14405.0
STARLINK-5121;53993;14408.0
STARLINK-5125;53994;14402.0
STARLINK-5097;53995;14401.0
STARLINK-5131;53996;14402.0
STARLINK-5130;53997;14415.0
STARLINK-5128;53998;14417.0
STARLINK-5079;53999;14404.0
STARLINK-5088;54000;14415.0
STARLINK-5109;54002;14429.0
STARLINK-5114;54003;14415.0
STARLINK-5129;54004;14415.0
STARLINK-5135;54005;14402.0
STARLINK-5096;54006;14415.0
STARLINK-5132;54007;14402.0
STARLINK-5145;54008;14429.0
STARLINK-5099;54009;14402.0
STARLINK-5127;54010;14429.0
STARLINK-5124;54011;14429.0
STARLINK-5126;54012;14416.0
STARLINK-5098;54013;14428.0
STARLINK-5055;54015;14429.0
CENTISPACE-1 S5;54020;13851.0
CENTISPACE-1 S6;54021;13850.0
OTB-3-GAZELLE;54023;13665.0
GALAXY 33 (G-33);54026;972.0
GALAXY 34 (G-34);54027;989.0
ASO-S;54029;13737.0
COSMOS 2559 [GLONASS-K];54031;2014.0
ANGOSAT 2;54033;946.0
HJ-2E;54035;14358.0
YAOGAN-36 02B;54043;14366.0
YAOGAN-36 02C;54045;14368.0
EUTELSAT HOTBIRD 13F;54048;935.0
STARLINK-5195;54051;14139.0
STARLINK-5189;54052;14196.0
STARLINK-5176;54053;14194.0
STARLINK-5163;54054;14141.0
STARLINK-5158;54055;14139.0
STARLINK-5226;54056;14141.0
STARLINK-5167;54058;14193.0
STARLINK-5173;54059;14140.0
STARLINK-5169;54060;14239.0
STARLINK-5209;54061;14242.0
STARLINK-5170;54062;14187.0
STARLINK-5225;54063;14141.0
STARLINK-5172;54064;14206.0
STARLINK-5187;54065;14141.0
STARLINK-5151;54066;14139.0
STARLINK-5174;54067;14194.0
STARLINK-5222;54068;14194.0
STARLINK-5181;54070;14140.0
STARLINK-5168;54071;14194.0
STARLINK-5146;54073;14148.0
STARLINK-5192;54074;14194.0
STARLINK-5212;54075;14201.0
STARLINK-5201;54076;14141.0
STARLINK-5171;54077;14172.0
STARLINK-5138;54078;14166.0
STARLINK-5175;54079;14207.0
STARLINK-5160;54080;14146.0
STARLINK-5165;54081;14154.0
STARLINK-5210;54082;14200.0
STARLINK-5178;54083;14153.0
STARLINK-5183;54084;14153.0
STARLINK-5166;54085;14206.0
STARLINK-5211;54086;14173.0
STARLINK-5184;54087;14200.0
STARLINK-5153;54088;14153.0
STARLINK-5143;54089;14206.0
STARLINK-5177;54090;14153.0
STARLINK-5221;54091;14155.0
STARLINK-5190;54092;14293.0
STARLINK-5213;54093;14155.0
STARLINK-5219;54094;14206.0
STARLINK-5193;54095;14200.0
STARLINK-5188;54096;14206.0
STARLINK-5197;54097;14244.0
STARLINK-5217;54098;14199.0
STARLINK-5198;54099;14153.0
STARLINK-5185;54100;14153.0
STARLINK-5204;54101;14175.0
STARLINK-5179;54102;14206.0
STARLINK-5200;54103;14180.0
STARLINK-5203;54104;14258.0
COSMOS 2561;54109;14451.0
ONEWEB-0490;54113;12494.0
ONEWEB-0492;54114;12404.0
ONEWEB-0495;54115;12403.0
ONEWEB-0497;54116;12399.0
ONEWEB-0499;54117;12493.0
ONEWEB-0500;54118;12404.0
ONEWEB-0501;54119;12401.0
ONEWEB-0502;54120;12401.0
ONEWEB-0503;54121;12493.0
ONEWEB-0504;54122;12401.0
ONEWEB-0505;54123;12492.0
ONEWEB-0506;54124;12401.0
ONEWEB-0507;54125;12496.0
ONEWEB-0508;54126;12494.0
ONEWEB-0509;54127;12401.0
ONEWEB-0510;54128;12644.0
ONEWEB-0511;54129;12404.0
ONEWEB-0512;54130;12399.0
ONEWEB-0513;54131;12480.0
ONEWEB-0514;54132;12403.0
ONEWEB-0515;54133;12736.0
ONEWEB-0516;54134;12401.0
ONEWEB-0517;54135;12404.0
ONEWEB-0518;54136;12494.0
ONEWEB-0519;54137;12404.0
ONEWEB-0520;54138;12403.0
ONEWEB-0521;54139;12397.0
ONEWEB-0522;54140;12399.0
ONEWEB-0523;54141;12643.0
ONEWEB-0524;54142;12737.0
ONEWEB-0525;54143;12403.0
ONEWEB-0526;54144;12491.0
ONEWEB-0529;54145;12403.0
ONEWEB-0531;54146;12737.0
ONEWEB-0535;54147;12401.0
ONEWEB-0536;54148;12736.0
GONETS-M 23;54150;11595.0
GONETS-M 24;54151;11596.0
GONETS-M 25;54152;11596.0
SKIF-D;54153;4406.0
STARLINK-5290;54157;14028.0
STARLINK-5297;54158;14034.0
STARLINK-5294;54159;14028.0
STARLINK-5233;54160;14089.0
STARLINK-5269;54161;14028.0
STARLINK-5273;54162;14034.0
STARLINK-5161;54163;14041.0
STARLINK-5278;54164;14041.0
STARLINK-5279;54165;14029.0
STARLINK-5280;54166;14047.0
STARLINK-5243;54167;14028.0
STARLINK-5245;54168;14043.0
STARLINK-5282;54169;14042.0
STARLINK-5155;54170;14041.0
STARLINK-5229;54171;14072.0
STARLINK-5117;54172;14041.0
STARLINK-5242;54173;14042.0
STARLINK-5248;54174;14118.0
STARLINK-5256;54175;14041.0
STARLINK-5154;54176;14041.0
STARLINK-5186;54177;14041.0
STARLINK-5164;54178;14042.0
STARLINK-5122;54179;14071.0
STARLINK-5228;54180;14043.0
STARLINK-5227;54181;14041.0
STARLINK-5231;54182;14112.0
STARLINK-5239;54183;14042.0
STARLINK-5162;54184;14042.0
STARLINK-5235;54185;14043.0
STARLINK-5194;54186;14056.0
STARLINK-5240;54187;14071.0
STARLINK-5238;54188;14056.0
STARLINK-5281;54190;14080.0
STARLINK-4619;54191;14055.0
STARLINK-5268;54192;14078.0
STARLINK-5263;54193;14056.0
STARLINK-5271;54194;14055.0
STARLINK-5258;54195;14056.0
STARLINK-5237;54196;14057.0
STARLINK-5246;54198;14084.0
STARLINK-5244;54199;14057.0
STARLINK-5250;54200;14057.0
STARLINK-5199;54201;14055.0
STARLINK-5205;54202;14057.0
STARLINK-5247;54203;14057.0
STARLINK-5241;54204;14085.0
STARLINK-5249;54205;14057.0
STARLINK-5264;54206;14104.0
STARLINK-5262;54207;14085.0
STARLINK-5255;54208;14112.0
STARLINK-5259;54209;14069.0
SHIYAN-20C (SY-20C);54214;13251.0
LDPE-2;54219;780.0
USA 339;54220;8.0
COSMOS 2563;54223;1847.0
EUTELSAT HOTBIRD 13G;54225;345.0
MATS;54227;13766.0
ZHONGXING-19;54230;936.0
NOAA 21 (JPSS-2);54234;12975.0
YUNHAI-3 01;54235;12900.0
GALAXY 31 (G-31);54243;312.0
GALAXY 32 (G-32);54244;911.0
YAOGAN-34 03;54249;12244.0
JILIN-1 GAOFEN 03D08;54251;13797.0
JILIN-1 GAOFEN 03D51;54252;13796.0
JILIN-1 GAOFEN 03D53;54253;13790.0
JILIN-1 GAOFEN 03D54;54254;13805.0
JILIN-1 GAOFEN 03D52;54255;13796.0
EUTELSAT 10B;54259;900.0
EOS-6 (OCEANSAT-3);54361;12999.0
OBJECT B;54362;13698.0
ASTROCAST-0304;54367;13771.0
ASTROCAST-0302;54369;13770.0
ASTROCAST-0301;54370;13771.0
YAOGAN-36 03A;54372;13695.0
YAOGAN-36 03B;54374;13689.0
YAOGAN-36 03C;54376;13700.0
COSMOS 2564 [GLONASS-M];54377;1909.0
COSMOS 2565;54381;12491.0
COSMOS 2566;54383;12463.0
JIAOTONG VDES;54588;12827.0
GAOFEN-5 01A;54640;12914.0
ONEWEB-0527;54642;11865.0
ONEWEB-0528;54643;11865.0
ONEWEB-0539;54644;11866.0
ONEWEB-0540;54645;11863.0
ONEWEB-0542;54646;11864.0
ONEWEB-0545;54647;11862.0
ONEWEB-0580;54648;11865.0
ONEWEB-0582;54649;11864.0
ONEWEB-0583;54650;11863.0
ONEWEB-0584;54651;11862.0
ONEWEB-0585;54652;11864.0
ONEWEB-0586;54653;11864.0
ONEWEB-0587;54654;11928.0
ONEWEB-0589;54655;11915.0
ONEWEB-0590;54656;11913.0
ONEWEB-0591;54657;11915.0
ONEWEB-0592;54658;11854.0
ONEWEB-0593;54659;11862.0
ONEWEB-0594;54660;11868.0
ONEWEB-0595;54661;11861.0
ONEWEB-0596;54662;11864.0
ONEWEB-0597;54663;11866.0
ONEWEB-0600;54664;11863.0
ONEWEB-0601;54665;11882.0
ONEWEB-0602;54666;11916.0
ONEWEB-0603;54667;11858.0
ONEWEB-0604;54668;11905.0
ONEWEB-0605;54669;11863.0
ONEWEB-0606;54670;11867.0
ONEWEB-0607;54671;11866.0
ONEWEB-0608;54672;11867.0
ONEWEB-0610;54673;11857.0
ONEWEB-0611;54674;11852.0
ONEWEB-0612;54675;11906.0
ONEWEB-0615;54676;11856.0
ONEWEB-0655;54677;11905.0
ONEWEB-0659;54678;11863.0
ONEWEB-0685;54679;11853.0
ONEWEB-0712;54680;11939.0
ONEWEB-0714;54681;11864.0
DONGPO 09;54685;13426.0
DONGPO 08;54686;13422.0
OBJECT F;54687;13453.0
DONGPO 10;54689;13423.0
JILIN-1 GAOFEN 03D50;54690;13422.0
JIAOTONG 5 (HEAD-2H);54691;13481.0
JILIN-1 GAOFEN 03D47;54692;13423.0
JILIN-1 GAOFEN 03D49;54694;13427.0
JILIN-1 GAOFEN 03D48;54695;13424.0
SHIYAN-20A (SY-20A);54699;12617.0
SHIYAN-20B (SY-20B);54700;12617.0
GALAXY 35 (G-35);54741;887.0
GALAXY 36 (G-36);54742;890.0
METEOSAT-12 (MTG-I1);54743;896.0
YAOGAN-36 04A;54746;13431.0
YAOGAN-36 04B;54748;13437.0
YAOGAN-36 04C;54750;13431.0
JILIN-1 PINGTAI 01A01;54751;13496.0
SHIYAN-21 (SY-21);54752;13401.0
SWOT;54754;12313.0
O3B MPOWER F1;54755;4532.0
O3B MPOWER F2;54756;4539.0
STARLINK-5464;54758;13118.0
STARLINK-5215;54759;13456.0
STARLINK-5220;54760;13449.0
STARLINK-5202;54761;13239.0
STARLINK-5214;54762;13449.0
STARLINK-5191;54763;13239.0
STARLINK-5458;54764;13449.0
STARLINK-5471;54766;13450.0
STARLINK-5472;54767;13451.0
STARLINK-5444;54768;13469.0
STARLINK-5448;54770;13469.0
STARLINK-5451;54771;13456.0
STARLINK-5452;54772;13258.0
STARLINK-5453;54773;13451.0
STARLINK-5454;54774;13470.0
STARLINK-5465;54775;13449.0
STARLINK-5470;54776;13450.0
STARLINK-5468;54777;13451.0
STARLINK-5450;54778;13469.0
STARLINK-5447;54779;13255.0
STARLINK-5449;54780;13260.0
STARLINK-5443;54781;13469.0
STARLINK-5439;54783;13254.0
STARLINK-5442;54784;13449.0
STARLINK-5440;54785;13526.0
STARLINK-5441;54787;13449.0
STARLINK-5399;54788;13260.0
STARLINK-5446;54789;13276.0
STARLINK-5445;54790;13470.0
STARLINK-5425;54791;13470.0
STARLINK-5431;54792;13234.0
STARLINK-5433;54793;13483.0
STARLINK-5436;54795;13471.0
STARLINK-5415;54796;13255.0
STARLINK-5435;54797;13449.0
STARLINK-5420;54798;13483.0
STARLINK-5421;54799;13267.0
STARLINK-5428;54800;13463.0
STARLINK-5429;54801;13234.0
STARLINK-5426;54802;13315.0
STARLINK-5430;54803;13451.0
STARLINK-5422;54804;13470.0
STARLINK-5417;54805;13470.0
STARLINK-5412;54806;13260.0
STARLINK-5410;54807;13470.0
STARLINK-5413;54808;13280.0
STARLINK-5414;54809;13470.0
STARLINK-5408;54810;13477.0
STARLINK-5424;54811;13478.0
GAOFEN-11 04;54818;13235.0
STARLINK-5382;54820;13170.0
STARLINK-5385;54821;13169.0
STARLINK-5101;54822;13170.0
STARLINK-5106;54823;13077.0
STARLINK-4643;54824;13072.0
STARLINK-4801;54825;13173.0
STARLINK-5107;54826;13170.0
STARLINK-5383;54827;13167.0
STARLINK-5381;54828;13166.0
STARLINK-5394;54830;13068.0
STARLINK-5395;54831;13170.0
STARLINK-5393;54832;13087.0
STARLINK-5391;54833;13072.0
STARLINK-5386;54834;13171.0
STARLINK-5389;54835;13073.0
STARLINK-5384;54836;13172.0
STARLINK-5369;54837;13170.0
STARLINK-5372;54838;13161.0
STARLINK-5368;54840;13170.0
STARLINK-4659;54841;13171.0
STARLINK-5387;54842;13170.0
STARLINK-5304;54843;13170.0
STARLINK-5388;54844;13068.0
STARLINK-5082;54845;13073.0
STARLINK-5360;54846;13073.0
STARLINK-5061;54847;13107.0
STARLINK-5432;54848;13088.0
STARLINK-5434;54849;13069.0
STARLINK-5087;54850;13086.0
STARLINK-5084;54851;13082.0
STARLINK-5418;54852;13184.0
STARLINK-5427;54853;13092.0
STARLINK-5419;54854;593.0
STARLINK-5416;54855;13184.0
STARLINK-5086;54856;13092.0
STARLINK-5078;54857;13185.0
STARLINK-5407;54858;13088.0
STARLINK-5409;54859;13092.0
STARLINK-5406;54860;13185.0
STARLINK-5400;54861;13092.0
STARLINK-5403;54862;13180.0
STARLINK-5405;54863;13184.0
STARLINK-5359;54864;13185.0
STARLINK-5411;54865;13185.0
STARLINK-5398;54866;13185.0
STARLINK-5396;54867;13185.0
STARLINK-5379;54868;13184.0
STARLINK-5402;54869;13186.0
STARLINK-5401;54870;13184.0
STARLINK-5397;54871;13186.0
STARLINK-5390;54872;13186.0
STARLINK-5091;54873;13185.0
SHIYAN-10 02 (SY-10 02);54878;1732.0
EROS C3;54880;13218.0
STAR VIBE;55009;13080.0
MENUT;55010;13080.0
BRO-8;55011;13074.0
CONNECTA T1.2;55012;13091.0
BIRKELAND;55015;13095.0
OBJECT H;55016;13082.0
KSF3-B;55019;13144.0
FLOCK 4Y-24;55020;13158.0
FLOCK 4Y-32;55021;13165.0
FLOCK 4Y-22;55022;13157.0
FLOCK 4Y-18;55023;13157.0
FLOCK 4Y-14;55024;13151.0
FLOCK 4Y-30;55025;13159.0
FLOCK 4Y-25;55027;13154.0
FLOCK 4Y-5;55028;13158.0
FLOCK 4Y-10;55029;13152.0
FLOCK 4Y-17;55031;13159.0
FLOCK 4Y-7;55032;13146.0
LYNK TOWER 4;55034;13063.0
UMBRA-05;55036;13059.0
FLOCK 4Y-16;55040;13163.0
SKYKRAFT-1;55041;13108.0
FLOCK 4Y-33;55042;13154.0
FLOCK 4Y-11;55043;13139.0
NUSAT-34 (AMELIA EARHART);55045;13120.0
LYNK TOWER 3;55046;13063.0
NUSAT-33 (ALBANIA-2);55047;13125.0
NUSAT-35 (WILLIAMINA);55048;13121.0
ICEYE-X21;55049;13117.0
ION SCV-008;55051;13032.0
SKYKRAFT-1D;55052;13182.0
EOSSAT-1;55053;13067.0
SKYKRAFT-1A;55054;13062.0
VIGORIDE-5;55056;13081.0
FLOCK 4Y-35;55057;13161.0
SKYKRAFT-1B;55058;13127.0
ION SCV-007;55060;12715.0
SKYKRAFT-1C;55061;13054.0
ICEYE-X27;55062;13114.0
FLOCK 4Y-20;55063;13157.0
NUSAT-32 (ALBANIA-1);55064;13183.0
FLOCK 4Y-12;55065;13151.0
FLOCK 4Y-6;55066;13162.0
FLOCK 4Y-15;55068;13153.0
FLOCK 4Y-26;55070;13159.0
FLOCK 4Y-2;55074;13152.0
YAM-5;55076;13073.0
FLOCK 4Y-21;55077;13152.0
FLOCK 4Y-36;55078;13162.0
FLOCK 4Y-13;55079;13154.0
FLOCK 4Y-23;55080;13160.0
OBJECT CA;55081;13135.0
FLOCK 4Y-34;55082;13161.0
FLOCK 4Y-27;55083;13167.0
GAMA-ALPHA;55084;13132.0
KSF3-D;55085;13147.0
KSF3-A;55086;13145.0
HUYGENS;55093;13097.0
KUWAITSAT-1;55103;13099.0
SHARJAHSAT-1;55104;13089.0
AAC-AIS-SAT1;55107;11873.0
ASTROCAST-0402;55109;8353.0
ASTROCAST-0401;55110;13027.0
ASTROCAST-0403;55111;8355.0
ASTROCAST-0404;55112;8359.0
SHIJIAN-23 (SJ-23);55131;849.0
OBJECT A;55133;13036.0
OBJECT C;55135;13045.0
OBJECT E;55137;13045.0
ONEWEB-0532;55140;11487.0
ONEWEB-0533;55141;11555.0
ONEWEB-0541;55142;11348.0
ONEWEB-0543;55143;11693.0
ONEWEB-0544;55144;11693.0
ONEWEB-0560;55145;11694.0
ONEWEB-0565;55146;11693.0
ONEWEB-0567;55147;11693.0
ONEWEB-0569;55148;11761.0
ONEWEB-0570;55149;11692.0
ONEWEB-0571;55150;11698.0
ONEWEB-0572;55151;11476.0
ONEWEB-0573;55152;11697.0
ONEWEB-0588;55153;11693.0
ONEWEB-0598;55154;11343.0
ONEWEB-0599;55155;11477.0
ONEWEB-0614;55156;11337.0
ONEWEB-0616;55157;11498.0
ONEWEB-0617;55158;11339.0
ONEWEB-0618;55159;12249.0
ONEWEB-0619;55160;11488.0
ONEWEB-0620;55161;11336.0
ONEWEB-0621;55162;11333.0
ONEWEB-0622;55163;11337.0
ONEWEB-0623;55164;11490.0
ONEWEB-0624;55165;11554.0
ONEWEB-0625;55166;11489.0
ONEWEB-0626;55167;11486.0
ONEWEB-0627;55168;11486.0
ONEWEB-0628;55169;11552.0
ONEWEB-0629;55170;11487.0
ONEWEB-0631;55171;11691.0
ONEWEB-0709;55172;11340.0
ONEWEB-0710;55173;11486.0
ONEWEB-0711;55174;11341.0
ONEWEB-0713;55175;11336.0
ONEWEB-0715;55176;11344.0
ONEWEB-0716;55177;11487.0
ONEWEB-0717;55178;11492.0
ONEWEB-0719;55179;11487.0
APSTAR-6E;55239;1467.0
SHIYAN-22B (SY-22B);55243;13042.0
YAOGAN-37;55244;12916.0
LINUSS1;55246;769.0
LINUSS2;55247;771.0
USA 342;55263;337.0
LDPE-3A;55264;780.0
NAVSTAR 82 (USA 343);55268;1721.0
STARLINK-5277;55269;12746.0
STARLINK-5306;55271;12773.0
STARLINK-5310;55272;12746.0
STARLINK-5291;55273;12773.0
STARLINK-5236;55274;12794.0
STARLINK-5260;55275;12795.0
STARLINK-5261;55276;12821.0
STARLINK-5299;55277;12746.0
STARLINK-5289;55278;12772.0
STARLINK-5323;55279;12750.0
STARLINK-5331;55280;12745.0
STARLINK-5298;55281;12772.0
STARLINK-5330;55282;587.0
STARLINK-5317;55283;12746.0
STARLINK-5337;55284;12772.0
STARLINK-5332;55285;12844.0
STARLINK-5338;55286;12795.0
STARLINK-5341;55287;12870.0
STARLINK-5311;55288;12821.0
STARLINK-5320;55289;12820.0
STARLINK-5266;55290;12795.0
STARLINK-5327;55291;12794.0
STARLINK-5325;55292;12821.0
STARLINK-5287;55293;12796.0
STARLINK-5286;55294;12746.0
STARLINK-5293;55295;12746.0
STARLINK-5285;55296;12795.0
STARLINK-5284;55297;12821.0
STARLINK-5270;55299;12795.0
STARLINK-5308;55300;12822.0
STARLINK-5321;55302;12795.0
STARLINK-5322;55303;12747.0
STARLINK-5318;55304;12822.0
STARLINK-5316;55305;12822.0
STARLINK-5295;55306;12871.0
STARLINK-5288;55307;12844.0
STARLINK-5315;55309;12872.0
STARLINK-5309;55310;12843.0
STARLINK-5312;55311;12844.0
STARLINK-5296;55312;12843.0
STARLINK-5313;55313;12958.0
STARLINK-5305;55314;12844.0
STARLINK-4623;55315;12795.0
STARLINK-5257;55316;12959.0
STARLINK-5265;55317;12840.0
STARLINK-5180;55318;12958.0
STARLINK-5196;55319;12959.0
HAWK-6B;55324;12683.0
HAWK-6C;55326;12689.0
HAWK-6A;55327;12689.0
STARLINK-5492;55331;12751.0
STARLINK-5491;55332;12706.0
STARLINK-5493;55333;12643.0
STARLINK-5652;55334;12632.0
STARLINK-5660;55335;12690.0
STARLINK-5655;55336;12661.0
STARLINK-5667;55337;12709.0
STARLINK-5658;55338;12643.0
STARLINK-5671;55339;12691.0
STARLINK-5675;55340;12638.0
STARLINK-5670;55341;12643.0
STARLINK-5657;55342;12643.0
STARLINK-5661;55343;12643.0
STARLINK-5653;55345;12705.0
STARLINK-5631;55346;12638.0
STARLINK-5663;55347;12690.0
STARLINK-5609;55348;12643.0
STARLINK-5666;55349;12643.0
STARLINK-5668;55350;12643.0
STARLINK-5659;55351;12643.0
STARLINK-5547;55352;12691.0
STARLINK-5608;55353;12637.0
STARLINK-5649;55354;12643.0
STARLINK-5647;55355;12683.0
STARLINK-5651;55357;12691.0
STARLINK-5622;55358;12637.0
STARLINK-5641;55359;12691.0
STARLINK-5664;55360;12666.0
STARLINK-5665;55361;12658.0
STARLINK-5574;55362;12658.0
STARLINK-5627;55364;12637.0
STARLINK-5639;55365;12629.0
STARLINK-5654;55366;12694.0
STARLINK-5635;55367;12657.0
STARLINK-5625;55368;12658.0
STARLINK-5644;55369;12629.0
STARLINK-5027;55370;12629.0
STARLINK-5590;55371;12721.0
STARLINK-5568;55372;12629.0
STARLINK-5581;55373;12668.0
STARLINK-5578;55374;12629.0
STARLINK-5588;55375;12629.0
STARLINK-5586;55376;12657.0
STARLINK-5567;55377;12677.0
STARLINK-5572;55378;12676.0
STARLINK-5569;55379;12629.0
STARLINK-5571;55380;12705.0
STARLINK-5575;55381;12629.0
STARLINK-5576;55382;12677.0
STARLINK-5531;55383;12658.0
STARLINK-5537;55384;12629.0
STARLINK-5556;55385;12623.0
STARLINK-5555;55386;12677.0
STARLINK-5085;55392;12659.0
STARLINK-4786;55393;12610.0
STARLINK-5274;55395;12610.0
STARLINK-5283;55396;12696.0
STARLINK-5224;55397;12659.0
STARLINK-5275;55398;12700.0
STARLINK-5276;55399;12696.0
STARLINK-5632;55400;12610.0
STARLINK-5076;55401;12610.0
STARLINK-5071;55402;12610.0
STARLINK-5597;55403;12700.0
STARLINK-5607;55404;12610.0
STARLINK-5623;55405;12610.0
STARLINK-5630;55406;12691.0
STARLINK-5019;55407;12610.0
STARLINK-5092;55408;12605.0
STARLINK-5633;55410;12648.0
STARLINK-5605;55411;12609.0
STARLINK-5060;55413;12561.0
STARLINK-5620;55414;12643.0
STARLINK-5624;55416;12561.0
STARLINK-5030;55418;12561.0
STARLINK-5629;55419;12651.0
STARLINK-5604;55420;12749.0
STARLINK-5598;55421;12651.0
STARLINK-5006;55422;12648.0
STARLINK-5068;55423;12651.0
STARLINK-5615;55425;12643.0
STARLINK-5638;55426;12561.0
STARLINK-5073;55427;12647.0
STARLINK-5064;55428;12561.0
STARLINK-5645;55429;12561.0
STARLINK-5642;55430;12599.0
STARLINK-5643;55431;12651.0
STARLINK-5637;55432;12509.0
STARLINK-5570;55433;12599.0
STARLINK-5621;55434;12511.0
STARLINK-5626;55435;12511.0
STARLINK-5640;55436;12599.0
STARLINK-5074;55438;12606.0
STARLINK-5634;55439;12511.0
APSTAR-6E SPS;55447;6336.0
STARLINK-5699;55449;12553.0
STARLINK-5686;55450;12639.0
STARLINK-5656;55451;12548.0
STARLINK-5683;55452;12553.0
STARLINK-5684;55453;12548.0
STARLINK-5636;55454;12548.0
STARLINK-5680;55455;12548.0
STARLINK-5058;55456;12548.0
STARLINK-5682;55457;12545.0
STARLINK-5020;55458;12542.0
STARLINK-5669;55459;12543.0
STARLINK-5678;55460;12553.0
STARLINK-5646;55461;12543.0
STARLINK-5673;55462;12539.0
STARLINK-5677;55463;12553.0
STARLINK-5676;55464;12549.0
STARLINK-5674;55465;12549.0
STARLINK-5628;55466;12544.0
STARLINK-5679;55467;12549.0
STARLINK-5672;55468;12545.0
STARLINK-5681;55469;12549.0
STARLINK-5708;55470;12549.0
STARLINK-5711;55471;12554.0
STARLINK-5705;55472;12559.0
STARLINK-5687;55473;12625.0
STARLINK-5689;55474;12534.0
STARLINK-5650;55475;12554.0
STARLINK-5685;55477;12558.0
STARLINK-5691;55478;12567.0
STARLINK-5688;55479;12567.0
STARLINK-5690;55480;12534.0
STARLINK-5694;55481;12539.0
STARLINK-5692;55483;12534.0
STARLINK-5696;55484;12534.0
STARLINK-5695;55485;12534.0
STARLINK-5704;55486;12529.0
STARLINK-5701;55487;12528.0
STARLINK-5706;55488;12534.0
STARLINK-5371;55489;12534.0
STARLINK-5373;55490;12534.0
STARLINK-5364;55491;12563.0
STARLINK-5013;55492;12534.0
STARLINK-5362;55493;12539.0
STARLINK-5344;55494;12529.0
STARLINK-5100;55495;12549.0
STARLINK-5363;55497;12530.0
STARLINK-5365;55498;12535.0
STARLINK-5366;55499;12518.0
STARLINK-5141;55500;12529.0
STARLINK-5367;55501;12535.0
ELEKTRO-L 4;55506;831.0
AMAZONAS NEXUS;55508;302.0
STARLINK-5749;55569;12473.0
STARLINK-5737;55570;12366.0
STARLINK-5739;55571;12371.0
STARLINK-5732;55572;12363.0
STARLINK-5738;55573;12363.0
STARLINK-5747;55574;12371.0
STARLINK-5745;55575;12362.0
STARLINK-5751;55576;12401.0
STARLINK-5752;55577;12371.0
STARLINK-5754;55579;12367.0
STARLINK-5757;55580;12396.0
STARLINK-5753;55581;12367.0
STARLINK-5741;55582;12386.0
STARLINK-5742;55583;12367.0
STARLINK-5736;55584;12367.0
STARLINK-5769;55585;12381.0
STARLINK-5767;55586;12372.0
STARLINK-5727;55587;12367.0
STARLINK-5728;55588;12367.0
STARLINK-5697;55589;12371.0
STARLINK-5762;55590;12371.0
STARLINK-5760;55591;12367.0
STARLINK-5759;55592;12367.0
STARLINK-5703;55593;12372.0
STARLINK-5750;55594;12367.0
STARLINK-5740;55595;12373.0
STARLINK-5729;55596;12367.0
STARLINK-5743;55597;12381.0
STARLINK-5756;55598;12381.0
STARLINK-5761;55599;12381.0
STARLINK-5755;55600;12381.0
STARLINK-5744;55601;12367.0
STARLINK-5764;55602;12381.0
STARLINK-5735;55603;12377.0
STARLINK-5748;55604;12396.0
STARLINK-5725;55605;12377.0
STARLINK-5700;55607;12386.0
STARLINK-5726;55608;12386.0
STARLINK-5719;55609;12386.0
STARLINK-5722;55610;12386.0
STARLINK-5730;55611;12381.0
STARLINK-5734;55612;12381.0
STARLINK-5715;55613;12377.0
STARLINK-5714;55614;12391.0
STARLINK-5712;55615;12381.0
STARLINK-5710;55616;12381.0
STARLINK-5721;55617;12381.0
STARLINK-5717;55618;12381.0
STARLINK-5720;55619;12386.0
STARLINK-5718;55620;12375.0
STARLINK-5709;55621;12381.0
STARLINK-5702;55622;12375.0
STARLINK-5698;55623;12377.0
STARLINK-5484;55628;12321.0
STARLINK-5497;55629;12321.0
STARLINK-5303;55630;12321.0
STARLINK-5558;55631;12321.0
STARLINK-5546;55632;12321.0
STARLINK-5498;55633;12321.0
STARLINK-5500;55634;12321.0
STARLINK-5495;55635;12370.0
STARLINK-5218;55636;12322.0
STARLINK-5062;55637;12348.0
STARLINK-5507;55638;12291.0
STARLINK-5508;55639;12348.0
STARLINK-5069;55640;12348.0
STARLINK-5065;55641;12348.0
STARLINK-5483;55643;12369.0
STARLINK-5502;55644;12348.0
STARLINK-5510;55647;12345.0
STARLINK-5501;55648;12348.0
STARLINK-5469;55649;12370.0
STARLINK-5494;55650;12348.0
STARLINK-5506;55651;12348.0
STARLINK-5487;55652;12370.0
STARLINK-5067;55653;12348.0
STARLINK-5070;55654;12348.0
STARLINK-5267;55655;581.0
STARLINK-5326;55656;12370.0
STARLINK-5328;55657;582.0
STARLINK-5307;55658;12340.0
STARLINK-5477;55659;12418.0
STARLINK-5467;55660;12398.0
STARLINK-5475;55661;12373.0
STARLINK-5479;55662;12397.0
STARLINK-5473;55663;12423.0
STARLINK-5480;55664;12388.0
STARLINK-5474;55665;12423.0
STARLINK-5456;55667;12423.0
STARLINK-5455;55668;12423.0
STARLINK-5459;55669;12417.0
STARLINK-5423;55670;582.0
STARLINK-5460;55671;12397.0
STARLINK-5463;55673;12418.0
STARLINK-5462;55674;12393.0
STARLINK-5232;55675;12398.0
STARLINK-5300;55676;12466.0
STARLINK-5324;55677;12467.0
INMARSAT 6-F2;55683;651.0
ZHONGXING-26;55686;821.0
HORUS 1;55690;12315.0
STARLINK-5592;55741;12096.0
STARLINK-5594;55742;12097.0
STARLINK-5602;55743;12097.0
STARLINK-5601;55744;12097.0
STARLINK-5579;55746;12102.0
STARLINK-5539;55747;12097.0
STARLINK-5580;55748;12097.0
STARLINK-5560;55749;12107.0
STARLINK-5573;55750;12097.0
STARLINK-5577;55751;12097.0
STARLINK-5613;55752;12097.0
STARLINK-5617;55753;12097.0
STARLINK-5612;55754;12102.0
STARLINK-5619;55755;12098.0
STARLINK-5614;55756;12102.0
STARLINK-5544;55757;12097.0
STARLINK-5072;55758;12097.0
STARLINK-5532;55760;12097.0
STARLINK-5611;55761;12150.0
STARLINK-5603;55762;12150.0
STARLINK-5593;55763;12097.0
STARLINK-5499;55764;12150.0
STARLINK-5595;55765;12145.0
STARLINK-5599;55766;12146.0
STARLINK-5606;55767;12151.0
STARLINK-5583;55768;12172.0
STARLINK-5584;55769;12145.0
STARLINK-5557;55770;12146.0
STARLINK-5591;55771;12146.0
STARLINK-5835;55772;12152.0
STARLINK-5833;55773;12150.0
STARLINK-5812;55774;12150.0
STARLINK-5809;55775;12145.0
STARLINK-5810;55776;12146.0
STARLINK-5814;55777;12140.0
STARLINK-5816;55778;12146.0
STARLINK-5817;55779;12199.0
STARLINK-5819;55780;12146.0
STARLINK-5820;55781;12146.0
STARLINK-5826;55782;12193.0
STARLINK-5825;55783;12201.0
STARLINK-5797;55784;12201.0
STARLINK-5818;55785;12197.0
STARLINK-5823;55786;12201.0
STARLINK-5811;55787;12197.0
STARLINK-5804;55788;12197.0
STARLINK-5815;55789;12194.0
STARLINK-5813;55790;12194.0
STARLINK-5807;55791;12194.0
ONEWEB-0530;55796;10905.0
ONEWEB-0534;55797;10903.0
ONEWEB-0556;55798;10903.0
ONEWEB-0562;55799;10902.0
ONEWEB-0563;55800;10829.0
ONEWEB-0564;55801;10905.0
ONEWEB-0638;55802;10681.0
ONEWEB-0639;55803;10611.0
ONEWEB-0640;55804;10683.0
ONEWEB-0641;55805;10612.0
ONEWEB-0642;55806;10611.0
ONEWEB-0643;55807;10680.0
ONEWEB-0644;55808;10611.0
ONEWEB-0645;55809;10611.0
ONEWEB-0646;55810;10607.0
ONEWEB-0648;55811;10755.0
ONEWEB-0649;55812;10610.0
ONEWEB-0650;55813;10682.0
ONEWEB-0652;55814;10678.0
ONEWEB-0653;55815;10681.0
ONEWEB-0654;55816;10680.0
ONEWEB-0656;55817;10831.0
ONEWEB-0657;55818;10609.0
ONEWEB-0658;55819;10610.0
ONEWEB-0660;55820;10756.0
ONEWEB-0661;55821;10680.0
ONEWEB-0662;55822;10759.0
ONEWEB-0663;55823;10827.0
ONEWEB-0664;55824;10902.0
ONEWEB-0665;55825;10682.0
ONEWEB-0666;55826;10828.0
ONEWEB-0667;55827;10827.0
ONEWEB-0669;55828;10827.0
ONEWEB-0670;55829;10684.0
ONEWEB-0671;55830;10611.0
ONEWEB-0672;55831;10901.0
ONEWEB-0673;55832;10611.0
ONEWEB-0674;55833;10754.0
ONEWEB-0675;55834;10613.0
ONEWEB-0720;55835;10677.0
TIANHUI 6A;55836;11138.0
TIANHUI 6B;55839;11138.0
LUCH-5X (OLYMP-K 2);55841;792.0
HORUS 2;55844;12058.0
SHIYAN-19 (SY-19);55861;12066.0
GAOFEN-13 02;55912;807.0
STARLINK-5856;55914;11912.0
STARLINK-5859;55915;11912.0
STARLINK-5796;55916;11843.0
STARLINK-5855;55917;11992.0
STARLINK-5867;55918;11843.0
STARLINK-5871;55919;587.0
STARLINK-5862;55920;11891.0
STARLINK-5861;55921;11843.0
STARLINK-5863;55922;11878.0
STARLINK-5854;55923;11843.0
STARLINK-5849;55924;11892.0
STARLINK-5922;55925;11879.0
STARLINK-5921;55926;11892.0
STARLINK-5919;55927;11839.0
STARLINK-5930;55928;11843.0
STARLINK-5896;55930;11927.0
STARLINK-5897;55931;11879.0
STARLINK-5848;55932;11980.0
STARLINK-5852;55933;11926.0
STARLINK-5927;55934;11892.0
STARLINK-5920;55935;11891.0
STARLINK-5882;55936;11941.0
STARLINK-5913;55937;11927.0
STARLINK-5909;55938;11892.0
STARLINK-5918;55939;11931.0
STARLINK-5864;55940;11927.0
STARLINK-5914;55941;11892.0
STARLINK-5917;55942;11893.0
STARLINK-5932;55943;11892.0
STARLINK-5926;55944;11926.0
STARLINK-5925;55945;11892.0
STARLINK-5857;55946;586.0
STARLINK-5851;55947;11892.0
STARLINK-5900;55948;11934.0
STARLINK-5899;55949;11941.0
STARLINK-5911;55950;11941.0
STARLINK-5908;55951;11912.0
STARLINK-5893;55952;11977.0
STARLINK-5889;55953;12009.0
STARLINK-5892;55954;11941.0
STARLINK-5878;55955;11980.0
STARLINK-5883;55956;11941.0
STARLINK-5884;55957;11941.0
STARLINK-5928;55958;11941.0
STARLINK-5929;55959;11975.0
STARLINK-5938;55960;11941.0
STARLINK-5933;55961;11980.0
STARLINK-5906;55962;11975.0
STARLINK-5924;55963;11941.0
STARLINK-5895;55964;11940.0
STARLINK-5894;55965;11941.0
SES-18;55970;810.0
SES-19;55971;805.0
TIANMU-1 03;55973;11925.0
TIANMU-1 04;55974;11925.0
TIANMU-1 05;55975;11924.0
TIANMU-1 06;55976;11925.0
COSMOS 2567;55978;11911.0
GLOBAL-19;55982;12028.0
GLOBAL-5;55983;12027.0
STARLINK-5905;55986;11846.0
STARLINK-5915;55987;11764.0
STARLINK-5916;55988;11799.0
STARLINK-5947;55989;11758.0
STARLINK-5946;55990;11763.0
STARLINK-5948;55991;11796.0
STARLINK-5969;55993;11798.0
STARLINK-5956;55994;11762.0
STARLINK-5957;55995;11762.0
STARLINK-5903;55996;11762.0
STARLINK-5902;55998;11796.0
STARLINK-5901;55999;11796.0
STARLINK-5910;56000;11762.0
STARLINK-5944;56001;11758.0
STARLINK-5799;56002;11802.0
STARLINK-5789;56003;11764.0
STARLINK-5787;56004;11764.0
STARLINK-5801;56005;11799.0
STARLINK-5794;56006;11802.0
STARLINK-5806;56007;11762.0
STARLINK-5803;56008;11757.0
STARLINK-5964;56009;11799.0
STARLINK-5968;56010;11799.0
STARLINK-5936;56011;11776.0
STARLINK-5940;56012;11776.0
STARLINK-5941;56013;11765.0
STARLINK-5942;56014;11810.0
STARLINK-5939;56015;11776.0
STARLINK-5943;56016;11810.0
STARLINK-5934;56017;11779.0
STARLINK-5945;56018;11811.0
STARLINK-5949;56019;11813.0
STARLINK-5912;56020;11776.0
STARLINK-5907;56021;11813.0
STARLINK-5783;56022;11777.0
STARLINK-5771;56023;11816.0
STARLINK-5772;56024;11778.0
STARLINK-5766;56025;11778.0
STARLINK-5770;56026;11777.0
STARLINK-5777;56027;11813.0
STARLINK-5779;56028;11810.0
STARLINK-5774;56029;11772.0
STARLINK-5781;56030;11778.0
STARLINK-5785;56031;11810.0
STARLINK-5786;56032;11817.0
STARLINK-5782;56034;11779.0
STARLINK-5792;56035;11817.0
STARLINK-5790;56036;11778.0
STARLINK-5758;56037;11793.0
STARLINK-5793;56038;11772.0
STARLINK-5795;56039;11825.0
STARLINK-5798;56040;11825.0
STARLINK-5800;56041;11794.0
ONEWEB-0537;56046;10629.0
ONEWEB-0538;56047;10725.0
ONEWEB-0546;56048;10629.0
ONEWEB-0547;56049;10534.0
ONEWEB-0548;56050;10721.0
ONEWEB-0549;56051;10533.0
ONEWEB-0550;56052;10533.0
ONEWEB-0551;56053;10376.0
ONEWEB-0552;56054;10533.0
ONEWEB-0553;56055;10630.0
ONEWEB-0554;56056;10628.0
ONEWEB-0555;56057;10629.0
ONEWEB-0557;56058;10628.0
ONEWEB-0558;56059;10629.0
ONEWEB-0559;56060;10537.0
ONEWEB-0566;56061;10535.0
ONEWEB-0568;56062;10630.0
ONEWEB-0574;56063;10539.0
ONEWEB-0575;56064;10629.0
ONEWEB-0576;56065;10629.0
ONEWEB-0577;56066;10724.0
ONEWEB-0578;56067;10535.0
ONEWEB-0579;56068;10536.0
ONEWEB-0581;56069;10628.0
ONEWEB-0609;56070;10467.0
ONEWEB-0613;56071;10376.0
ONEWEB-0630;56072;10378.0
ONEWEB-0632;56073;10378.0
ONEWEB-0633;56074;10376.0
ONEWEB-0634;56075;10470.0
ONEWEB-0635;56076;10380.0
ONEWEB-0636;56077;10377.0
ONEWEB-0637;56078;10379.0
ONEWEB-0647;56079;10378.0
ONEWEB-0651;56080;10498.0
ONEWEB-0718;56081;10376.0
STARLINK-6109;56094;11736.0
STARLINK-6090;56095;11736.0
STARLINK-6089;56096;11736.0
STARLINK-6077;56097;11739.0
STARLINK-6088;56098;11736.0
STARLINK-6093;56099;11682.0
STARLINK-6076;56100;11681.0
STARLINK-6095;56101;11731.0
STARLINK-6075;56102;11736.0
STARLINK-6096;56103;11681.0
STARLINK-6062;56104;11681.0
STARLINK-6066;56105;11737.0
STARLINK-6030;56107;11681.0
STARLINK-6081;56108;11668.0
STARLINK-6083;56109;11737.0
STARLINK-6082;56110;11736.0
STARLINK-6084;56111;11737.0
STARLINK-6080;56112;11678.0
STARLINK-6113;56113;11736.0
STARLINK-6101;56115;11736.0
STARLINK-6114;56116;11673.0
STARLINK-6107;56117;11695.0
STARLINK-6105;56118;11693.0
STARLINK-6091;56119;11695.0
STARLINK-6079;56120;11695.0
STARLINK-6092;56121;11750.0
STARLINK-6094;56122;11677.0
STARLINK-6115;56123;11751.0
STARLINK-6126;56124;11696.0
STARLINK-6119;56125;11696.0
STARLINK-6124;56126;11751.0
STARLINK-6104;56127;11696.0
STARLINK-6122;56128;11751.0
STARLINK-6121;56129;11810.0
STARLINK-6117;56130;11682.0
STARLINK-6120;56131;11751.0
STARLINK-6071;56132;11751.0
STARLINK-5566;56133;11696.0
STARLINK-5564;56134;11696.0
STARLINK-5489;56136;11687.0
STARLINK-5090;56137;11696.0
STARLINK-4774;56138;11750.0
STARLINK-5375;56140;11751.0
STARLINK-5377;56141;11697.0
STARLINK-5376;56142;11696.0
STARLINK-5016;56143;11751.0
STARLINK-5374;56144;11696.0
STARLINK-5111;56146;11696.0
STARLINK-5140;56147;11795.0
STARLINK-5089;56148;11734.0
PIESAT A;56153;11716.0
PIESAT B;56154;11717.0
PIESAT C;56155;11717.0
PIESAT D;56156;11772.0
OBJECT A;56157;10412.0
CHECKMATE 8;56162;10677.0
CHECKMATE 5;56163;10675.0
CHECKMATE 4;56164;10674.0
CHECKMATE 6;56165;10668.0
CHECKMATE 7;56166;10669.0
CHECKMATE 2;56167;10669.0
CHECKMATE 1;56168;10668.0
CHECKMATE 3;56169;10670.0
BB 2;56170;10633.0
BB 1;56171;10629.0
INTELSAT 40E (IS-40E);56174;782.0
IMECE;56178;11181.0
BROKKR-1 (ORBASTRO-AF 1);56179;11682.0
SATELIOT_0;56183;11714.0
BRO-9;56185;11670.0
GHGSAT-C8;56186;11661.0
IT'S ABOUT TIME;56189;11706.0
HAWK-7A;56191;11594.0
ION SCV-010;56192;11529.0
HAWK-7B;56193;11594.0
NORSAT-TD;56194;11736.0
GHOST-1;56195;11669.0
GHOST-2;56197;11696.0
HAWK-7C;56200;11586.0
NUSAT-39 (TIKVAH ALPER);56201;11684.0
NUSAT-38 (MARIA AGNESI);56202;11685.0
NUSAT-37 (JOAN CLARKE);56203;11688.0
GHGSAT-C6;56204;11663.0
FACSAT-2;56205;11715.0
GHGSAT-C7;56209;11663.0
CONNECTA T2.1;56210;11709.0
KEPLER-20;56217;11683.0
KEPLER-21;56218;11657.0
AAC-HSI-SAT1;56225;11489.0
OUTPOST MISSION 1;56226;10661.0
SKYKRAFT-3;56229;10674.0
FENGYUN 3G;56232;11783.0
STARLINK-30107;56287;11420.0
STARLINK-30106;56288;11421.0
STARLINK-30095;56289;11508.0
STARLINK-30103;56290;11471.0
STARLINK-30113;56291;11422.0
STARLINK-30098;56292;11471.0
STARLINK-30090;56293;11420.0
STARLINK-30049;56294;11421.0
STARLINK-30083;56295;11450.0
STARLINK-30089;56296;11464.0
STARLINK-30086;56297;11475.0
STARLINK-30109;56298;11477.0
STARLINK-30108;56299;11434.0
STARLINK-30104;56300;11422.0
STARLINK-30101;56301;11481.0
STARLINK-30111;56302;11482.0
STARLINK-30099;56304;11482.0
STARLINK-30094;56305;11482.0
STARLINK-30112;56306;11422.0
POEM-2;56308;11231.0
LUMELITE-4;56309;11309.0
TELEOS-2;56310;11273.0
STARLINK-6038;56317;11252.0
STARLINK-5954;56318;11265.0
STARLINK-6039;56319;11265.0
STARLINK-5988;56320;11266.0
STARLINK-5876;56321;11250.0
STARLINK-6033;56322;11252.0
STARLINK-6035;56323;11253.0
STARLINK-6034;56324;11253.0
STARLINK-5981;56325;11252.0
STARLINK-5980;56326;11255.0
STARLINK-5997;56327;11275.0
STARLINK-5992;56328;11300.0
STARLINK-5984;56329;11300.0
STARLINK-5991;56331;11300.0
STARLINK-5093;56332;11252.0
STARLINK-5553;56333;11295.0
STARLINK-5548;56334;11286.0
STARLINK-5559;56335;11256.0
STARLINK-5562;56336;11252.0
STARLINK-5561;56337;11300.0
STARLINK-5554;56338;11297.0
STARLINK-5552;56339;11256.0
STARLINK-5540;56340;11300.0
STARLINK-5543;56341;11256.0
STARLINK-5955;56342;11256.0
STARLINK-5976;56343;11300.0
STARLINK-5974;56344;11300.0
STARLINK-5979;56345;11252.0
STARLINK-5837;56346;11256.0
STARLINK-5829;56347;592.0
STARLINK-5888;56348;11301.0
STARLINK-5887;56349;11301.0
STARLINK-5886;56350;11300.0
STARLINK-5891;56351;11300.0
STARLINK-5885;56352;11252.0
STARLINK-5874;56353;11301.0
STARLINK-5877;56354;11252.0
STARLINK-5533;56355;11300.0
STARLINK-5535;56356;11301.0
STARLINK-5538;56357;11301.0
STARLINK-5482;56358;11301.0
STARLINK-5551;56359;11253.0
STARLINK-5549;56360;11300.0
STARLINK-5550;56361;11254.0
STARLINK-5972;56362;11301.0
O3B MPOWER F4;56367;3856.0
O3B MPOWER F3;56368;3469.0
VIASAT-3;56370;743.0
ARCTURUS;56371;744.0
GS-1;56372;352.0
STARLINK-6156;56374;11184.0
STARLINK-6158;56375;11143.0
STARLINK-6188;56376;11183.0
STARLINK-6189;56377;11143.0
STARLINK-6191;56378;11182.0
STARLINK-6157;56379;11183.0
STARLINK-6161;56380;11180.0
STARLINK-6159;56381;11143.0
STARLINK-6160;56382;11139.0
STARLINK-6166;56383;11136.0
STARLINK-6153;56384;11151.0
STARLINK-6173;56385;11144.0
STARLINK-5836;56386;11181.0
STARLINK-6178;56387;11183.0
STARLINK-6176;56388;11182.0
STARLINK-6145;56389;11183.0
STARLINK-6298;56391;11152.0
STARLINK-6301;56392;11197.0
STARLINK-6303;56393;11183.0
STARLINK-6305;56394;11197.0
STARLINK-6273;56395;11237.0
STARLINK-6302;56396;10679.0
STARLINK-6271;56397;11166.0
STARLINK-6288;56398;11166.0
STARLINK-6277;56399;11166.0
STARLINK-6267;56400;11166.0
STARLINK-6256;56401;11210.0
STARLINK-6284;56403;11166.0
STARLINK-6287;56404;11151.0
STARLINK-6285;56405;11153.0
STARLINK-6283;56406;11195.0
STARLINK-6282;56407;11196.0
STARLINK-6289;56408;11163.0
STARLINK-6241;56409;11166.0
STARLINK-6281;56410;11162.0
STARLINK-6279;56411;11195.0
STARLINK-6278;56412;11158.0
STARLINK-6258;56413;11163.0
STARLINK-5136;56414;11196.0
STARLINK-6268;56415;11166.0
STARLINK-6260;56416;11176.0
STARLINK-6261;56417;11197.0
STARLINK-5356;56418;11181.0
STARLINK-5350;56419;11158.0
STARLINK-6272;56420;11177.0
STARLINK-6270;56421;11172.0
STARLINK-6236;56422;11212.0
STARLINK-6239;56423;11196.0
STARLINK-6242;56424;11181.0
STARLINK-6224;56425;11211.0
STARLINK-5352;56426;11211.0
STARLINK-5724;56427;11180.0
STARLINK-6238;56428;11212.0
STARLINK-6264;56429;11211.0
TROPICS-05;56442;11199.0
TROPICS-06;56444;11225.0
STARLINK-5990;56448;11013.0
STARLINK-5993;56449;11054.0
STARLINK-5970;56450;11018.0
STARLINK-5985;56451;11018.0
STARLINK-5986;56452;11059.0
STARLINK-5935;56453;11018.0
STARLINK-5959;56454;11059.0
STARLINK-5987;56455;11050.0
STARLINK-5995;56456;591.0
STARLINK-5994;56457;11059.0
STARLINK-6050;56458;11059.0
STARLINK-6048;56459;587.0
STARLINK-6047;56460;11018.0
STARLINK-6037;56461;11050.0
STARLINK-6045;56462;11158.0
STARLINK-6051;56463;11059.0
STARLINK-6043;56464;11018.0
STARLINK-6054;56465;11158.0
STARLINK-6053;56466;11060.0
STARLINK-6055;56467;11108.0
STARLINK-5998;56468;11060.0
STARLINK-5518;56469;11108.0
STARLINK-5523;56470;11108.0
STARLINK-5521;56471;11108.0
STARLINK-5038;56472;11108.0
STARLINK-5524;56474;11066.0
STARLINK-5541;56475;11108.0
STARLINK-5545;56476;11108.0
STARLINK-5534;56477;11048.0
STARLINK-6041;56478;11109.0
STARLINK-6044;56479;11067.0
STARLINK-6214;56480;11093.0
STARLINK-6222;56481;11109.0
STARLINK-6220;56482;11108.0
STARLINK-5868;56483;11067.0
STARLINK-6221;56484;11050.0
STARLINK-6210;56485;11109.0
STARLINK-6201;56486;11109.0
STARLINK-6196;56487;11158.0
STARLINK-6204;56488;11115.0
STARLINK-5923;56489;11115.0
STARLINK-5873;56490;11115.0
STARLINK-5842;56491;11118.0
STARLINK-5846;56492;11154.0
STARLINK-5841;56493;11159.0
STARLINK-5530;56494;11111.0
STARLINK-5529;56495;11110.0
STARLINK-5526;56496;11115.0
STARLINK-5527;56497;11156.0
STARLINK-5522;56498;11158.0
STARLINK-5775;56503;11063.0
STARLINK-5716;56504;11135.0
STARLINK-5763;56505;11063.0
STARLINK-5340;56506;11149.0
STARLINK-5333;56507;11106.0
STARLINK-5335;56508;11136.0
STARLINK-5334;56509;11061.0
STARLINK-5339;56510;11131.0
STARLINK-5351;56511;11062.0
STARLINK-5349;56512;11063.0
STARLINK-5329;56513;11136.0
STARLINK-5348;56515;11060.0
STARLINK-5342;56516;11063.0
STARLINK-5345;56517;11136.0
STARLINK-5346;56518;11063.0
STARLINK-6313;56519;11060.0
STARLINK-6344;56520;11136.0
STARLINK-6333;56521;11064.0
STARLINK-6327;56522;11125.0
STARLINK-6328;56523;11063.0
STARLINK-6323;56524;11063.0
STARLINK-6329;56525;11064.0
STARLINK-6317;56526;11063.0
STARLINK-6335;56527;11063.0
STARLINK-6337;56528;11126.0
STARLINK-6307;56529;11140.0
STARLINK-6318;56530;11092.0
STARLINK-6280;56531;11077.0
STARLINK-6319;56532;11145.0
STARLINK-6310;56533;11077.0
STARLINK-6308;56534;11076.0
STARLINK-6309;56535;11048.0
STARLINK-6312;56536;11048.0
STARLINK-6311;56537;11116.0
STARLINK-6314;56538;11145.0
STARLINK-6135;56539;11048.0
STARLINK-6136;56540;11048.0
STARLINK-6249;56541;11047.0
STARLINK-6266;56542;11048.0
STARLINK-6226;56544;11048.0
STARLINK-6086;56545;11123.0
STARLINK-6187;56546;11045.0
STARLINK-6291;56547;11117.0
STARLINK-6244;56548;11117.0
STARLINK-6263;56549;11117.0
STARLINK-6255;56550;11049.0
STARLINK-6199;56551;11049.0
STARLINK-5802;56552;11117.0
STARLINK-6074;56553;11034.0
STARLINK-6295;56554;11049.0
STARLINK-6252;56555;11048.0
STARLINK-5302;56556;11049.0
STARLINK-6265;56557;11117.0
STARLINK-6286;56558;11048.0
BEIDOU-3 G4;56564;738.0
STARLINK-30122;56688;11039.0
STARLINK-30129;56689;11037.0
STARLINK-30124;56690;11041.0
STARLINK-30036;56692;10924.0
STARLINK-30067;56693;11037.0
STARLINK-30126;56694;11037.0
STARLINK-30121;56695;10957.0
STARLINK-30130;56697;10961.0
STARLINK-30068;56698;11026.0
STARLINK-30127;56699;11037.0
STARLINK-30053;56700;10961.0
STARLINK-30125;56701;11037.0
STARLINK-30117;56702;11033.0
STARLINK-30132;56703;11037.0
STARLINK-30066;56704;11032.0
STARLINK-30080;56705;10975.0
STARLINK-30079;56706;11037.0
STARLINK-30070;56707;10961.0
STARLINK-30071;56708;10961.0
STARLINK-30085;56709;11008.0
ONEWEB-0561;56710;9736.0
ONEWEB-0668;56711;9910.0
ONEWEB-0676;56712;9902.0
ONEWEB-0677;56713;9769.0
ONEWEB-0678;56714;9735.0
ONEWEB-0679;56715;9903.0
ONEWEB-0680;56716;9821.0
ONEWEB-0681;56717;9816.0
ONEWEB-0682;56718;9755.0
ONEWEB-0683;56719;9748.0
ONEWEB-0684;56720;9734.0
ONEWEB-0686;56721;9904.0
ONEWEB-0694;56722;9910.0
ONEWEB-0696;56723;9672.0
ONEWEB-0703;56724;9735.0
ONEWEB-0721;56725;10501.0
IRIDIUM 181;56726;10467.0
IRIDIUM 177;56727;10712.0
IRIDIUM 174;56728;10711.0
IRIDIUM 178;56729;10719.0
IRIDIUM 179;56730;10719.0
OBJECT A;56731;11130.0
OBJECT B;56732;10971.0
NEXTSAT-2;56743;10866.0
SNIPE 4;56744;10879.0
SNIPE 2;56745;10882.0
OBJECT D;56746;10898.0
OBJECT E;56747;10890.0
OBJECT F;56748;10873.0
OBJECT G;56749;10892.0
TROPICS-03;56753;10927.0
TROPICS-07;56754;10953.0
KONDOR-FKA NO. 1;56756;10893.0
ARABSAT-7B (BADR-8);56757;711.0
NVS-01 (IRNSS-1J);56759;710.0
STARLINK-6197;56767;10716.0
STARLINK-6198;56768;10812.0
STARLINK-5978;56769;592.0
STARLINK-6342;56770;10712.0
STARLINK-6275;56772;10713.0
STARLINK-6296;56773;10888.0
STARLINK-6190;56774;10713.0
STARLINK-6292;56775;10886.0
STARLINK-6274;56776;10839.0
STARLINK-5582;56777;10791.0
STARLINK-6304;56778;10837.0
STARLINK-6231;56779;10840.0
STARLINK-5963;56780;10792.0
STARLINK-5989;56781;10763.0
STARLINK-6352;56782;10839.0
STARLINK-6357;56783;10840.0
STARLINK-6354;56784;10839.0
STARLINK-5931;56785;10831.0
STARLINK-6341;56786;10811.0
STARLINK-6326;56787;10840.0
STARLINK-6336;56788;10840.0
STARLINK-6325;56789;10928.0
STARLINK-6345;56790;10861.0
STARLINK-5977;56791;10791.0
STARLINK-6046;56792;10762.0
STARLINK-6052;56793;10762.0
STARLINK-6060;56794;10812.0
STARLINK-6061;56795;10837.0
STARLINK-6049;56796;10791.0
STARLINK-6058;56797;10791.0
STARLINK-6068;56798;10879.0
STARLINK-5953;56799;10763.0
STARLINK-6036;56800;10762.0
STARLINK-6087;56801;10840.0
STARLINK-6070;56802;10812.0
STARLINK-6029;56803;10763.0
STARLINK-6069;56804;10879.0
STARLINK-6064;56805;10840.0
STARLINK-6072;56806;10890.0
STARLINK-6073;56807;10838.0
STARLINK-6042;56808;10936.0
STARLINK-6040;56809;10763.0
STARLINK-6031;56810;10762.0
STARLINK-6063;56811;10861.0
STARLINK-6065;56812;10838.0
STARLINK-6056;56813;10763.0
STARLINK-6059;56814;10792.0
STARLINK-6067;56816;10812.0
STARLINK-5982;56817;10763.0
STARLINK-6028;56818;10832.0
STARLINK-30119;56823;10734.0
STARLINK-30120;56824;10735.0
STARLINK-30084;56825;10761.0
STARLINK-30114;56826;10794.0
STARLINK-30151;56827;10732.0
STARLINK-30152;56828;10731.0
STARLINK-30128;56832;10763.0
STARLINK-30131;56833;10790.0
STARLINK-30069;56834;10761.0
STARLINK-30144;56835;10736.0
STARLINK-30142;56836;10735.0
STARLINK-30133;56837;10763.0
STARLINK-30123;56838;10745.0
STARLINK-30076;56839;10762.0
STARLINK-30073;56840;10794.0
STARLINK-30078;56841;10735.0
STARLINK-30135;56842;10734.0
STARLINK-30137;56843;10762.0
STARLINK-30136;56844;10761.0
OBJECT A;56846;10721.0
OBJECT B;56847;10776.0
OBJECT F;56851;10772.0
OBJECT L;56856;10776.0
OBJECT N;56858;10780.0
OBJECT W;56866;10720.0
LONGJIANG 3;56874;10793.0
STARLINK-6206;56876;10640.0
STARLINK-6209;56877;10635.0
STARLINK-6182;56878;10639.0
STARLINK-5707;56879;10639.0
STARLINK-6177;56880;10641.0
STARLINK-5853;56881;10639.0
STARLINK-6175;56882;10565.0
STARLINK-6171;56883;10639.0
STARLINK-5515;56884;10640.0
STARLINK-5095;56885;10565.0
STARLINK-5496;56886;10565.0
STARLINK-6180;56887;10639.0
STARLINK-6181;56888;10565.0
STARLINK-6169;56889;10565.0
STARLINK-5528;56890;10565.0
STARLINK-6213;56891;10642.0
STARLINK-6219;56892;10640.0
STARLINK-6216;56893;10654.0
STARLINK-6144;56894;10654.0
STARLINK-6208;56895;10645.0
STARLINK-6202;56896;10653.0
STARLINK-6200;56897;10648.0
STARLINK-6205;56898;10560.0
STARLINK-6203;56899;10653.0
STARLINK-6207;56900;10650.0
STARLINK-6185;56901;10651.0
STARLINK-6195;56902;10660.0
STARLINK-6192;56903;10651.0
STARLINK-6193;56904;10654.0
STARLINK-6183;56905;10576.0
STARLINK-6098;56906;10656.0
STARLINK-6110;56907;10665.0
STARLINK-6186;56908;10654.0
STARLINK-5999;56909;10667.0
STARLINK-6179;56910;10576.0
STARLINK-6116;56911;10579.0
STARLINK-5805;56912;10655.0
STARLINK-5950;56913;10655.0
STARLINK-5961;56914;10654.0
STARLINK-5965;56915;10653.0
STARLINK-5973;56916;10651.0
STARLINK-5971;56917;10654.0
STARLINK-5951;56918;10573.0
STARLINK-5966;56919;10655.0
STARLINK-5960;56920;10649.0
STARLINK-5958;56921;10573.0
STARLINK-5937;56922;10650.0
STARLINK-5952;56923;10653.0
STARLINK-5731;56924;10661.0
STARLINK-5733;56925;10650.0
STARLINK-5746;56926;10654.0
STARLINK-5808;56927;10753.0
OTTER PUP;56933;10667.0
GEISAT PRECURSOR;56934;10633.0
LAYAN-23;56939;10721.0
AFRL-XVI;56942;10697.0
NUSAT-40 (C SHOEMAKER);56943;10676.0
NUSAT-41 (C PAYNE-G);56944;10662.0
GREGOIRE;56946;10636.0
ICEYE-X30;56947;10657.0
ICEYE-X23;56949;10665.0
BLACKJACK ACES-3;56950;10633.0
BLACKJACK ACES-4;56952;10673.0
RUNNER-1 (TYVAK-1005);56953;10628.0
HOTSAT-1;56954;10624.0
BLACKJACK ACES-2;56955;10638.0
BLACKJACK ACES-1;56956;5606.0
ION SCV-011;56957;10477.0
GHOST-3;56958;10640.0
ORBITER SN3;56960;10630.0
ICEYE-X26;56961;10667.0
TOMORROW-R2;56962;10661.0
ICEYE-X25;56963;10627.0
AFR-1;56964;10622.0
DROID.001;56965;10667.0
NUSAT-42 (M WONENBURGER);56966;10667.0
NUSAT-43 (R DIENG-KUNTZ);56968;10686.0
LEMUR-2-EMBRIONOVIS;56970;10635.0
AAC-HSI-SAT2;56995;10563.0
AAC-AIS-SAT2;56996;9405.0
OBJECT A;57004;10557.0
OBJECT B;57005;10591.0
OBJECT C;57006;10593.0
OBJECT D;57007;10618.0
OBJECT E;57008;10594.0
OBJECT F;57009;10597.0
OBJECT G;57010;10598.0
OBJECT H;57011;10589.0
OBJECT J;57012;10565.0
OBJECT K;57013;10600.0
OBJECT L;57014;10559.0
OBJECT M;57015;10602.0
OBJECT N;57016;10618.0
OBJECT P;57017;10593.0
OBJECT Q;57018;10615.0
OBJECT R;57019;10595.0
OBJECT S;57020;10615.0
OBJECT T;57021;10614.0
OBJECT U;57022;10616.0
OBJECT V;57023;10561.0
OBJECT W;57024;10618.0
OBJECT X;57025;10615.0
OBJECT Y;57026;10572.0
OBJECT Z;57027;10611.0
OBJECT AA;57028;10619.0
OBJECT AB;57029;10616.0
OBJECT AC;57030;10607.0
OBJECT AD;57031;10565.0
OBJECT AE;57032;10614.0
OBJECT AF;57033;10601.0
OBJECT AG;57034;10618.0
OBJECT AH;57035;10617.0
OBJECT AJ;57036;10553.0
OBJECT AK;57037;10556.0
OBJECT AL;57038;10563.0
OBJECT AM;57039;10618.0
OBJECT AN;57040;10618.0
OBJECT AP;57041;10615.0
OBJECT AQ;57042;10619.0
OBJECT AR;57043;10618.0
OBJECT AS;57044;10567.0
NUSANTARA TIGA (SATRIA);57045;574.0
SHIYAN-25 (SY-25);57047;10812.0
STARLINK-5850;57049;10422.0
STARLINK-5845;57050;10510.0
STARLINK-5839;57051;10511.0
STARLINK-5860;57052;10506.0
STARLINK-5865;57053;10510.0
STARLINK-5881;57054;10423.0
STARLINK-6237;57055;10426.0
STARLINK-6353;57056;10510.0
STARLINK-6223;57057;10426.0
STARLINK-6217;57058;10510.0
STARLINK-6211;57059;10510.0
STARLINK-6227;57060;10509.0
STARLINK-5869;57061;10426.0
STARLINK-5536;57062;10525.0
STARLINK-5832;57063;10426.0
STARLINK-5822;57064;10412.0
STARLINK-5830;57065;10411.0
STARLINK-5827;57066;10426.0
STARLINK-5824;57067;10510.0
STARLINK-5844;57068;10510.0
STARLINK-5821;57069;10507.0
STARLINK-5828;57070;10524.0
STARLINK-5834;57071;10410.0
STARLINK-5843;57072;10426.0
STARLINK-5838;57073;10426.0
STARLINK-5773;57074;10507.0
STARLINK-5542;57075;10524.0
STARLINK-6155;57076;10440.0
STARLINK-6194;57077;10537.0
STARLINK-6246;57078;10508.0
STARLINK-6245;57079;10526.0
STARLINK-6243;57080;10509.0
STARLINK-6184;57081;10527.0
STARLINK-6248;57082;10439.0
STARLINK-6253;57083;10527.0
STARLINK-6240;57084;10525.0
STARLINK-6232;57085;10527.0
STARLINK-6247;57086;10527.0
STARLINK-6251;57087;10526.0
STARLINK-6257;57088;10527.0
STARLINK-6259;57089;10521.0
STARLINK-6254;57090;10524.0
STARLINK-6262;57091;10440.0
STARLINK-6225;57092;10524.0
STARLINK-6229;57093;10441.0
STARLINK-6235;57094;10440.0
STARLINK-6132;57101;10512.0
STARLINK-6111;57102;10512.0
STARLINK-6130;57104;10512.0
STARLINK-6097;57105;10507.0
STARLINK-6118;57106;10512.0
STARLINK-6131;57107;10398.0
STARLINK-6099;57108;10512.0
STARLINK-6139;57109;10512.0
STARLINK-6134;57110;10407.0
STARLINK-6140;57111;10507.0
STARLINK-6141;57112;10512.0
STARLINK-6142;57113;10403.0
STARLINK-6125;57114;10508.0
STARLINK-6085;57115;10508.0
STARLINK-6129;57116;10507.0
STARLINK-6148;57117;10407.0
STARLINK-6151;57118;10521.0
STARLINK-6150;57119;10404.0
STARLINK-6147;57120;10407.0
STARLINK-6152;57121;10498.0
STARLINK-6149;57122;10404.0
STARLINK-6154;57123;10403.0
STARLINK-6146;57124;10517.0
STARLINK-6100;57125;10421.0
STARLINK-6167;57126;10517.0
STARLINK-6165;57127;10404.0
STARLINK-6163;57128;10494.0
STARLINK-6170;57129;10421.0
STARLINK-6172;57130;10404.0
STARLINK-6162;57131;10412.0
STARLINK-6128;57132;10404.0
STARLINK-6143;57133;10503.0
STARLINK-6133;57134;10421.0
STARLINK-6127;57135;10422.0
STARLINK-6112;57136;10504.0
STARLINK-5347;57137;10422.0
STARLINK-5336;57138;10421.0
STARLINK-5355;57139;10421.0
STARLINK-5357;57141;10512.0
STARLINK-5361;57142;10422.0
STARLINK-5358;57143;10513.0
STARLINK-5150;57144;10508.0
STARLINK-5768;57145;10513.0
STARLINK-5791;57146;10508.0
STARLINK-5765;57147;10527.0
STARLINK-5788;57148;10422.0
STARLINK-5778;57149;10556.0
STARLINK-5780;57150;10418.0
STARLINK-5776;57151;10418.0
STARLINK-6164;57152;10531.0
STARLINK-5879;57153;10433.0
STARLINK-6106;57154;10422.0
STARLINK-6108;57155;10419.0
STARLINK-6137;57156;10532.0
METEOR-M2 3;57166;9758.0
STRATOSAT-TK 1 (RS52S);57167;10380.0
OBJECT C;57168;10341.0
OBJECT D;57169;10339.0
OBJECT E;57170;10339.0
OBJECT F;57171;10339.0
UMKA 1 (RS40S);57172;10333.0
OBJECT H;57173;10340.0
OBJECT J;57174;10318.0
CUBEBEL 2 (EU11S);57175;10339.0
SITRO-AIS 5 (KATYS);57176;10342.0
ZORKIY-2M 1;57177;10333.0
CUBESX-HSE 3 (RS42S);57178;10345.0
OBJECT P;57179;10325.0
MONITOR-3 (RS58S);57180;10341.0
OBJECT R;57181;10321.0
MONITOR-4 (RS57S);57182;10341.0
OBJECT T;57183;10334.0
MONITOR-2 (RS39S);57184;10333.0
OBJECT V;57185;10357.0
CSTP 1.2 (STC 1.2);57186;10350.0
SVYATOBOR 1 (RS60S);57187;10345.0
HORS 1;57188;10345.0
VIZARD-METEO (RS38S);57189;10357.0
NANOZOND 1 (RS49S);57190;10381.0
POLYTECH-UNIVERSE 3 (RS46S);57191;10332.0
SITRO-AIS 6 (CHIRKIN);57192;10342.0
SITRO-AIS 8 (ANOKHIN);57193;10345.0
SITRO-AIS 7 (FARTUSHNIY);57194;10341.0
AVION KALUGA 650;57195;10336.0
HORS 2;57196;10352.0
A-SEANSAT-PG1;57197;10356.0
SITRO-AIS 10 (BURDAEV);57199;10357.0
OBJECT AL;57200;10364.0
SITRO-AIS 9 (SHCHUKIN);57201;10358.0
CSTP 1.1 (STC 1.1);57202;10333.0
UTMN 2 (RS27S);57203;10353.0
SITRO-AIS 12 (SMIRENNIY);57204;10359.0
ARCCUBE 1 (RS25S);57205;10394.0
OBJECT AS;57206;10372.0
SITRO-AIS 11 (SHEFFER);57208;10360.0
H2SAT (HEINRICH HERTZ);57213;690.0
SYRACUSE 4B;57214;293.0
KUZGTU 1 (RS47S);57217;10344.0
STARLINK-5525;57218;10181.0
STARLINK-5520;57219;10181.0
STARLINK-5880;57220;10178.0
STARLINK-5875;57221;10184.0
STARLINK-5870;57222;10247.0
STARLINK-5519;57223;10184.0
STARLINK-5983;57224;10184.0
STARLINK-6294;57225;10184.0
STARLINK-6350;57226;10182.0
STARLINK-5996;57227;10178.0
STARLINK-6230;57228;10184.0
STARLINK-6233;57229;10182.0
STARLINK-6250;57230;10184.0
STARLINK-5840;57231;10188.0
STARLINK-5872;57232;10254.0
STARLINK-5866;57233;10188.0
STARLINK-6368;57234;10188.0
STARLINK-6360;57235;10188.0
STARLINK-6315;57236;10198.0
STARLINK-6365;57237;10206.0
STARLINK-6334;57238;10202.0
STARLINK-6330;57239;10188.0
STARLINK-6351;57240;10202.0
STARLINK-6349;57241;10202.0
STARLINK-6306;57242;10202.0
STARLINK-6346;57243;10202.0
STARLINK-5610;57244;10196.0
STARLINK-5587;57245;10196.0
STARLINK-5049;57246;10225.0
STARLINK-5039;57247;10224.0
STARLINK-5514;57248;10197.0
STARLINK-5517;57249;10199.0
STARLINK-5488;57250;10202.0
STARLINK-5513;57251;10224.0
STARLINK-5511;57252;10202.0
STARLINK-5516;57253;10199.0
STARLINK-5490;57254;10202.0
STARLINK-5481;57255;10225.0
STARLINK-5512;57256;10221.0
STARLINK-5503;57257;10225.0
STARLINK-5476;57258;10225.0
STARLINK-5026;57260;10225.0
STARLINK-5485;57261;10212.0
STARLINK-5504;57262;10196.0
STARLINK-5509;57263;10201.0
STARLINK-5858;57264;10199.0
STARLINK-5890;57265;10221.0
HULIANWANG JISHU SHIYAN A;57288;9020.0
HULIANWANG JISHU SHIYAN B;57289;9021.0
STARLINK-30198;57290;10130.0
STARLINK-30239;57291;10230.0
STARLINK-30210;57292;10134.0
STARLINK-30235;57294;10235.0
STARLINK-30206;57295;10164.0
STARLINK-30238;57296;10130.0
STARLINK-30234;57297;10253.0
STARLINK-30241;57298;10241.0
STARLINK-30199;57299;10161.0
STARLINK-30236;57300;10117.0
STARLINK-30201;57301;10147.0
STARLINK-30233;57302;10130.0
STARLINK-30232;57303;10124.0
STARLINK-30211;57304;590.0
STARLINK-30177;57305;10123.0
STARLINK-30200;57306;10135.0
STARLINK-30209;57307;10135.0
STARLINK-30194;57308;10148.0
STARLINK-30163;57309;10148.0
STARLINK-30184;57310;10161.0
STARLINK-30175;57311;10144.0
STARLINK-6290;57328;10165.0
STARLINK-6138;57329;10165.0
STARLINK-6212;57330;10165.0
STARLINK-6234;57331;10139.0
STARLINK-5831;57332;10165.0
STARLINK-5585;57333;10154.0
STARLINK-5589;57334;10153.0
STARLINK-6316;57335;10087.0
STARLINK-6320;57336;10165.0
STARLINK-6322;57337;10086.0
STARLINK-6374;57338;10087.0
STARLINK-6332;57339;10075.0
STARLINK-6321;57340;10164.0
STARLINK-6377;57341;10087.0
STARLINK-6375;57342;10151.0
STARLINK-6379;57343;10164.0
STARLINK-6380;57344;10086.0
STARLINK-6373;57345;10162.0
STARLINK-6359;57346;10165.0
STARLINK-6378;57347;10086.0
STARLINK-6372;57348;10165.0
STARLINK-6376;57349;10166.0
STARLINK-6362;57350;10170.0
STARLINK-6331;57351;10171.0
STARLINK-6297;57352;10170.0
STARLINK-6324;57353;10082.0
STARLINK-6293;57354;10176.0
STARLINK-6276;57355;10096.0
STARLINK-6355;57356;10170.0
STARLINK-5600;57357;10159.0
STARLINK-6299;57358;10170.0
STARLINK-6347;57359;10101.0
STARLINK-6348;57360;10179.0
STARLINK-6340;57361;10180.0
STARLINK-6343;57362;10101.0
STARLINK-6356;57363;10101.0
STARLINK-6338;57364;10100.0
STARLINK-5007;57365;10159.0
STARLINK-6174;57366;10096.0
STARLINK-6215;57367;10195.0
STARLINK-6218;57368;10102.0
STARLINK-6168;57369;10175.0
STARLINK-5353;57370;10101.0
STARLINK-6032;57371;10096.0
STARLINK-5975;57372;10158.0
STARLINK-6370;57373;10179.0
STARLINK-6369;57374;10191.0
STARLINK-6363;57375;10180.0
STARLINK-6367;57376;10092.0
STARLINK-6358;57377;10180.0
STARLINK-6364;57378;10204.0
STARLINK-6361;57379;10177.0
STARLINK-6366;57380;10207.0
STARLINK-6371;57381;10194.0
STARLING 4;57386;9967.0
STARLING 2;57387;9967.0
STARLING 1;57388;9969.0
STARLING 3;57389;9967.0
LEMUR-2-MANO;57390;10016.0
LEMUR-2-DEVERILL-M-T;57391;10005.0
LEO 3;57392;9089.0
TIANMU-1 07;57399;10058.0
TIANMU-1 08;57400;10057.0
TIANMU-1 09;57401;10058.0
TIANMU-1 10;57402;10057.0
STARLINK-30240;57404;10090.0
STARLINK-30192;57405;10103.0
STARLINK-30195;57406;10098.0
STARLINK-30207;57407;10118.0
STARLINK-30205;57408;10099.0
STARLINK-30222;57409;10094.0
STARLINK-30172;57410;10103.0
STARLINK-30214;57411;10103.0
STARLINK-30182;57412;10102.0
STARLINK-30191;57413;10097.0
STARLINK-30193;57414;10099.0
STARLINK-30208;57415;10079.0
STARLINK-30224;57416;10103.0
STARLINK-30043;57417;10094.0
STARLINK-30221;57418;10103.0
OBJECT B;57422;10104.0
OBJECT A;57424;10079.0
OBJECT B;57425;10111.0
OBJECT C;57426;10080.0
STARLINK-30189;57430;10031.0
STARLINK-30170;57431;10063.0
STARLINK-30188;57432;10028.0
STARLINK-30105;57433;10229.0
STARLINK-30102;57434;10026.0
STARLINK-30180;57435;605.0
STARLINK-30183;57436;10044.0
STARLINK-30237;57437;10031.0
STARLINK-30158;57438;10026.0
STARLINK-30173;57439;10075.0
STARLINK-30159;57440;10005.0
STARLINK-30160;57441;10019.0
STARLINK-30146;57442;10029.0
STARLINK-30197;57443;10043.0
STARLINK-30181;57444;10043.0
STARLINK-30215;57445;10012.0
STARLINK-30162;57446;10041.0
STARLINK-30178;57447;10027.0
STARLINK-30196;57448;10011.0
STARLINK-30225;57449;10037.0
STARLINK-30217;57450;10047.0
STARLINK-30216;57451;10022.0
YAOGAN-36 05A;57452;10012.0
YAOGAN-36 05B;57454;10007.0
YAOGAN-36 05C;57456;10007.0
STARLINK-30165;57457;9984.0
STARLINK-30140;57458;9985.0
STARLINK-30185;57459;9985.0
STARLINK-30077;57460;9985.0
STARLINK-30229;57461;9985.0
STARLINK-30088;57462;9988.0
STARLINK-30091;57463;9985.0
STARLINK-30115;57464;606.0
STARLINK-30116;57465;9978.0
STARLINK-30092;57467;9985.0
STARLINK-30039;57468;9985.0
STARLINK-30171;57469;9980.0
STARLINK-30186;57470;9985.0
STARLINK-30190;57471;9987.0
STARLINK-30204;57472;9982.0
STARLINK-30187;57473;9982.0
STARLINK-30110;57474;9997.0
STARLINK-30155;57475;9979.0
STARLINK-30161;57476;9986.0
STARLINK-30176;57477;9986.0
JUPITER 3 (ECHOSTAR 24);57479;662.0
FENGYUN 3F;57490;9210.0
GALAXY 37 (G-37);57493;653.0
STARLINK-30154;57495;9829.0
STARLINK-30145;57496;9835.0
STARLINK-30226;57497;9836.0
STARLINK-30203;57498;9843.0
STARLINK-30169;57499;9844.0
STARLINK-30164;57500;9835.0
STARLINK-30072;57501;9831.0
STARLINK-30228;57502;9845.0
STARLINK-30230;57503;9835.0
STARLINK-30213;57504;9845.0
STARLINK-30227;57505;9852.0
STARLINK-30212;57506;9829.0
STARLINK-30219;57507;9845.0
STARLINK-30074;57508;9814.0
STARLINK-30082;57509;9841.0
STARLINK-30153;57510;9834.0
STARLINK-30147;57511;9841.0
STARLINK-30157;57512;9871.0
STARLINK-30168;57513;9825.0
STARLINK-30231;57514;9836.0
STARLINK-30081;57515;9846.0
STARLINK-30149;57516;9822.0
COSMOS 2569 [GLONASS-K2];57517;1372.0
HJ-2F;57519;9792.0
STARLINK-30259;57521;9817.0
STARLINK-30256;57522;9699.0
STARLINK-30261;57523;9811.0
STARLINK-30260;57524;9788.0
STARLINK-30253;57525;9706.0
STARLINK-30257;57526;9706.0
STARLINK-30250;57527;9796.0
STARLINK-30269;57528;9703.0
STARLINK-30266;57529;9807.0
STARLINK-30270;57530;9702.0
STARLINK-30268;57531;9706.0
STARLINK-30251;57532;9701.0
STARLINK-30254;57533;10030.0
STARLINK-30264;57534;9942.0
STARLINK-30262;57535;612.0
OBJECT A;57580;9814.0
OBJECT B;57581;9818.0
OBJECT C;57582;9733.0
OBJECT D;57583;9812.0
OBJECT E;57584;9814.0
OBJECT F;57585;9742.0
STARLINK-30166;57602;9774.0
STARLINK-30223;57603;9779.0
STARLINK-30218;57604;9777.0
STARLINK-30138;57605;9783.0
STARLINK-30255;57606;9782.0
STARLINK-30252;57607;9791.0
STARLINK-30258;57608;9780.0
STARLINK-30174;57609;9786.0
STARLINK-30248;57610;9777.0
STARLINK-30052;57611;9779.0
STARLINK-30245;57612;9781.0
STARLINK-30041;57613;9782.0
STARLINK-30244;57614;9782.0
STARLINK-30246;57615;9781.0
STARLINK-30075;57616;9785.0
STARLINK-30148;57617;9783.0
STARLINK-30249;57618;9780.0
STARLINK-30141;57620;9782.0
STARLINK-30150;57621;9780.0
STARLINK-30056;57622;9780.0
STARLINK-30100;57623;9785.0
LUDI TANCE-4 01A;57624;653.0
HEAD-3A;57626;9311.0
HEAD-3B;57627;9316.0
HEAD-3C;57628;9321.0
HEAD-3D;57629;9325.0
HEAD-3E;57630;9329.0
STARLINK-30309;57632;9694.0
STARLINK-30306;57633;9691.0
STARLINK-30323;57634;9706.0
STARLINK-30329;57635;9693.0
STARLINK-30330;57636;9695.0
STARLINK-30311;57637;9693.0
STARLINK-30328;57638;9711.0
STARLINK-30326;57639;9691.0
STARLINK-30324;57640;9691.0
STARLINK-30312;57641;9691.0
STARLINK-30263;57642;9695.0
STARLINK-30280;57643;9693.0
STARLINK-30247;57644;9691.0
STARLINK-30277;57645;9783.0
STARLINK-30265;57646;9695.0
STARLINK-30286;57647;9690.0
STARLINK-30243;57648;9696.0
STARLINK-30299;57650;9692.0
STARLINK-30294;57651;9701.0
STARLINK-30276;57652;9692.0
STARLINK-30289;57653;9706.0
GAOFEN-12 04;57654;9346.0
STARLINK-30267;57663;9749.0
STARLINK-30298;57665;9749.0
STARLINK-30301;57666;9669.0
STARLINK-30275;57667;9749.0
STARLINK-30278;57668;9749.0
STARLINK-30271;57669;9749.0
STARLINK-30322;57670;9744.0
STARLINK-30296;57671;9749.0
STARLINK-30274;57672;9743.0
STARLINK-30316;57673;9724.0
STARLINK-30317;57675;9743.0
STARLINK-30313;57676;9745.0
STARLINK-30303;57677;9750.0
STARLINK-30320;57678;9760.0
STARLINK-30321;57679;9750.0
STARLINK-30283;57680;9745.0
STARLINK-30273;57681;9753.0
STARLINK-30297;57682;9743.0
STARLINK-30295;57683;9753.0
CAPELLA-11 (ACADIA-1);57693;9282.0
JILIN-1 KUANFU 02A;57696;9491.0
STARLINK-30288;57698;9545.0
STARLINK-30347;57699;9553.0
STARLINK-30332;57700;9526.0
STARLINK-30345;57701;9525.0
STARLINK-30333;57702;9535.0
STARLINK-30336;57703;9524.0
STARLINK-30346;57704;9525.0
STARLINK-30342;57705;9540.0
STARLINK-30327;57707;9545.0
STARLINK-30315;57708;9539.0
STARLINK-30287;57709;9539.0
STARLINK-30335;57710;9535.0
STARLINK-30318;57711;9525.0
STARLINK-30348;57712;9539.0
STARLINK-30349;57713;9525.0
STARLINK-30341;57714;9540.0
STARLINK-30300;57715;9541.0
STARLINK-30281;57716;9515.0
STARLINK-30325;57717;9539.0
STARLINK-30338;57718;9539.0
STARLINK-30334;57719;9525.0
YAOGAN-39 01A;57727;9469.0
YAOGAN-39 01B;57728;9469.0
YAOGAN-39 01C;57731;9467.0
STARLINK-30375;57732;9483.0
STARLINK-30310;57733;9469.0
STARLINK-30365;57734;9468.0
STARLINK-30371;57735;9459.0
STARLINK-30352;57736;9468.0
STARLINK-30344;57737;9468.0
STARLINK-30351;57738;9468.0
STARLINK-30242;57739;9496.0
STARLINK-30331;57740;9463.0
STARLINK-30364;57741;9468.0
STARLINK-30308;57742;9459.0
STARLINK-30361;57743;9468.0
STARLINK-30363;57744;9478.0
STARLINK-30362;57745;9447.0
STARLINK-30350;57746;9467.0
STARLINK-30307;57747;9458.0
STARLINK-30356;57748;9459.0
STARLINK-30366;57749;9468.0
STARLINK-30357;57750;9458.0
STARLINK-30370;57751;9473.0
STARLINK-30368;57752;9468.0
STARLINK-30343;57753;9468.0
WILDFIRE 4;57756;8566.0
BB4;57757;8562.0
WILDFIRE 3;57758;8563.0
BB3;57760;8561.0
WILDFIRE 7;57761;8556.0
CHECKMATE 10;57762;8561.0
WILDFIRE 6;57763;8563.0
WILDFIRE 1;57764;8560.0
WILDFIRE 9;57765;8563.0
WILDFIRE 10;57766;8560.0
WILDFIRE 2;57767;8562.0
WILDFIRE 8;57768;8560.0
WILDFIRE 5;57769;8561.0
CHANDRAYAAN-3 PROPULSION MODULE;57770;39.0
STARLINK-30397;57771;9415.0
STARLINK-30354;57772;9426.0
STARLINK-30383;57773;9415.0
STARLINK-30384;57774;9401.0
STARLINK-30305;57775;9415.0
STARLINK-30360;57776;9415.0
STARLINK-30355;57777;9422.0
STARLINK-30385;57778;9423.0
STARLINK-30359;57779;9429.0
STARLINK-30380;57780;9415.0
STARLINK-30369;57781;9415.0
STARLINK-30376;57782;9425.0
STARLINK-30389;57783;9420.0
STARLINK-30388;57784;9415.0
STARLINK-30381;57785;9418.0
STARLINK-30382;57786;9415.0
STARLINK-30378;57787;9420.0
STARLINK-30387;57788;9440.0
STARLINK-30372;57789;9481.0
STARLINK-30373;57790;9458.0
STARLINK-30367;57791;9415.0
TIANQI-21;57792;8767.0
TIANQI-22;57793;8766.0
TIANQI-23;57794;8767.0
TIANQI-24;57795;8766.0
YAOGAN-33 03;57797;8961.0
XRISM;57800;9231.0
STARLINK-30304;57808;9468.0
STARLINK-30374;57809;9350.0
STARLINK-30394;57810;9339.0
STARLINK-30379;57811;9346.0
STARLINK-30395;57812;9350.0
STARLINK-30403;57813;9336.0
STARLINK-30413;57814;9341.0
STARLINK-30398;57815;9340.0
STARLINK-30386;57816;9322.0
STARLINK-30391;57817;9340.0
STARLINK-30401;57818;9340.0
STARLINK-30390;57819;9335.0
STARLINK-30409;57820;9345.0
STARLINK-30415;57821;9350.0
STARLINK-30407;57823;9394.0
STARLINK-30408;57824;9350.0
STARLINK-30377;57825;9340.0
STARLINK-30422;57826;9349.0
STARLINK-30402;57827;9350.0
STARLINK-30411;57828;9344.0
STARLINK-30418;57829;9335.0
YAOGAN-40 01A;57830;8620.0
YAOGAN-40 01B;57832;8624.0
YAOGAN-40 01C;57833;8634.0
STARLINK-30285;57840;9430.0
STARLINK-30410;57841;9422.0
STARLINK-30435;57842;9424.0
STARLINK-30423;57843;9422.0
STARLINK-30292;57844;9423.0
STARLINK-30416;57847;9429.0
STARLINK-30426;57848;9422.0
STARLINK-30430;57849;9422.0
STARLINK-30425;57850;9424.0
STARLINK-30405;57851;9422.0
STARLINK-30431;57852;9424.0
STARLINK-30404;57853;9423.0
STARLINK-30412;57854;9423.0
STARLINK-30392;57855;9425.0
STARLINK-30291;57856;9424.0
STARLINK-30424;57857;9455.0
STARLINK-30290;57858;9422.0
STARLINK-30414;57859;9425.0
STARLINK-30272;57860;9423.0
STARLINK-30432;57864;9232.0
STARLINK-30427;57865;9232.0
STARLINK-30393;57866;9233.0
STARLINK-30439;57867;9233.0
STARLINK-30442;57868;9228.0
STARLINK-30441;57869;9228.0
STARLINK-30460;57870;9222.0
STARLINK-30444;57871;9209.0
STARLINK-30446;57872;9210.0
STARLINK-30445;57873;9236.0
STARLINK-30447;57874;9267.0
STARLINK-30434;57875;9238.0
STARLINK-30429;57876;9239.0
STARLINK-30284;57877;9285.0
STARLINK-30433;57878;9233.0
STARLINK-30358;57879;9242.0
STARLINK-30436;57880;9227.0
STARLINK-30339;57882;9233.0
STARLINK-30282;57883;9239.0
STARLINK-30340;57884;9233.0
STARLINK-30279;57885;9227.0
YAOGAN-39 02A;57886;9196.0
YAOGAN-39 02B;57889;9210.0
YAOGAN-39 02C;57890;9207.0
STARLINK-30465;57891;9173.0
STARLINK-30470;57892;9179.0
STARLINK-30473;57893;9173.0
STARLINK-30443;57894;9179.0
STARLINK-30467;57895;9179.0
STARLINK-30469;57896;9165.0
STARLINK-30474;57897;9176.0
STARLINK-30479;57898;9179.0
STARLINK-30481;57899;9163.0
STARLINK-30457;57900;9070.0
STARLINK-30472;57901;9074.0
STARLINK-30462;57902;9171.0
STARLINK-30449;57903;9074.0
STARLINK-30466;57904;9070.0
STARLINK-30451;57905;9074.0
STARLINK-30428;57906;9070.0
STARLINK-30482;57907;9075.0
STARLINK-30464;57908;9074.0
STARLINK-30463;57909;9074.0
STARLINK-30453;57910;9074.0
STARLINK-30478;57911;9199.0
STARLINK-30477;57912;9180.0
STARLINK-30450;57913;9128.0
STARLINK-30483;57914;9228.0
STARLINK-30454;57915;9132.0
STARLINK-30501;57917;9135.0
STARLINK-30499;57918;9236.0
STARLINK-30496;57919;9130.0
STARLINK-30485;57920;9131.0
STARLINK-30492;57921;9132.0
STARLINK-30440;57923;9129.0
STARLINK-30487;57924;9135.0
STARLINK-30452;57925;9127.0
STARLINK-30468;57926;9132.0
STARLINK-30459;57927;9244.0
STARLINK-30448;57928;9132.0
STARLINK-30476;57930;9148.0
STARLINK-30488;57931;9141.0
STARLINK-30471;57932;9135.0
STARLINK-30461;57933;9132.0
STARLINK-30458;57934;9155.0
STARLINK-30712;57935;9236.0
STARLINK-30716;57936;9237.0
STARLINK-30400;57937;9236.0
STARLINK-30710;57938;9249.0
STARLINK-30714;57939;9229.0
STARLINK-30711;57940;9228.0
STARLINK-30715;57941;9243.0
STARLINK-30455;57942;9228.0
STARLINK-30456;57943;9227.0
STARLINK-30708;57944;9236.0
STARLINK-30705;57945;9229.0
STARLINK-30704;57946;9134.0
STARLINK-30706;57947;9236.0
STARLINK-30709;57948;9237.0
STARLINK-30707;57949;9236.0
STARLINK-30701;57950;9236.0
STARLINK-30399;57951;9228.0
STARLINK-30713;57952;9236.0
STARLINK-30700;57953;9249.0
STARLINK-30703;57954;9249.0
STARLINK-30702;57955;9241.0
SKYKRAFT-3D;57956;9298.0
YAOGAN-33 04;57958;8668.0
STARLINK-30396;57964;9052.0
STARLINK-30524;57965;9041.0
STARLINK-30521;57966;9047.0
STARLINK-30528;57967;9047.0
STARLINK-30495;57968;9047.0
STARLINK-30484;57969;9042.0
STARLINK-30494;57970;9081.0
STARLINK-30498;57971;9047.0
STARLINK-30505;57972;9047.0
STARLINK-30502;57973;9047.0
STARLINK-30489;57974;9046.0
STARLINK-30503;57975;9051.0
STARLINK-30512;57976;9041.0
STARLINK-30509;57977;9032.0
STARLINK-30511;57978;9024.0
STARLINK-30508;57979;9031.0
STARLINK-30504;57980;9103.0
STARLINK-30510;57981;9026.0
STARLINK-30507;57982;9035.0
STARLINK-30515;57983;9032.0
STARLINK-30516;57984;9032.0
STARLINK-30519;57985;9032.0
YAOGAN-39 03A;57986;8940.0
YAOGAN-39 03B;57988;8914.0
YAOGAN-39 03C;57990;8935.0
STARLINK-30537;57991;8934.0
STARLINK-30534;57992;8951.0
STARLINK-30536;57993;8959.0
STARLINK-30538;57994;8955.0
STARLINK-30517;57995;8961.0
STARLINK-30523;57997;8955.0
STARLINK-30531;57998;8960.0
STARLINK-30552;57999;8963.0
STARLINK-30545;58000;8962.0
STARLINK-30535;58001;8963.0
STARLINK-30540;58002;8951.0
STARLINK-30546;58003;8959.0
STARLINK-30539;58004;8960.0
STARLINK-30530;58005;8960.0
STARLINK-30526;58006;8987.0
STARLINK-30527;58007;9156.0
STARLINK-30522;58008;8959.0
STARLINK-30486;58009;8949.0
STARLINK-30520;58010;8950.0
STARLINK-30497;58011;8961.0
STARLINK-30525;58012;8954.0
THEOS-2 (T2V);58016;8619.0
FORMOSAT-7R (TRITON);58017;8660.0
ANSER-FLW2;58018;8769.0
ANSER-FLW1;58019;8769.0
NESS;58020;8754.0
CSC-2;58021;8749.0
CSC-1;58022;8737.0
PRETTY;58023;8762.0
MACSAT (FINCH 1);58024;8763.0
PVCC;58025;8750.0
STARLINK-30514;58028;9030.0
STARLINK-30518;58029;9028.0
STARLINK-30549;58030;8995.0
STARLINK-30556;58031;9014.0
STARLINK-30561;58032;9027.0
STARLINK-30562;58033;8905.0
STARLINK-30565;58034;9027.0
STARLINK-30438;58035;8994.0
STARLINK-30437;58036;9016.0
STARLINK-30533;58037;8918.0
STARLINK-30560;58038;9004.0
STARLINK-30559;58039;8918.0
STARLINK-30555;58040;8914.0
STARLINK-30542;58041;9026.0
STARLINK-30563;58042;9031.0
STARLINK-30564;58043;9029.0
STARLINK-30547;58044;8910.0
STARLINK-30550;58045;9132.0
STARLINK-30548;58046;8912.0
STARLINK-30529;58047;8892.0
STARLINK-30554;58048;8907.0
STARLINK-30568;58051;8806.0
STARLINK-30575;58052;8833.0
STARLINK-30577;58053;8832.0
STARLINK-30566;58054;8829.0
STARLINK-30544;58055;8826.0
STARLINK-30553;58056;8828.0
STARLINK-30541;58057;8825.0
STARLINK-30573;58058;8833.0
STARLINK-30582;58059;8833.0
STARLINK-30558;58060;8825.0
STARLINK-30579;58061;8857.0
STARLINK-30588;58062;8828.0
STARLINK-30585;58063;8829.0
STARLINK-30587;58064;8822.0
STARLINK-30576;58065;8825.0
STARLINK-30571;58066;8824.0
STARLINK-30567;58067;8822.0
STARLINK-30569;58068;8829.0
STARLINK-30480;58069;8925.0
STARLINK-30532;58070;8829.0
STARLINK-30513;58071;9079.0
STARLINK-30506;58072;8826.0
YUNHAI-1 04;58073;8252.0
STARLINK-30604;58075;8766.0
STARLINK-30500;58076;8766.0
STARLINK-30613;58077;8765.0
STARLINK-30597;58078;8765.0
STARLINK-30598;58079;8764.0
STARLINK-30603;58080;8766.0
STARLINK-30602;58081;8772.0
STARLINK-30610;58082;8765.0
STARLINK-30551;58083;8771.0
STARLINK-30586;58084;8772.0
STARLINK-30609;58085;8765.0
STARLINK-30583;58086;8772.0
STARLINK-30557;58087;8772.0
STARLINK-30591;58088;8772.0
STARLINK-30584;58089;8767.0
STARLINK-30590;58090;8772.0
STARLINK-30608;58091;8767.0
STARLINK-30615;58092;8766.0
STARLINK-30578;58093;8763.0
STARLINK-30574;58094;8772.0
STARLINK-30570;58095;8764.0
STARLINK-30581;58096;8766.0
STARLINK-30594;58097;8828.0
STARLINK-30614;58098;8828.0
STARLINK-30607;58099;8815.0
STARLINK-30600;58100;8833.0
STARLINK-30605;58101;8829.0
STARLINK-30592;58102;8829.0
STARLINK-30589;58103;8833.0
STARLINK-30617;58104;8828.0
STARLINK-30616;58105;8844.0
STARLINK-30612;58106;8829.0
STARLINK-30421;58107;8845.0
STARLINK-30611;58108;8844.0
STARLINK-30606;58109;8828.0
STARLINK-30596;58110;8829.0
STARLINK-30595;58111;8833.0
STARLINK-30593;58112;8833.0
STARLINK-30353;58113;8828.0
STARLINK-30572;58114;8828.0
STARLINK-30580;58115;8829.0
STARLINK-30493;58116;8828.0
STARLINK-30601;58117;8828.0
STARLINK-30795;58118;8704.0
STARLINK-30765;58119;8704.0
STARLINK-30768;58120;8704.0
STARLINK-30799;58121;8582.0
STARLINK-30759;58122;8705.0
STARLINK-30781;58123;8705.0
STARLINK-30754;58124;8695.0
STARLINK-30766;58125;8705.0
STARLINK-30767;58126;8704.0
STARLINK-30790;58127;8705.0
STARLINK-30787;58128;8704.0
STARLINK-30756;58129;8705.0
STARLINK-30783;58130;8705.0
STARLINK-30757;58131;8706.0
STARLINK-30770;58132;8705.0
STARLINK-30758;58133;8706.0
STARLINK-30761;58134;8704.0
STARLINK-30772;58135;8703.0
STARLINK-30776;58136;8704.0
STARLINK-30782;58137;8705.0
STARLINK-30769;58138;8704.0
STARLINK-30775;58139;8705.0
STARLINK-30780;58140;8699.0
YAOGAN-39 04A;58141;8653.0
YAOGAN-39 04B;58143;8650.0
YAOGAN-39 04C;58145;8651.0
COSMOS 2570;58148;7873.0
STARLINK-30802;58150;8716.0
STARLINK-30834;58151;8711.0
STARLINK-30833;58152;8711.0
STARLINK-30831;58153;8711.0
STARLINK-30797;58154;8689.0
STARLINK-30804;58155;8711.0
STARLINK-30784;58156;8699.0
STARLINK-30803;58157;8690.0
STARLINK-30829;58158;8705.0
STARLINK-30788;58159;8696.0
STARLINK-30779;58160;8711.0
STARLINK-30773;58161;8706.0
STARLINK-30816;58162;8707.0
STARLINK-30763;58163;8728.0
STARLINK-30815;58164;8717.0
STARLINK-30814;58165;8705.0
STARLINK-30789;58166;8711.0
STARLINK-30811;58167;8689.0
STARLINK-30812;58168;8692.0
STARLINK-30771;58169;8707.0
STARLINK-30764;58170;8705.0
STARLINK-30752;58171;8717.0
COSMOS 2571;58172;7843.0
STARLINK-30753;58175;8571.0
STARLINK-30824;58176;8567.0
STARLINK-30791;58177;8566.0
STARLINK-30810;58178;8565.0
STARLINK-30819;58179;8570.0
STARLINK-30806;58180;8570.0
STARLINK-30821;58181;8571.0
STARLINK-30778;58182;8566.0
STARLINK-30809;58183;8566.0
STARLINK-30801;58184;8561.0
STARLINK-30793;58185;8566.0
STARLINK-30755;58186;8570.0
STARLINK-30760;58187;8571.0
STARLINK-30826;58188;8571.0
STARLINK-30796;58189;8565.0
STARLINK-30820;58190;8571.0
STARLINK-30785;58191;8571.0
STARLINK-30807;58192;8571.0
STARLINK-30822;58193;8572.0
STARLINK-30830;58194;8571.0
STARLINK-30827;58195;8560.0
STARLINK-30798;58196;8569.0
STARLINK-30762;58197;8570.0
TIANHUI 5A;58199;8303.0
TIANHUI 5B;58201;8303.0
TJS-10;58204;552.0
STARLINK-30800;58206;8507.0
STARLINK-30845;58207;8496.0
STARLINK-30841;58208;8494.0
STARLINK-30839;58209;8501.0
STARLINK-30846;58210;8496.0
STARLINK-30838;58211;8508.0
STARLINK-30837;58212;8507.0
STARLINK-30813;58213;8496.0
STARLINK-30805;58214;8496.0
STARLINK-30851;58215;8494.0
STARLINK-30818;58217;8508.0
STARLINK-30794;58218;8508.0
STARLINK-30835;58219;8496.0
STARLINK-30792;58220;8501.0
STARLINK-30836;58221;8496.0
STARLINK-30855;58222;8497.0
STARLINK-30840;58223;8494.0
STARLINK-30875;58224;8496.0
STARLINK-30872;58225;8484.0
STARLINK-30865;58226;8504.0
STARLINK-30874;58227;8495.0
STARLINK-30871;58228;8386.0
STARLINK-30861;58230;8444.0
STARLINK-30867;58231;8451.0
STARLINK-30880;58232;8444.0
STARLINK-30777;58233;8444.0
STARLINK-30860;58234;8451.0
STARLINK-30879;58235;8530.0
STARLINK-30853;58236;8444.0
STARLINK-30866;58237;8444.0
STARLINK-30817;58238;8454.0
STARLINK-30847;58239;8444.0
STARLINK-30848;58240;8453.0
STARLINK-30843;58241;8454.0
STARLINK-30877;58242;8444.0
STARLINK-30864;58243;8439.0
STARLINK-30854;58244;8443.0
STARLINK-30849;58245;8450.0
STARLINK-30886;58246;8441.0
STARLINK-30850;58247;8439.0
STARLINK-30823;58248;8440.0
STARLINK-30873;58249;8451.0
STARLINK-30808;58250;8449.0
STARLINK-30881;58251;8448.0
STARLINK-30883;58252;8444.0
ZHONGXING-6E;58253;564.0
CONNECTA T3.1;58256;8412.0
MANTIS;58257;8432.0
ORBASTRO-PC-1;58258;8394.0
LEMUR-2-BASS;58259;8395.0
LEMUR-2-DILIGHTFUL;58260;8453.0
VERONIKA;58261;8439.0
PLATERO;58262;8414.0
LEMUR-2-GOOD-VIBES;58263;8455.0
BRO-11;58264;8380.0
PEARL 1H;58265;8410.0
DJIBOUTI-1A;58266;8437.0
LEMUR-2-SANITA-VETRA;58267;8454.0
CONNECTA T3.2;58268;8423.0
IRIS-C2;58269;8440.0
FLOCK 4Q-1;58270;8397.0
FLOCK 4Q-16;58271;8398.0
TIGER-6;58272;8403.0
FLOCK 4Q-11;58273;8402.0
FLOCK 4Q-36;58274;8401.0
FLOCK 4Q-12;58275;8402.0
GENMAT-1;58276;8378.0
TIGER-5;58277;8408.0
FLOCK 4Q-19;58278;8423.0
FLOCK 4Q-28;58280;8405.0
AETHER-1;58281;8403.0
FLOCK 4Q-27;58282;8400.0
FLOCK 4Q-17;58283;8405.0
FLOCK 4Q-26;58284;8404.0
FLOCK 4Q-31;58285;8399.0
FLOCK 4Q-30;58286;8400.0
PICO-01B009;58287;8409.0
ICEYE-X31;58288;8370.0
FALCONSAT-10;58291;8373.0
UMBRA-08;58292;8373.0
ICEYE-X34;58294;8394.0
SPACEVAN-001;58295;8391.0
PELICAN-1;58296;8402.0
UMBRA-07;58297;8312.0
SPIP;58298;8380.0
AETHER-2;58299;8395.0
ION SCV-013;58300;8175.0
IMPULSE-1 MIRA;58301;8368.0
ICEYE-X35;58302;8386.0
FLOCK 4Q-25;58303;8405.0
FLOCK 4Q-29;58304;8399.0
FLOCK 4Q-22;58306;8401.0
FLOCK 4Q-23;58307;8402.0
FLOCK 4Q-33;58308;8401.0
FLOCK 4Q-35;58309;8407.0
FLOCK 4Q-14;58311;8397.0
FLOCK 4Q-20;58313;8413.0
FLOCK 4Q-6;58315;8399.0
FLOCK 4Q-34;58316;8405.0
FLOCK 4Q-7;58318;8401.0
FLOCK 4Q-15;58319;8404.0
FLOCK 4Q-2;58320;8403.0
PROTOMETHEE;58321;8387.0
FLOCK 4Q-9;58322;8396.0
OBSERVER-1A;58323;8392.0
PICO-01A003;58326;8394.0
FLOCK 4Q-4;58327;8398.0
FLOCK 4Q-13;58328;8397.0
FLOCK 4Q-21;58329;8410.0
BRO-10;58331;8419.0
OUTPOST MISSION 2;58334;8408.0
LEMUR-2-JK0903EM1407;58336;8409.0
LEMUR-2-MJR092620;58340;8411.0
NINJASAT;58341;8443.0
PEARL 1C;58342;8433.0
O3B MPOWER F5;58346;2940.0
O3B MPOWER F6;58347;2831.0
HAIYANG-3A;58349;7797.0
STARLINK-30907;58352;8301.0
STARLINK-30896;58353;8380.0
STARLINK-30832;58354;8285.0
STARLINK-30903;58355;8295.0
STARLINK-30905;58356;8285.0
STARLINK-30842;58357;8311.0
STARLINK-30858;58358;8302.0
STARLINK-30878;58359;8296.0
STARLINK-30897;58360;8303.0
STARLINK-30885;58361;8292.0
STARLINK-30890;58362;8291.0
STARLINK-30909;58363;8296.0
STARLINK-30904;58364;8303.0
STARLINK-30918;58365;8296.0
STARLINK-30892;58366;8293.0
STARLINK-30891;58367;8285.0
STARLINK-30889;58368;8296.0
STARLINK-30870;58369;8290.0
STARLINK-30888;58370;8296.0
STARLINK-30859;58371;8301.0
STARLINK-30884;58372;8302.0
STARLINK-30852;58373;8289.0
STARLINK-30911;58374;8383.0
STARLINK-30894;58375;8375.0
STARLINK-30910;58376;8382.0
STARLINK-30914;58377;8382.0
STARLINK-30920;58378;8396.0
STARLINK-30882;58379;8382.0
STARLINK-30915;58380;8492.0
STARLINK-30923;58381;8378.0
STARLINK-30927;58382;8380.0
STARLINK-30921;58383;8379.0
STARLINK-30825;58384;8382.0
STARLINK-30930;58385;8371.0
STARLINK-30929;58386;8379.0
STARLINK-30898;58387;8382.0
STARLINK-30913;58388;8383.0
STARLINK-30938;58389;8383.0
STARLINK-30868;58390;8387.0
STARLINK-30916;58391;8383.0
STARLINK-30937;58392;8388.0
STARLINK-30939;58393;8369.0
STARLINK-30887;58394;8380.0
STARLINK-30934;58395;8374.0
MALLIGYONG-1;58400;8191.0
STARLINK-30964;58402;8232.0
STARLINK-30844;58403;8221.0
STARLINK-30876;58404;8229.0
STARLINK-30952;58405;8226.0
STARLINK-30925;58406;8226.0
STARLINK-30954;58407;8230.0
STARLINK-30906;58408;8218.0
STARLINK-30940;58409;8334.0
STARLINK-30933;58410;8322.0
STARLINK-30919;58411;8223.0
STARLINK-30924;58412;8323.0
STARLINK-30931;58413;8243.0
STARLINK-30922;58414;8236.0
STARLINK-30949;58415;8236.0
STARLINK-30967;58416;8231.0
STARLINK-30955;58417;8230.0
STARLINK-30895;58418;8215.0
STARLINK-30917;58419;604.0
STARLINK-30899;58420;8219.0
STARLINK-30902;58421;8221.0
STARLINK-30912;58422;8328.0
STARLINK-30900;58423;8219.0
STARLINK-30908;58424;8231.0
CHUANGXIN 20A (CX-20A);58425;7205.0
CHUANGXIN 20B (CX-20B);58426;7204.0
CHUANGXIN 20C (CX-20C);58427;7202.0
COSMOS 2572;58435;8482.0
STARLINK-30869;58437;8150.0
STARLINK-30969;58438;8150.0
STARLINK-30951;58439;8150.0
STARLINK-30950;58440;8288.0
STARLINK-30942;58441;8150.0
STARLINK-30959;58442;8143.0
STARLINK-30971;58443;8142.0
STARLINK-30963;58444;8150.0
STARLINK-30961;58445;8143.0
STARLINK-30975;58446;8143.0
STARLINK-30976;58447;8150.0
STARLINK-30926;58448;8143.0
STARLINK-30943;58449;8176.0
STARLINK-30946;58450;8142.0
STARLINK-30944;58451;8140.0
STARLINK-30928;58452;8147.0
STARLINK-30957;58453;8142.0
STARLINK-30966;58454;8143.0
STARLINK-30935;58455;8150.0
STARLINK-30960;58456;8170.0
STARLINK-30958;58457;8138.0
STARLINK-30962;58458;8126.0
STARLINK-30977;58459;8129.0
GNOMES-4;58462;7931.0
KORSAT 7;58463;7928.0
KOYOH;58464;7955.0
BANE;58465;8055.0
UHETSAT;58466;8021.0
LILIUM-1;58467;8045.0
SPIRIT;58468;8050.0
ION SCV-015;58469;7993.0
ROBUSTA-1E (ENSO);58470;8078.0
EIRSAT-1;58472;8087.0
STARLINK-30947;58473;8052.0
STARLINK-30995;58474;8204.0
STARLINK-30941;58475;8056.0
STARLINK-30980;58476;8057.0
STARLINK-30965;58477;8071.0
STARLINK-30990;58478;8061.0
STARLINK-30984;58480;8059.0
STARLINK-30956;58481;8086.0
STARLINK-30997;58482;8058.0
STARLINK-30994;58483;8175.0
STARLINK-30991;58484;8055.0
STARLINK-30979;58485;8058.0
STARLINK-31005;58486;8058.0
STARLINK-30987;58487;8058.0
STARLINK-31000;58488;8056.0
STARLINK-30993;58489;8052.0
STARLINK-30978;58490;8080.0
STARLINK-30953;58491;8187.0
STARLINK-30986;58492;8056.0
STARLINK-30985;58493;8058.0
STARLINK-30981;58494;8052.0
STARLINK-31002;58495;8076.0
XINGCHI-1 02A;58496;7782.0
MISRSAT-2;58497;7778.0
XINGCHI-1 02B;58498;7782.0
DOORY-SAT;58500;7775.0
OBJECT A;58502;8001.0
OBJECT B;58503;8032.0
CHUANGXIN 19 (CX-19);58505;7114.0
STARLINK-31026;58508;8025.0
STARLINK-31020;58509;8016.0
STARLINK-30989;58510;8027.0
STARLINK-30968;58511;8011.0
STARLINK-30982;58512;8015.0
STARLINK-30998;58513;8026.0
STARLINK-30983;58514;7979.0
STARLINK-31017;58515;8214.0
STARLINK-31028;58516;8017.0
STARLINK-31011;58517;8018.0
STARLINK-31021;58518;8019.0
STARLINK-31010;58519;8017.0
STARLINK-31003;58520;8017.0
STARLINK-31015;58521;8016.0
STARLINK-31023;58522;8023.0
STARLINK-30932;58523;8013.0
STARLINK-30992;58524;8006.0
STARLINK-30948;58525;8017.0
STARLINK-31013;58526;8021.0
STARLINK-31001;58527;8006.0
STARLINK-31004;58528;8025.0
STARLINK-30988;58529;8017.0
STARLINK-31009;58530;8020.0
STARLINK-31012;58531;7993.0
STARLINK-31035;58532;8010.0
STARLINK-31036;58533;7993.0
STARLINK-30936;58534;8123.0
STARLINK-31032;58535;7993.0
STARLINK-31037;58536;7994.0
STARLINK-31041;58537;8114.0
STARLINK-31014;58538;8108.0
STARLINK-31055;58539;8112.0
STARLINK-31019;58540;7994.0
STARLINK-31045;58541;7895.0
STARLINK-31030;58542;7993.0
STARLINK-31049;58543;8115.0
STARLINK-31048;58544;8114.0
STARLINK-31057;58545;7992.0
STARLINK-31050;58546;8108.0
STARLINK-31063;58547;605.0
STARLINK-31016;58548;7993.0
STARLINK-31053;58549;8114.0
STARLINK-31056;58550;8116.0
STARLINK-30999;58551;8123.0
STARLINK-31046;58552;7993.0
HONGHU 2;58555;7936.0
YAOGAN-39 05A;58557;7933.0
YAOGAN-39 05B;58558;7931.0
YAOGAN-39 05C;58559;7933.0
ALISIO-1;58562;7799.0
INTUITION-1;58565;8414.0
QPS-SAR-5 (TSUKUYOMI-I);58578;7750.0
YAOGAN-41;58582;531.0
ARKTIKA-M 2;58584;1028.0
LIANGXI (DI'ER-1);58586;7875.0
STARLINK-31044;58589;7835.0
STARLINK-31062;58590;7838.0
STARLINK-31096;58592;7838.0
STARLINK-31094;58593;7826.0
STARLINK-31075;58594;7838.0
STARLINK-30857;58595;7831.0
STARLINK-31059;58596;7942.0
STARLINK-31087;58597;7815.0
STARLINK-31079;58598;7839.0
STARLINK-31072;58599;8018.0
STARLINK-31052;58600;7838.0
STARLINK-31074;58601;7838.0
STARLINK-31071;58602;7946.0
STARLINK-31080;58603;7816.0
STARLINK-31088;58604;7838.0
STARLINK-31038;58605;7838.0
STARLINK-31082;58606;7838.0
STARLINK-31069;58607;7835.0
STARLINK-31067;58608;7835.0
STARLINK-31085;58609;7838.0
STARLINK-31089;58610;7834.0
STARLINK-31061;58611;7835.0
COSMOS 2573;58614;7753.0
STARLINK-31054;58619;7755.0
STARLINK-31134;58621;7877.0
STARLINK-31133;58622;7756.0
STARLINK-31068;58623;7756.0
STARLINK-31129;58624;7872.0
STARLINK-30774;58625;7879.0
STARLINK-31086;58626;7756.0
STARLINK-31065;58627;7868.0
STARLINK-31092;58628;7873.0
STARLINK-31091;58629;7753.0
STARLINK-31084;58630;7878.0
STARLINK-31064;58631;7872.0
STARLINK-31081;58632;7872.0
STARLINK-31022;58633;7878.0
STARLINK-31025;58634;7880.0
STARLINK-31018;58635;7877.0
STARLINK-31008;58636;7883.0
STARLINK-31077;58637;7878.0
STARLINK-31078;58638;7880.0
STARLINK-31070;58639;7883.0
STARLINK-31090;58640;7893.0
TIANMU-1 11;58645;7659.0
TIANMU-1 12;58646;7657.0
TIANMU-1 13;58647;7656.0
TIANMU-1 14;58648;7656.0
SHIYAN-24C 01;58650;7541.0
SHIYAN-24C 02;58651;7541.0
SHIYAN-24C 03;58652;7540.0
BEIDOU-3 M28;58654;937.0
BEIDOU-3 M26;58655;935.0
COSMOS 2574;58658;7404.0
TIANMU-1 19;58660;7626.0
TIANMU-1 20;58661;7632.0
TIANMU-1 21;58662;7637.0
TIANMU-1 22;58663;7628.0
MDQUBESAT-2;58665;7610.0
STARLINK-31113;58668;7775.0
STARLINK-31128;58669;7754.0
STARLINK-31083;58670;7766.0
STARLINK-30828;58671;7646.0
STARLINK-31104;58672;7760.0
STARLINK-31131;58673;7786.0
STARLINK-31124;58674;7647.0
STARLINK-31126;58675;7646.0
STARLINK-31066;58676;7678.0
STARLINK-31058;58677;7766.0
STARLINK-31125;58678;7764.0
STARLINK-31110;58679;7637.0
STARLINK-31112;58680;7765.0
STARLINK-31147;58681;7775.0
STARLINK-31144;58682;7775.0
STARLINK-31095;58683;7775.0
STARLINK-31107;58684;7646.0
STARLINK-31121;58685;7765.0
STARLINK-31137;58686;7774.0
STARLINK-31139;58688;7646.0
STARLINK-31106;58689;7647.0
HULIANWANG JISHU SHIYAN 4A;58691;6752.0
HULIANWANG JISHU SHIYAN 4B;58692;6752.0
HULIANWANG JISHU SHIYAN 4C;58693;6753.0
OVZON-3;58698;342.0
TIANMU-1 15;58700;7479.0
TIANMU-1 16;58701;7484.0
TIANMU-1 17;58702;7484.0
TIANMU-1 18;58703;7484.0
STARLINK-11072 [DTC];58705;7914.0
STARLINK-11075 [DTC];58706;7917.0
STARLINK-11077 [DTC];58707;7917.0
STARLINK-11079 [DTC];58708;7919.0
STARLINK-11076 [DTC];58709;7908.0
STARLINK-11078 [DTC];58710;7918.0
STARLINK-31031;58711;7597.0
STARLINK-31029;58712;7593.0
STARLINK-30973;58713;7603.0
STARLINK-31100;58714;7603.0
STARLINK-31102;58715;7597.0
STARLINK-31098;58716;7605.0
STARLINK-31093;58717;7598.0
STARLINK-31097;58718;7599.0
STARLINK-31051;58719;7593.0
STARLINK-31027;58720;7599.0
STARLINK-30972;58721;7599.0
STARLINK-31040;58722;7604.0
STARLINK-31033;58723;7599.0
STARLINK-30893;58724;7604.0
STARLINK-30856;58725;7599.0
UNICORN-2M;58726;7456.0
UNICORN-2L;58727;7414.0
STARLINK-31115;58729;7523.0
STARLINK-31150;58730;7725.0
STARLINK-31204;58731;7542.0
STARLINK-31180;58732;7510.0
STARLINK-31164;58733;7521.0
STARLINK-31152;58734;7520.0
STARLINK-31157;58735;7520.0
STARLINK-31076;58736;7515.0
STARLINK-31101;58737;7510.0
STARLINK-31108;58738;7521.0
STARLINK-31042;58739;7521.0
STARLINK-31159;58740;7524.0
STARLINK-31148;58741;7511.0
STARLINK-31151;58742;7531.0
STARLINK-31156;58743;7521.0
STARLINK-31167;58744;7621.0
STARLINK-31176;58745;7515.0
STARLINK-31181;58746;7628.0
STARLINK-31183;58747;7521.0
STARLINK-31165;58748;7511.0
STARLINK-31160;58749;7521.0
STARLINK-31179;58750;7521.0
EINSTEIN PROBE;58753;7342.0
NANOFF B;58755;7349.0
TIANXING-1 02;58756;7683.0
YUNYAO-1 18;58758;7408.0
YUNYAO-1 19;58759;7409.0
YUNYAO-1 20;58760;7410.0
STARLINK-31127;58765;7435.0
STARLINK-31114;58766;7437.0
STARLINK-31140;58767;7439.0
STARLINK-31145;58768;7435.0
STARLINK-31146;58769;7435.0
STARLINK-31143;58770;7435.0
STARLINK-31135;58771;7435.0
STARLINK-31136;58772;7435.0
STARLINK-31073;58773;7435.0
STARLINK-31122;58774;7435.0
STARLINK-31123;58775;7436.0
STARLINK-31117;58776;7423.0
STARLINK-31132;58777;7550.0
STARLINK-31120;58778;7436.0
STARLINK-31142;58779;7436.0
STARLINK-31099;58781;7435.0
STARLINK-31060;58782;7588.0
STARLINK-31047;58783;7431.0
STARLINK-31039;58784;7436.0
STARLINK-31034;58785;7554.0
STARLINK-31024;58786;7429.0
STARLINK-31189;58787;7515.0
STARLINK-31187;58790;7526.0
STARLINK-31162;58791;7530.0
STARLINK-31184;58793;7521.0
STARLINK-31192;58794;7500.0
STARLINK-31161;58795;7526.0
STARLINK-31195;58796;7530.0
STARLINK-31193;58797;7530.0
STARLINK-31168;58798;7527.0
STARLINK-31191;58800;7505.0
STARLINK-31170;58801;7525.0
STARLINK-31141;58803;7530.0
STARLINK-31188;58804;7530.0
STARLINK-31138;58806;7530.0
STARLINK-31163;58807;7519.0
STARLINK-31174;58808;7530.0
STARLINK-31169;58809;7529.0
NANOFF A;58810;7266.0
SORAYA;58817;6907.0
OBJECT A;58820;7238.0
OBJECT B;58821;7231.0
OBJECT C;58822;7219.0
OBJECT D;58823;7224.0
STARLINK-31233;58826;7403.0
STARLINK-31271;58827;7392.0
STARLINK-31222;58828;7396.0
STARLINK-31258;58829;7397.0
STARLINK-31253;58830;7404.0
STARLINK-31232;58831;7391.0
STARLINK-31263;58832;7417.0
STARLINK-31171;58834;7424.0
STARLINK-31246;58835;7393.0
STARLINK-31251;58836;7404.0
STARLINK-31249;58838;7403.0
STARLINK-31250;58839;7398.0
STARLINK-31248;58840;7392.0
STARLINK-31236;58841;7398.0
STARLINK-31228;58842;7404.0
STARLINK-31280;58843;7398.0
STARLINK-31269;58844;7283.0
STARLINK-31264;58845;7277.0
STARLINK-31273;58846;7396.0
STARLINK-31262;58847;7275.0
AAC-HSI-SAT3;58848;8332.0
OBJECT A;58849;6763.0
OBJECT B;58850;6770.0
OBJECT C;58851;6768.0
STARLINK-31238;58853;7308.0
STARLINK-31158;58854;7292.0
STARLINK-31237;58855;7302.0
STARLINK-31244;58856;7295.0
STARLINK-31216;58857;7328.0
STARLINK-31226;58858;7303.0
STARLINK-31197;58859;7309.0
STARLINK-31213;58860;7306.0
STARLINK-31199;58861;7311.0
STARLINK-31200;58862;7302.0
STARLINK-31149;58863;596.0
STARLINK-31242;58864;7296.0
STARLINK-31223;58865;7300.0
STARLINK-31219;58866;7304.0
STARLINK-31198;58867;7285.0
STARLINK-31196;58868;7304.0
STARLINK-31203;58869;7317.0
STARLINK-31201;58870;7290.0
STARLINK-31214;58871;7304.0
STARLINK-31215;58872;7304.0
STARLINK-31177;58873;7307.0
STARLINK-30945;58874;7311.0
STARLINK-31212;58875;7304.0
STARLINK-31306;58876;7319.0
STARLINK-31326;58877;7198.0
STARLINK-31300;58878;7200.0
STARLINK-31296;58879;7225.0
STARLINK-31328;58880;7217.0
STARLINK-31260;58881;7322.0
STARLINK-31323;58882;7199.0
STARLINK-31209;58883;7200.0
STARLINK-31315;58884;7339.0
STARLINK-31318;58885;7301.0
STARLINK-31320;58886;7199.0
STARLINK-31321;58887;7305.0
STARLINK-31007;58889;7322.0
STARLINK-31230;58890;7313.0
STARLINK-31245;58891;7370.0
STARLINK-31254;58892;7200.0
STARLINK-31255;58893;7198.0
STARLINK-31243;58894;7197.0
STARLINK-31218;58895;7198.0
STARLINK-31221;58896;7201.0
STARLINK-31190;58897;7287.0
LEMUR-2-NIMBUS2000;58899;7089.0
LEMUR-2-VALHALLA;58900;7099.0
LEMUR-2-OBA-NI-JESU;58902;7114.0
LEMUR-2-CAEL;58903;7092.0
GEESAT-2 01;58905;6940.0
GEESAT-2 02;58906;6940.0
GEESAT-2 03;58907;6944.0
GEESAT-2 04;58908;6944.0
GEESAT-2 05;58909;6940.0
GEESAT-2 06;58910;6954.0
GEESAT-2 07;58911;6940.0
GEESAT-2 08;58912;6940.0
GEESAT-2 09;58913;6940.0
GEESAT-2 10;58914;6940.0
GEESAT-2 11;58915;6940.0
OBJECT B;58918;7061.0
OBJECT C;58919;7091.0
OBJECT D;58920;7127.0
NEXSAT-1;58921;7072.0
OBJECT F;58922;7058.0
OBJECT G;58923;7101.0
OBJECT H;58924;10808.0
OBJECT J;58925;10765.0
PACE;58928;6730.0
COSMOS 2575;58929;7262.0
STARLINK-31317;58931;7109.0
STARLINK-31378;58932;7126.0
STARLINK-31350;58933;7126.0
STARLINK-31337;58934;7124.0
STARLINK-31362;58935;7125.0
STARLINK-31383;58936;7125.0
STARLINK-31390;58937;7125.0
STARLINK-31377;58938;7125.0
STARLINK-31372;58939;7103.0
STARLINK-31371;58940;7125.0
STARLINK-31345;58941;7114.0
STARLINK-31354;58942;7114.0
STARLINK-31346;58943;7128.0
STARLINK-31336;58944;7114.0
STARLINK-31359;58945;7159.0
STARLINK-31331;58946;7127.0
STARLINK-31116;58947;7124.0
STARLINK-31311;58948;7128.0
STARLINK-31294;58949;7123.0
STARLINK-31330;58951;7119.0
STARLINK-31293;58952;7124.0
HBTSS-SV2;58955;6214.0
RAPTOR4;58956;6213.0
RAPTOR1;58957;6218.0
RAPTOR3;58958;6214.0
RAPTOR2;58959;6214.0
HBTSS-SV1;58960;4891.0
STARLINK-31373;58965;7044.0
STARLINK-31449;58966;7044.0
STARLINK-31314;58967;7050.0
STARLINK-31356;58968;7081.0
STARLINK-31335;58969;7049.0
STARLINK-31368;58970;7046.0
STARLINK-31333;58971;7061.0
STARLINK-31351;58972;7044.0
STARLINK-31365;58973;7044.0
STARLINK-31361;58974;7050.0
STARLINK-31369;58975;7043.0
STARLINK-31324;58976;7044.0
STARLINK-31358;58977;7045.0
STARLINK-31355;58978;7046.0
STARLINK-31380;58979;7043.0
STARLINK-31353;58980;7045.0
STARLINK-31339;58981;7043.0
STARLINK-31384;58983;7043.0
STARLINK-31379;58984;7043.0
STARLINK-31385;58985;7053.0
STARLINK-31229;58986;7041.0
CE-SAT-IE;58987;6614.0
TIRSAT;58989;6624.0
INSAT-3DS;58990;4305.0
ADRAS-J;58992;6722.0
MERAH PUTIH 2;58995;457.0
AAC-AIS-SAT3;58997;8190.0
STARLINK-31468;58998;6930.0
STARLINK-31440;58999;6905.0
STARLINK-31529;59000;6923.0
STARLINK-31431;59002;6932.0
STARLINK-31435;59004;6931.0
STARLINK-31484;59005;6938.0
STARLINK-31450;59006;6930.0
STARLINK-31456;59007;6932.0
STARLINK-31460;59008;6930.0
STARLINK-31488;59009;6929.0
STARLINK-31528;59010;6930.0
STARLINK-31491;59011;6931.0
STARLINK-31465;59012;6931.0
STARLINK-31389;59013;6936.0
STARLINK-31454;59014;6931.0
STARLINK-31521;59015;6929.0
STARLINK-31526;59016;6965.0
STARLINK-31406;59017;6935.0
STARLINK-31527;59018;6930.0
STARLINK-31436;59019;6931.0
TJS-11;59020;457.0
STARLINK-30996;59023;6883.0
STARLINK-31006;59024;6930.0
STARLINK-31178;59025;6866.0
STARLINK-31227;59026;6880.0
STARLINK-30863;59027;6867.0
STARLINK-31206;59028;6957.0
STARLINK-31224;59029;6880.0
STARLINK-31186;59030;6877.0
STARLINK-31211;59031;6863.0
STARLINK-30862;59032;6874.0
STARLINK-31210;59033;6885.0
STARLINK-31231;59034;6865.0
STARLINK-31207;59035;6883.0
STARLINK-31217;59036;6988.0
STARLINK-31208;59037;6883.0
STARLINK-31235;59038;6876.0
STARLINK-31220;59039;6874.0
STARLINK-31225;59040;6872.0
STARLINK-31240;59041;6884.0
STARLINK-31202;59042;6889.0
STARLINK-31234;59043;6865.0
STARLINK-31153;59044;6862.0
STARLINK-31241;59045;6888.0
STARLINK-31205;59046;6879.0
METEOR-M2 4;59051;6240.0
SITRO-AIS 30;59053;6768.0
SITRO-AIS 49;59060;6771.0
ZORKIY-2M 2;59064;6735.0
PARS 1;59065;6706.0
SITRO-AIS 25;59066;6511.0
SITRO-AIS 26;59067;6511.0
SITRO-AIS 27;59068;6512.0
HULIANWAN GAOGUI-01 (HG-01);59069;331.0
SITRO-AIS 28;59071;6512.0
MARAFON-D GVM;59072;6335.0
STARLINK-31265;59074;6823.0
STARLINK-31276;59075;6832.0
STARLINK-31259;59076;602.0
STARLINK-31281;59077;6838.0
STARLINK-31274;59078;6833.0
STARLINK-31257;59079;6833.0
STARLINK-31299;59080;6948.0
STARLINK-31292;59081;6833.0
STARLINK-31286;59082;6833.0
STARLINK-31252;59083;6931.0
STARLINK-31261;59084;6823.0
STARLINK-31290;59085;6854.0
STARLINK-31279;59086;6829.0
STARLINK-31266;59087;6838.0
STARLINK-31313;59088;6833.0
STARLINK-31307;59089;6834.0
STARLINK-31316;59090;6867.0
STARLINK-31310;59092;6828.0
STARLINK-31343;59093;6837.0
STARLINK-31295;59095;6833.0
STARLINK-31291;59096;6831.0
HORACIO;59098;6479.0
MUSAT2;59099;6488.0
ICEYE-X38;59100;6512.0
METHANESAT;59101;6478.0
ICEYE-X37;59102;6492.0
ICEYE-X36;59103;6496.0
PE2_FLT2  (TYVAK-0262);59104;6482.0
PE2_FLT1 (TYVAK-0261);59105;6487.0
RROCI-2;59106;6481.0
BRO-13;59107;6482.0
BRO-12;59108;6483.0
IRIS-F1;59110;6623.0
OBJECT P;59111;6629.0
SONATE-2;59112;6609.0
OBJECT R;59113;6618.0
OBJECT S;59114;6633.0
CONTECSAT-1;59117;6601.0
LACE-1;59118;6665.0
OBJECT X;59119;6658.0
TIGER-8;59120;6618.0
LYNK TOWER 5;59121;6592.0
NUSAT-44 (MARIA MITCHELL);59122;6613.0
LYNK TOWER 6;59123;6591.0
VSP ROSE;59124;6596.0
OBJECT AD;59125;6599.0
YAM-6;59126;6599.0
JACKAL X-1L-001;59127;6604.0
OBJECT AG;59128;6595.0
APEX ARIES 1;59129;6613.0
GHOST-5;59130;6605.0
MESON-1;59131;6595.0
LIZZIESAT-1 (LS-1);59132;6592.0
GHOST-4;59133;6605.0
JACKAL X-1L-002;59134;6607.0
VSP RF A1;59135;6598.0
VSP RF C1;59136;6599.0
VSP RF B1;59137;6598.0
SENTRY;59140;6622.0
TIGER-7;59141;6624.0
OBJECT AW;59142;6620.0
LEMUR-2-JOHNNYTRUONG;59146;6616.0
LEMUR-2-ROCINANTE;59147;6616.0
HAMMER;59148;6619.0
STARLINK-31312;59152;6818.0
STARLINK-31308;59153;6819.0
STARLINK-31270;59154;6762.0
STARLINK-31341;59155;6754.0
STARLINK-31338;59156;6728.0
STARLINK-31334;59157;6755.0
STARLINK-31297;59158;6759.0
STARLINK-31182;59159;6760.0
STARLINK-31327;59160;6759.0
STARLINK-31256;59161;6761.0
STARLINK-31272;59162;6757.0
STARLINK-31278;59163;6756.0
STARLINK-31309;59164;6751.0
STARLINK-31325;59165;6736.0
STARLINK-31342;59166;6761.0
STARLINK-31298;59167;6734.0
STARLINK-31322;59168;6759.0
STARLINK-31329;59169;6743.0
STARLINK-31340;59170;6789.0
STARLINK-31344;59171;6762.0
STARLINK-31348;59172;6792.0
STARLINK-31289;59173;6762.0
STARLINK-31283;59174;596.0
EXO-0;59175;8386.0
STARLINK-31439;59178;6721.0
STARLINK-31410;59179;6712.0
STARLINK-31395;59180;6717.0
STARLINK-31486;59181;6720.0
STARLINK-31411;59182;6716.0
STARLINK-31382;59184;6717.0
STARLINK-31394;59185;6733.0
STARLINK-31403;59186;6729.0
STARLINK-31514;59187;6716.0
STARLINK-31478;59188;6707.0
STARLINK-31498;59189;6717.0
STARLINK-31563;59190;6717.0
STARLINK-31551;59191;6718.0
STARLINK-31536;59192;6721.0
STARLINK-31548;59193;6715.0
STARLINK-31542;59194;6716.0
STARLINK-31554;59195;6717.0
STARLINK-31558;59196;6717.0
STARLINK-31275;59197;6717.0
STARLINK-31590;59198;6716.0
STARLINK-31567;59199;6717.0
STARLINK-31503;59200;6716.0
STARLINK-31603;59201;6681.0
STARLINK-31602;59202;6682.0
STARLINK-31577;59203;6679.0
STARLINK-31522;59204;6681.0
STARLINK-31586;59205;6696.0
STARLINK-31247;59206;6691.0
STARLINK-31591;59207;6682.0
STARLINK-31576;59208;6681.0
STARLINK-31601;59209;6696.0
STARLINK-31520;59210;6682.0
STARLINK-31496;59211;6694.0
STARLINK-31492;59212;6678.0
STARLINK-31517;59213;6695.0
STARLINK-31604;59214;6695.0
STARLINK-31434;59215;6692.0
STARLINK-31417;59216;6691.0
STARLINK-31499;59217;6685.0
STARLINK-31421;59218;6699.0
STARLINK-31518;59219;6695.0
STARLINK-31523;59220;6681.0
STARLINK-31516;59221;6682.0
STARLINK-31490;59222;6681.0
STARLINK-31420;59223;6699.0
STRIX-3;59224;6412.0
STARLINK-31304;59231;6650.0
STARLINK-31305;59232;6642.0
STARLINK-31459;59233;6640.0
STARLINK-31438;59234;6651.0
STARLINK-31467;59235;6646.0
STARLINK-31444;59236;6717.0
STARLINK-31505;59237;6633.0
STARLINK-31494;59238;6626.0
STARLINK-31303;59239;601.0
STARLINK-31408;59240;6641.0
STARLINK-31427;59241;6640.0
STARLINK-31423;59242;6633.0
STARLINK-31433;59243;6642.0
STARLINK-31285;59244;6643.0
STARLINK-31268;59245;6646.0
STARLINK-31284;59246;6643.0
STARLINK-31424;59247;6646.0
STARLINK-31405;59248;6643.0
STARLINK-31426;59249;6642.0
STARLINK-31407;59250;6646.0
STARLINK-31393;59252;6660.0
STARLINK-31425;59253;6628.0
STARLINK-31659;59254;6573.0
STARLINK-31629;59255;6570.0
STARLINK-31652;59256;6447.0
STARLINK-31655;59257;6623.0
STARLINK-31637;59258;6447.0
STARLINK-31506;59259;6570.0
STARLINK-31288;59260;6448.0
STARLINK-31639;59261;6447.0
STARLINK-31673;59262;6577.0
STARLINK-31598;59263;6446.0
STARLINK-31645;59264;6570.0
STARLINK-31646;59265;6570.0
STARLINK-31648;59266;6570.0
STARLINK-31579;59267;6442.0
STARLINK-31627;59268;6569.0
STARLINK-31609;59269;6442.0
STARLINK-31616;59270;6569.0
STARLINK-31630;59271;6587.0
STARLINK-31623;59272;6570.0
STARLINK-31595;59273;6442.0
YUNHAI-2 02A;59280;5847.0
YUNHAI-2 02B;59281;5945.0
YUNHAI-2 02C;59282;5735.0
YUNHAI-2 02D;59283;6133.0
YUNHAI-2 02E;59284;6042.0
YUNHAI-2 02F;59285;6224.0
MOLA;59289;5958.0
AEROCUBE 16A;59290;5946.0
AEROCUBE 16B;59291;5965.0
STARLINK-31463;59296;6519.0
STARLINK-31487;59297;6517.0
STARLINK-31386;59298;6488.0
STARLINK-31409;59299;6530.0
STARLINK-31489;59300;6518.0
STARLINK-31502;59301;6493.0
STARLINK-31447;59302;6518.0
STARLINK-31504;59303;6508.0
STARLINK-31474;59304;6500.0
STARLINK-31500;59305;6512.0
STARLINK-31480;59306;6502.0
STARLINK-31282;59307;6521.0
STARLINK-31485;59308;6517.0
STARLINK-31455;59309;6514.0
STARLINK-31475;59310;6531.0
STARLINK-31445;59312;6510.0
STARLINK-31495;59313;6508.0
STARLINK-31477;59314;6514.0
STARLINK-31446;59315;6515.0
STARLINK-31479;59316;6507.0
STARLINK-31349;59317;6519.0
STARLINK-31464;59318;6518.0
STARLINK-31402;59320;6564.0
STARLINK-31578;59321;6501.0
STARLINK-31530;59322;6501.0
STARLINK-31565;59323;597.0
STARLINK-31570;59324;6501.0
STARLINK-31611;59325;6501.0
STARLINK-31632;59326;6484.0
STARLINK-31599;59327;6374.0
STARLINK-31614;59328;6506.0
STARLINK-31493;59329;6502.0
STARLINK-31634;59330;6510.0
STARLINK-31633;59331;6508.0
STARLINK-31594;59332;6366.0
STARLINK-31572;59333;6361.0
STARLINK-31573;59334;6374.0
STARLINK-31588;59335;6492.0
STARLINK-31596;59336;6503.0
STARLINK-31612;59337;6502.0
STARLINK-31550;59338;6513.0
STARLINK-31473;59339;6501.0
STARLINK-31562;59340;6362.0
STARLINK-31600;59341;6375.0
STARLINK-31628;59342;6511.0
YUNHAI-3 02;59343;5823.0
EUTELSAT 36D;59346;413.0
STARLINK-31605;59348;6409.0
STARLINK-31532;59349;6398.0
STARLINK-31593;59350;6409.0
STARLINK-31555;59351;6412.0
STARLINK-31561;59352;6407.0
STARLINK-31413;59353;6404.0
STARLINK-31422;59354;6407.0
STARLINK-31416;59355;6404.0
STARLINK-31552;59356;6400.0
STARLINK-31557;59357;6413.0
STARLINK-31559;59358;6404.0
STARLINK-31501;59359;6407.0
STARLINK-31549;59360;6404.0
STARLINK-31560;59361;6404.0
STARLINK-31571;59362;6408.0
STARLINK-31553;59363;601.0
STARLINK-31547;59364;6414.0
STARLINK-31537;59365;6397.0
STARLINK-31451;59366;6404.0
STARLINK-31428;59367;6404.0
STARLINK-31419;59368;6409.0
STARLINK-31583;59369;6411.0
STARLINK-31461;59370;6410.0
RESURS-P 4;59371;6250.0
STARLINK-31641;59374;6353.0
STARLINK-31430;59375;6347.0
STARLINK-31695;59376;6352.0
STARLINK-31716;59377;6417.0
STARLINK-31710;59378;6350.0
STARLINK-31698;59379;6364.0
STARLINK-31680;59380;6348.0
STARLINK-31713;59381;6348.0
STARLINK-31705;59382;6358.0
STARLINK-31709;59383;6382.0
STARLINK-31715;59384;6357.0
STARLINK-31717;59385;6364.0
STARLINK-31688;59386;6365.0
STARLINK-31714;59387;6350.0
STARLINK-31643;59388;6368.0
STARLINK-31647;59389;6359.0
STARLINK-31649;59390;6368.0
STARLINK-31644;59391;6354.0
STARLINK-31626;59392;6369.0
STARLINK-31443;59393;6379.0
STARLINK-31607;59394;6361.0
YAOGAN-42 01;59395;6181.0
STARLINK-31608;59397;6347.0
STARLINK-31534;59398;6315.0
STARLINK-31544;59399;6326.0
STARLINK-31545;59400;6317.0
STARLINK-31507;59401;6321.0
STARLINK-31543;59402;6322.0
STARLINK-31366;59403;6321.0
STARLINK-31374;59404;6359.0
STARLINK-31400;59405;6327.0
STARLINK-31391;59406;6327.0
STARLINK-31387;59407;6321.0
STARLINK-31396;59409;6332.0
STARLINK-31412;59410;6321.0
STARLINK-31483;59411;6321.0
STARLINK-31568;59412;6323.0
STARLINK-31615;59413;6334.0
STARLINK-31457;59414;6328.0
STARLINK-31398;59415;6327.0
STARLINK-31399;59416;6327.0
STARLINK-31401;59417;587.0
STARLINK-31414;59418;6322.0
STARLINK-31415;59419;6326.0
STARLINK-31466;59420;6326.0
STARLINK-11087 [DTC];59421;6424.0
STARLINK-11090 [DTC];59422;6432.0
STARLINK-11093 [DTC];59423;6418.0
STARLINK-11083 [DTC];59424;6426.0
STARLINK-11085 [DTC];59425;6427.0
STARLINK-11089 [DTC];59426;6425.0
STARLINK-31757;59427;6284.0
STARLINK-31773;59429;6280.0
STARLINK-31772;59430;6283.0
STARLINK-31613;59431;6284.0
STARLINK-31780;59432;6284.0
STARLINK-31740;59433;6282.0
STARLINK-31580;59434;6289.0
STARLINK-31696;59435;6284.0
STARLINK-31700;59436;6285.0
STARLINK-31706;59437;6280.0
STARLINK-31711;59438;6288.0
STARLINK-31708;59439;6288.0
STARLINK-31693;59441;6289.0
TSAT-1A;59442;6052.0
HAWK-8A;59443;5980.0
CAPELLA-14 (ACADIA-4);59444;5208.0
HAWK-8B;59445;5983.0
HAWK-9A;59446;5975.0
QPS-SAR-7 (TSUKUYOMI-II);59447;5994.0
HAWK-9C;59448;5976.0
HAWK-8C;59449;5975.0
HAWK-9B;59450;5975.0
CENTAURI-6;59451;5984.0
KORSAT-1;59452;6004.0
STARLINK-31622;59456;6255.0
STARLINK-31319;59457;6256.0
STARLINK-31625;59458;6253.0
STARLINK-31631;59459;6253.0
STARLINK-31620;59460;6253.0
STARLINK-31511;59462;6249.0
STARLINK-31364;59463;6253.0
STARLINK-31597;59464;6244.0
STARLINK-31621;59465;6249.0
STARLINK-31462;59466;6249.0
STARLINK-31592;59467;6255.0
STARLINK-31267;59468;6254.0
STARLINK-31381;59469;6259.0
STARLINK-31546;59470;6256.0
STARLINK-31575;59471;6254.0
STARLINK-31610;59473;6252.0
STARLINK-31581;59474;6260.0
STARLINK-31566;59475;6252.0
STARLINK-31515;59476;6250.0
STARLINK-31531;59477;6312.0
DUMMY SAT 3;59479;386.0
WSF-M;59481;5626.0
STARLINK-31753;59484;6215.0
STARLINK-31733;59486;6214.0
STARLINK-31657;59487;6219.0
STARLINK-31754;59488;6214.0
STARLINK-31638;59489;6215.0
STARLINK-31670;59490;6199.0
STARLINK-31712;59491;6210.0
STARLINK-31684;59492;6204.0
STARLINK-31678;59493;6216.0
STARLINK-31744;59494;6209.0
STARLINK-31719;59495;6214.0
STARLINK-31728;59496;6208.0
STARLINK-31720;59497;6211.0
STARLINK-31731;59498;6213.0
STARLINK-31742;59499;6213.0
STARLINK-31512;59500;6262.0
STARLINK-31458;59501;6214.0
STARLINK-31357;59502;6217.0
STARLINK-31508;59503;6211.0
STARLINK-31535;59504;6207.0
STARLINK-31533;59505;6213.0
STARLINK-31524;59506;6223.0
SUPERVIEW NEO-3 01;59510;5981.0
STARLINK-31635;59511;6144.0
STARLINK-31650;59512;6014.0
STARLINK-31658;59513;601.0
STARLINK-31669;59515;6144.0
STARLINK-31671;59516;6145.0
STARLINK-31674;59517;6144.0
STARLINK-31679;59519;6152.0
STARLINK-31370;59520;6134.0
STARLINK-31404;59521;6017.0
STARLINK-31453;59522;6154.0
STARLINK-31476;59523;6134.0
STARLINK-31376;59524;591.0
STARLINK-31538;59525;6129.0
STARLINK-31564;59526;6140.0
STARLINK-31452;59527;6134.0
STARLINK-31618;59528;6145.0
STARLINK-31513;59529;6148.0
STARLINK-31392;59530;6145.0
STARLINK-31619;59531;6134.0
STARLINK-31624;59532;6149.0
STARLINK-31509;59533;6140.0
STARLINK-31734;59534;5999.0
STARLINK-31738;59535;5998.0
STARLINK-31721;59536;5994.0
STARLINK-31737;59537;5996.0
STARLINK-31725;59538;6131.0
STARLINK-31539;59539;5992.0
STARLINK-31397;59540;6113.0
STARLINK-31481;59541;6120.0
STARLINK-31540;59542;6120.0
STARLINK-31574;59543;6113.0
STARLINK-31556;59544;6119.0
STARLINK-31582;59545;5996.0
STARLINK-31519;59546;6120.0
STARLINK-31736;59547;6007.0
STARLINK-31675;59548;6120.0
STARLINK-31722;59549;6115.0
STARLINK-31741;59550;5994.0
STARLINK-31699;59551;6120.0
STARLINK-31750;59552;5998.0
STARLINK-31723;59553;5998.0
STARLINK-31724;59554;6154.0
STARLINK-31730;59555;5999.0
STARLINK-31718;59556;6119.0
OBJECT A;59557;5900.0
STARLINK-31747;59564;6053.0
STARLINK-31388;59565;6049.0
STARLINK-31332;59566;6055.0
STARLINK-31689;59567;6050.0
STARLINK-31471;59568;6035.0
STARLINK-31470;59569;6039.0
STARLINK-31587;59570;6042.0
STARLINK-31606;59571;6038.0
STARLINK-31666;59572;606.0
STARLINK-31683;59573;6048.0
STARLINK-31751;59574;6052.0
STARLINK-31510;59575;6053.0
STARLINK-31663;59576;6052.0
STARLINK-31692;59577;6049.0
STARLINK-31685;59578;6053.0
STARLINK-31686;59579;6048.0
STARLINK-31668;59580;6053.0
STARLINK-31690;59581;6050.0
STARLINK-31701;59582;6037.0
STARLINK-31697;59583;6040.0
STARLINK-31662;59584;6052.0
STARLINK-31702;59585;6042.0
STARLINK-31704;59586;586.0
NEONSAT-1;59587;5844.0
ACS3;59588;5263.0
GSAT0225 (GALILEO 29);59598;648.0
GSAT0227 (GALILEO 30);59600;651.0
STARLINK-31770;59601;5979.0
STARLINK-31778;59602;5979.0
STARLINK-31776;59603;5846.0
STARLINK-31765;59604;5973.0
STARLINK-31767;59605;5851.0
STARLINK-31782;59606;5846.0
STARLINK-31755;59607;5974.0
STARLINK-31585;59608;5975.0
STARLINK-31667;59609;5851.0
STARLINK-31729;59610;5974.0
STARLINK-31448;59611;5979.0
STARLINK-31748;59612;5974.0
STARLINK-31746;59613;5846.0
STARLINK-31762;59614;5979.0
STARLINK-31761;59615;5973.0
STARLINK-31768;59616;606.0
STARLINK-31769;59617;5978.0
STARLINK-31784;59618;5846.0
STARLINK-31777;59619;5846.0
STARLINK-31771;59620;5850.0
STARLINK-31758;59621;5846.0
STARLINK-31774;59622;5979.0
STARLINK-31763;59623;5977.0
LEGION 1;59625;5690.0
LEGION 2;59626;5685.0
STARLINK-31749;59631;5857.0
STARLINK-31781;59632;5893.0
STARLINK-31541;59633;5901.0
STARLINK-31797;59634;5883.0
STARLINK-31798;59635;5880.0
STARLINK-31802;59636;5884.0
STARLINK-31791;59637;5874.0
STARLINK-31727;59638;5878.0
STARLINK-31807;59639;5878.0
STARLINK-31806;59640;5883.0
STARLINK-31804;59641;5883.0
STARLINK-31660;59642;5947.0
STARLINK-31800;59643;5889.0
STARLINK-31789;59644;5899.0
STARLINK-31795;59645;5943.0
STARLINK-31796;59646;5900.0
STARLINK-31801;59647;5888.0
STARLINK-31790;59648;5941.0
STARLINK-31787;59650;5889.0
STARLINK-31277;59651;5904.0
STARLINK-31799;59652;5886.0
STARLINK-31764;59653;5904.0
STARLINK-31589;59654;5844.0
STARLINK-31665;59655;5842.0
STARLINK-31912;59656;5834.0
STARLINK-31904;59657;5831.0
STARLINK-31858;59658;5838.0
STARLINK-31881;59659;5838.0
STARLINK-31885;59660;5842.0
STARLINK-31880;59661;5838.0
STARLINK-31886;59662;5834.0
STARLINK-31909;59663;5835.0
STARLINK-31910;59664;5836.0
STARLINK-31902;59666;5832.0
STARLINK-31913;59667;5834.0
STARLINK-31866;59668;5853.0
STARLINK-31917;59669;5838.0
STARLINK-31860;59670;5842.0
STARLINK-31854;59671;5851.0
STARLINK-31842;59672;5840.0
STARLINK-31871;59673;5842.0
STARLINK-31875;59674;5845.0
STARLINK-31877;59675;5838.0
STARLINK-31884;59676;5845.0
OBJECT B;59678;5667.0
OBJECT C;59679;5651.0
OBJECT D;59680;5648.0
STARLINK-32108;59682;5799.0
STARLINK-32080;59683;5806.0
STARLINK-32091;59684;5813.0
STARLINK-32085;59685;5809.0
STARLINK-32100;59686;5824.0
STARLINK-32089;59687;5802.0
STARLINK-32103;59688;5814.0
STARLINK-32105;59689;5804.0
STARLINK-32106;59690;5807.0
STARLINK-32090;59691;5792.0
STARLINK-32088;59693;5813.0
STARLINK-32107;59694;5811.0
STARLINK-32104;59695;5811.0
STARLINK-32094;59696;5780.0
STARLINK-32099;59697;5805.0
STARLINK-32096;59698;5810.0
STARLINK-32102;59699;5787.0
STARLINK-32092;59700;5809.0
STARLINK-32093;59701;5803.0
STARLINK-32087;59702;5810.0
STARLINK-32086;59703;5798.0
STARLINK-32098;59704;5809.0
ZHIHUI TIANWANG-1 01A;59705;727.0
ZHIHUI TIANWANG-1 01B;59706;691.0
STARLINK-11107 [DTC];59708;5894.0
STARLINK-11088 [DTC];59709;5902.0
STARLINK-11092 [DTC];59710;5903.0
STARLINK-11082 [DTC];59711;5903.0
STARLINK-11108 [DTC];59712;5894.0
STARLINK-11100 [DTC];59713;5903.0
STARLINK-11094 [DTC];59714;5890.0
STARLINK-11101 [DTC];59715;5891.0
STARLINK-11099 [DTC];59716;5903.0
STARLINK-11084 [DTC];59717;5890.0
STARLINK-11103 [DTC];59718;5890.0
STARLINK-11096 [DTC];59719;5902.0
STARLINK-11095 [DTC];59720;5903.0
STARLINK-31834;59721;5754.0
STARLINK-31843;59722;5758.0
STARLINK-31766;59723;5759.0
STARLINK-31836;59724;5760.0
STARLINK-31820;59725;5758.0
STARLINK-31642;59726;5759.0
STARLINK-31827;59727;5772.0
SHIYAN-23 (SY-23);59728;5439.0
STARLINK-31472;59730;5743.0
STARLINK-31817;59731;5741.0
STARLINK-31841;59732;5789.0
STARLINK-31833;59733;5738.0
STARLINK-31849;59734;5757.0
STARLINK-31661;59735;5751.0
STARLINK-31707;59736;5749.0
STARLINK-31821;59737;5742.0
STARLINK-31819;59738;5729.0
STARLINK-31726;59739;5744.0
STARLINK-31759;59740;5748.0
STARLINK-31818;59741;5747.0
STARLINK-31816;59742;5736.0
STARLINK-31809;59743;5745.0
STARLINK-31779;59744;5743.0
STARLINK-31805;59745;5744.0
STARLINK-31681;59746;5756.0
STARLINK-31636;59747;5747.0
STARLINK-31640;59748;5747.0
STARLINK-31677;59749;5739.0
STARLINK-31783;59750;5749.0
STARLINK-31808;59751;5738.0
STARLINK-31822;59752;5747.0
STARLINK-11125 [DTC];59753;618.0
STARLINK-11118 [DTC];59754;5822.0
STARLINK-11132 [DTC];59755;5822.0
STARLINK-11131 [DTC];59756;5822.0
STARLINK-11114 [DTC];59757;5822.0
STARLINK-11105 [DTC];59758;5824.0
STARLINK-11097 [DTC];59759;5824.0
STARLINK-11098 [DTC];59760;5824.0
STARLINK-11117 [DTC];59761;5824.0
STARLINK-11110 [DTC];59762;5823.0
STARLINK-11104 [DTC];59763;5822.0
STARLINK-11111 [DTC];59764;5824.0
STARLINK-11106 [DTC];59765;5822.0
STARLINK-31739;59766;5699.0
STARLINK-31828;59767;5694.0
STARLINK-31826;59768;5694.0
STARLINK-31830;59769;5694.0
STARLINK-31829;59770;5694.0
STARLINK-31786;59771;5694.0
STARLINK-31835;59772;5695.0
COSMOS 2576;59773;5537.0
OBJECT B;59774;5462.0
OBJECT C;59775;5464.0
OBJECT D;59776;5461.0
OBJECT E;59777;5464.0
OBJECT F;59778;5458.0
OBJECT G;59779;5166.0
OBJECT H;59780;5166.0
OBJECT J;59781;5166.0
STARLINK-31363;59782;5673.0
STARLINK-31868;59783;5677.0
STARLINK-31848;59784;5665.0
STARLINK-31890;59785;5672.0
STARLINK-31862;59786;5659.0
STARLINK-31870;59787;5662.0
STARLINK-31888;59788;5665.0
STARLINK-31863;59789;5670.0
STARLINK-31873;59790;5670.0
STARLINK-31865;59791;5674.0
STARLINK-31823;59794;5670.0
STARLINK-31916;59795;5670.0
STARLINK-31907;59797;5660.0
STARLINK-31687;59798;5658.0
STARLINK-31810;59799;5665.0
STARLINK-31812;59800;5681.0
STARLINK-31815;59801;5660.0
STARLINK-31814;59802;5658.0
STARLINK-31794;59803;5672.0
STARLINK-31824;59804;5665.0
OBJECT A;59805;5451.0
OBJECT B;59806;5450.0
OBJECT C;59807;5450.0
OBJECT D;59808;5449.0
OBJECT K;59809;5409.0
OBJECT A;59810;5396.0
OBJECT B;59811;5536.0
OBJECT C;59812;5424.0
OBJECT D;59813;5430.0
STARLINK-31947;59835;5590.0
STARLINK-31929;59836;5591.0
STARLINK-31927;59837;5587.0
STARLINK-31855;59838;5590.0
STARLINK-31887;59839;5584.0
STARLINK-31925;59840;5592.0
STARLINK-31852;59841;5606.0
STARLINK-31906;59842;5585.0
STARLINK-31857;59843;5590.0
STARLINK-31851;59844;5592.0
STARLINK-31903;59845;5604.0
STARLINK-31922;59846;5584.0
STARLINK-31889;59847;5593.0
STARLINK-31859;59848;5600.0
STARLINK-31895;59849;5590.0
STARLINK-31899;59850;5592.0
STARLINK-31896;59851;5597.0
STARLINK-31897;59852;5619.0
STARLINK-31892;59853;5586.0
STARLINK-31891;59854;5584.0
STARLINK-31882;59855;5594.0
STARLINK-31691;59856;5590.0
STARLINK-31569;59857;5592.0
STARLINK-31654;59858;5580.0
STARLINK-31442;59859;5519.0
STARLINK-31651;59860;5518.0
STARLINK-31584;59862;5508.0
STARLINK-31950;59863;5523.0
STARLINK-31931;59864;5523.0
STARLINK-31938;59865;5588.0
STARLINK-31941;59866;5536.0
STARLINK-31952;59867;5523.0
STARLINK-31921;59868;5560.0
STARLINK-31760;59869;5522.0
STARLINK-31945;59870;5525.0
STARLINK-31937;59871;5520.0
STARLINK-31940;59873;5504.0
STARLINK-31933;59874;5523.0
STARLINK-31936;59875;5561.0
STARLINK-31935;59876;5523.0
STARLINK-31934;59877;5525.0
STARLINK-31943;59878;5507.0
STARLINK-31926;59879;5590.0
STARLINK-31919;59880;5583.0
PREFIRE-2;59881;5340.0
STARLINK-31974;59885;5508.0
STARLINK-31975;59886;5508.0
STARLINK-31976;59887;5512.0
STARLINK-31965;59888;5506.0
STARLINK-31969;59889;5518.0
STARLINK-31951;59890;5503.0
STARLINK-31949;59891;5507.0
STARLINK-31977;59892;5523.0
STARLINK-31963;59893;5519.0
STARLINK-31961;59894;5519.0
STARLINK-31964;59895;5512.0
STARLINK-31905;59896;5523.0
STARLINK-31928;59897;5507.0
STARLINK-31953;59898;5523.0
STARLINK-31942;59899;5515.0
STARLINK-31676;59900;5506.0
STARLINK-31908;59901;5523.0
STARLINK-31914;59902;5505.0
STARLINK-31850;59903;5506.0
STARLINK-31924;59904;5507.0
STARLINK-31898;59905;5523.0
STARLINK-31861;59906;5514.0
STARLINK-31920;59907;5541.0
EARTHCARE;59908;5427.0
TIANQI 25;59909;4889.0
TIANQI 26;59910;4889.0
TIANQI 27;59911;4888.0
TIANQI 28;59912;4888.0
PAKSAT-MM1;59915;350.0
OBJECT A;59917;5244.0
OBJECT B;59918;5243.0
OBJECT C;59919;5249.0
OBJECT D;59920;5251.0
OBJECT E;59921;5248.0
STARLINK-31872;59922;5450.0
STARLINK-31972;59923;5448.0
STARLINK-31958;59924;5455.0
STARLINK-31959;59925;5453.0
STARLINK-31957;59926;5458.0
STARLINK-31968;59927;5453.0
STARLINK-31970;59928;5462.0
STARLINK-31932;59929;5450.0
STARLINK-31956;59930;5449.0
STARLINK-31960;59931;5453.0
STARLINK-31432;59932;5445.0
STARLINK-31853;59933;5456.0
STARLINK-31971;59934;5440.0
STARLINK-31962;59936;5447.0
STARLINK-31879;59937;5452.0
STARLINK-31876;59938;5344.0
STARLINK-31955;59939;5454.0
STARLINK-31946;59940;5451.0
STARLINK-31948;59941;5453.0
STARLINK-31900;59942;5449.0
STARLINK-31973;59943;5443.0
STARLINK-31966;59944;5447.0
STARLINK-11145 [DTC];59945;5487.0
STARLINK-11113 [DTC];59947;5491.0
STARLINK-11123 [DTC];59948;5501.0
STARLINK-11138 [DTC];59949;5500.0
STARLINK-11130 [DTC];59950;5487.0
STARLINK-11124 [DTC];59952;5494.0
STARLINK-11143 [DTC];59953;5495.0
STARLINK-11133 [DTC];59954;5495.0
STARLINK-11144 [DTC];59955;5500.0
STARLINK-11134 [DTC];59956;5483.0
STARLINK-11142 [DTC];59957;5489.0
STARLINK-31995;59958;5364.0
STARLINK-31989;59959;5378.0
STARLINK-31856;59960;5377.0
STARLINK-31993;59961;5364.0
STARLINK-31980;59962;5378.0
STARLINK-31991;59963;5376.0
STARLINK-31979;59964;5370.0
PREFIRE-1;59965;5179.0
OBJECT A;60012;5146.0
OBJECT B;60013;5148.0
OBJECT C;60014;5101.0
STARLINK-31978;60016;5291.0
STARLINK-31987;60017;5297.0
STARLINK-31984;60018;5286.0
STARLINK-31986;60019;5300.0
STARLINK-31883;60020;5293.0
STARLINK-31967;60021;5305.0
STARLINK-31982;60022;5301.0
STARLINK-31992;60023;5303.0
STARLINK-31990;60024;5301.0
STARLINK-31864;60025;5299.0
STARLINK-31939;60026;5300.0
STARLINK-32012;60027;5300.0
STARLINK-32008;60028;5300.0
STARLINK-32006;60029;5301.0
STARLINK-32011;60030;5300.0
STARLINK-31878;60031;5345.0
STARLINK-32017;60032;5301.0
STARLINK-31998;60033;5297.0
STARLINK-32005;60034;5289.0
STARLINK-31981;60035;5291.0
STARLINK-31985;60036;5292.0
STARLINK-31918;60037;5293.0
STARLINK-11129 [DTC];60038;5420.0
STARLINK-11140 [DTC];60039;5414.0
STARLINK-11122 [DTC];60040;5419.0
STARLINK-11149 [DTC];60041;5420.0
STARLINK-11120 [DTC];60042;5371.0
STARLINK-11086 [DTC];60043;5420.0
STARLINK-11148 [DTC];60044;5420.0
STARLINK-11116 [DTC];60045;5420.0
STARLINK-11155 [DTC];60046;5372.0
STARLINK-11163 [DTC];60047;5372.0
STARLINK-11135 [DTC];60048;5372.0
STARLINK-11151 [DTC];60049;5371.0
STARLINK-11137 [DTC];60050;5372.0
STARLINK-31811;60051;5300.0
STARLINK-31775;60052;5283.0
STARLINK-31793;60053;5294.0
STARLINK-31735;60054;5283.0
STARLINK-31788;60055;5289.0
STARLINK-31825;60056;5283.0
STARLINK-31437;60057;5298.0
STARLINK-11181 [DTC];60059;5275.0
STARLINK-11176 [DTC];60060;5253.0
STARLINK-11167 [DTC];60061;5269.0
STARLINK-11166 [DTC];60062;5226.0
STARLINK-11165 [DTC];60063;5228.0
STARLINK-11169 [DTC];60064;5231.0
STARLINK-11102 [DTC];60065;5252.0
STARLINK-11141 [DTC];60066;5257.0
STARLINK-11153 [DTC];60067;5228.0
STARLINK-11170 [DTC];60068;5226.0
STARLINK-11171 [DTC];60069;5226.0
STARLINK-11186 [DTC];60070;5267.0
STARLINK-11184 [DTC];60071;5258.0
STARLINK-32032;60077;5116.0
KINEIS-1B;60079;4823.0
KINEIS-1C;60081;4820.0
KINEIS-1D;60082;4812.0
KINEIS-1E;60083;4822.0
KINEIS-1A;60084;4821.0
ASTRA 1P (SES-24);60086;318.0
CATCH-1;60088;4819.0
SVOM;60089;4817.0
STARLINK-31441;60091;5083.0
STARLINK-32044;60092;5084.0
STARLINK-31239;60093;5083.0
STARLINK-32007;60094;5063.0
STARLINK-32028;60095;5083.0
STARLINK-32016;60096;5079.0
STARLINK-32003;60097;5082.0
STARLINK-32026;60098;5060.0
STARLINK-31732;60099;5084.0
STARLINK-31996;60100;5068.0
STARLINK-31999;60101;5083.0
STARLINK-31954;60102;5058.0
STARLINK-32013;60103;5083.0
STARLINK-32009;60104;5083.0
STARLINK-32018;60105;5083.0
STARLINK-32045;60106;5083.0
STARLINK-32035;60107;5083.0
STARLINK-32042;60108;5083.0
STARLINK-32040;60109;5080.0
STARLINK-32001;60110;5078.0
STARLINK-32015;60111;5084.0
STARLINK-32024;60112;5082.0
STARLINK-11201 [DTC];60113;5166.0
STARLINK-11198 [DTC];60114;5165.0
STARLINK-11112 [DTC];60115;5072.0
STARLINK-11210 [DTC];60116;5072.0
STARLINK-11203 [DTC];60117;5184.0
STARLINK-11177 [DTC];60118;5073.0
STARLINK-11127 [DTC];60119;5071.0
STARLINK-11164 [DTC];60120;5071.0
STARLINK-11119 [DTC];60121;5182.0
STARLINK-11157 [DTC];60122;5073.0
STARLINK-11162 [DTC];60123;5073.0
STARLINK-11161 [DTC];60124;5072.0
STARLINK-11160 [DTC];60125;5182.0
STARLINK-31846;60126;4964.0
STARLINK-31840;60127;4964.0
STARLINK-31813;60128;4964.0
STARLINK-31845;60129;4967.0
STARLINK-31838;60130;4963.0
STARLINK-31785;60131;4964.0
STARLINK-31792;60132;5070.0
GOES 19;60133;295.0
STARLINK-32043;60135;5029.0
STARLINK-32112;60136;5036.0
STARLINK-32050;60137;5005.0
STARLINK-32025;60138;5029.0
STARLINK-31867;60139;5028.0
STARLINK-31694;60140;5037.0
STARLINK-32036;60141;5038.0
STARLINK-32031;60142;5038.0
STARLINK-32027;60143;5037.0
STARLINK-32033;60144;5030.0
STARLINK-32029;60145;5030.0
STARLINK-32127;60146;5029.0
STARLINK-32019;60147;5023.0
STARLINK-32021;60148;5050.0
STARLINK-32022;60149;5037.0
STARLINK-32014;60150;5029.0
STARLINK-32004;60151;5039.0
STARLINK-32147;60152;5028.0
STARLINK-32131;60153;5038.0
STARLINK-32145;60154;5027.0
STARLINK-32137;60155;5026.0
STARLINK-32048;60156;5029.0
STARLINK-32129;60157;5043.0
ZHONGXING-3A;60179;329.0
ILLUMA-T;60181;4968.0
ALOS-4 (DAICHI-4);60182;4674.0
STARLINK-11168 [DTC];60183;5054.0
STARLINK-11187 [DTC];60184;5052.0
STARLINK-11180 [DTC];60185;5053.0
STARLINK-11197 [DTC];60186;5041.0
STARLINK-11194 [DTC];60187;5042.0
STARLINK-11189 [DTC];60188;4922.0
STARLINK-11183 [DTC];60189;5017.0
STARLINK-11179 [DTC];60190;5030.0
STARLINK-11175 [DTC];60191;4922.0
STARLINK-11173 [DTC];60192;5051.0
STARLINK-11172 [DTC];60193;5041.0
STARLINK-11152 [DTC];60194;5048.0
STARLINK-11193 [DTC];60195;5052.0
STARLINK-31869;60196;4821.0
STARLINK-32023;60197;4821.0
STARLINK-32046;60198;4944.0
STARLINK-32049;60199;4945.0
STARLINK-32002;60200;4941.0
STARLINK-32020;60201;4823.0
STARLINK-32041;60202;4946.0
OBJECT A;60203;4766.0
OBJECT B;60204;4807.0
OBJECT C;60205;4783.0
R5-S4;60206;4765.0
R5-S2;60207;4762.0
TECHEDSAT-11;60208;4767.0
MESAT1;60209;4774.0
TIANHUI 5C;60211;4632.0
TIANHUI 5D;60212;4633.0
TURKSAT 6A;60233;309.0
3CAT-4;60236;4606.0
GRBBETA;60237;4598.0
ISTSAT-1;60238;4613.0
OOV-CUBE (TUBSAT-30);60240;4596.0
CURIUM ONE;60242;4600.0
ROBUSTA-3A (MEDITERRANEE);60243;4601.0
CATSAT;60246;4574.0
GAOFEN-11 05;60249;4569.0
STARLINK-32138;60255;4596.0
STARLINK-32212;60256;4565.0
STARLINK-32166;60257;4567.0
STARLINK-32200;60258;4566.0
STARLINK-32207;60259;4566.0
STARLINK-32125;60260;4570.0
STARLINK-32160;60261;4573.0
STARLINK-32163;60262;4567.0
STARLINK-32148;60263;4571.0
STARLINK-32121;60264;4570.0
STARLINK-32120;60265;4571.0
STARLINK-32205;60266;4567.0
STARLINK-32158;60267;4557.0
STARLINK-32167;60268;4567.0
STARLINK-32144;60269;4571.0
STARLINK-32211;60270;4565.0
STARLINK-32164;60271;4514.0
STARLINK-32128;60272;4567.0
STARLINK-32206;60273;4567.0
STARLINK-32155;60274;4560.0
STARLINK-32152;60275;4557.0
STARLINK-32154;60276;4566.0
STARLINK-32135;60277;4567.0
STARLINK-32156;60278;4673.0
STARLINK-32010;60279;4552.0
STARLINK-32118;60280;4551.0
STARLINK-32038;60281;4551.0
STARLINK-32113;60282;4551.0
STARLINK-32037;60283;4550.0
STARLINK-32123;60284;4563.0
STARLINK-32122;60285;4550.0
STARLINK-31656;60286;4551.0
STARLINK-32114;60287;4551.0
STARLINK-31997;60288;4550.0
STARLINK-32000;60289;4551.0
STARLINK-32141;60290;4551.0
STARLINK-32142;60291;4551.0
STARLINK-32149;60292;4550.0
STARLINK-32159;60293;4553.0
STARLINK-32150;60294;4551.0
STARLINK-32126;60295;4552.0
STARLINK-32143;60296;4551.0
STARLINK-32034;60297;4551.0
STARLINK-32124;60298;4551.0
STARLINK-32151;60299;4590.0
STARLINK-32134;60300;4551.0
STARLINK-11147 [DTC];60301;4648.0
STARLINK-11128 [DTC];60302;4648.0
STARLINK-11227 [DTC];60303;4652.0
STARLINK-11224 [DTC];60304;4651.0
STARLINK-11115 [DTC];60305;4642.0
STARLINK-11109 [DTC];60306;4644.0
STARLINK-11223 [DTC];60307;4651.0
STARLINK-11192 [DTC];60308;4649.0
STARLINK-11213 [DTC];60309;4642.0
STARLINK-11200 [DTC];60310;4654.0
STARLINK-11208 [DTC];60311;4640.0
STARLINK-11206 [DTC];60312;4648.0
STARLINK-11205 [DTC];60313;4648.0
STARLINK-32191;60314;4567.0
STARLINK-32194;60315;4558.0
STARLINK-32192;60316;4565.0
STARLINK-32189;60317;4565.0
STARLINK-32190;60318;4570.0
STARLINK-32182;60319;4566.0
STARLINK-32199;60320;4558.0
STARLINK-32198;60321;4565.0
HULIANWAN GAOGUI-02 (HG-02);60327;348.0
STARLINK-31745;60329;4484.0
STARLINK-32153;60330;4468.0
STARLINK-32203;60331;4375.0
STARLINK-32171;60332;4361.0
STARLINK-32133;60333;4361.0
STARLINK-32132;60334;4470.0
STARLINK-32168;60335;4480.0
STARLINK-32079;60336;4483.0
STARLINK-32078;60338;4481.0
STARLINK-32175;60339;4480.0
STARLINK-32176;60340;4481.0
STARLINK-32185;60341;4361.0
STARLINK-32221;60342;4474.0
STARLINK-32083;60343;4458.0
STARLINK-32077;60344;4479.0
STARLINK-32075;60345;4481.0
STARLINK-32082;60346;4476.0
STARLINK-32084;60347;4481.0
STARLINK-32081;60348;4486.0
STARLINK-32181;60349;4460.0
STARLINK-32076;60350;4479.0
STARLINK-32097;60351;4486.0
STRIX-4;60352;4290.0
STARLINK-32285;60355;4456.0
STARLINK-32278;60356;4455.0
STARLINK-32287;60358;4453.0
STARLINK-32290;60359;2558.0
STARLINK-32275;60360;4454.0
STARLINK-32227;60361;4453.0
STARLINK-32256;60362;4452.0
STARLINK-32267;60363;4452.0
STARLINK-32270;60364;4440.0
STARLINK-32188;60365;4459.0
STARLINK-32230;60366;4452.0
STARLINK-32243;60367;4455.0
STARLINK-32271;60368;4453.0
STARLINK-32266;60369;4470.0
STARLINK-32220;60370;4459.0
STARLINK-32263;60371;4444.0
STARLINK-32268;60372;4455.0
STARLINK-32223;60373;4445.0
STARLINK-32180;60374;4453.0
STARLINK-32281;60375;4444.0
STARLINK-32277;60376;4460.0
STARLINK-32269;60377;4459.0
QIANFAN-1;60379;3848.0
QIANFAN-2;60380;3857.0
QIANFAN-3;60381;3848.0
QIANFAN-4;60382;3856.0
QIANFAN-5;60383;3847.0
QIANFAN-6;60384;3866.0
QIANFAN-7;60385;3992.0
QIANFAN-8;60386;3854.0
QIANFAN-9;60387;3848.0
QIANFAN-10;60388;3887.0
QIANFAN-11;60389;3837.0
QIANFAN-12;60390;3844.0
QIANFAN-13;60391;3842.0
QIANFAN-14;60392;3843.0
QIANFAN-15;60393;3851.0
QIANFAN-16;60394;3846.0
QIANFAN-17;60395;3844.0
QIANFAN-18;60396;3868.0
STARLINK-11228 [DTC];60398;4449.0
STARLINK-11182 [DTC];60399;4447.0
STARLINK-11234 [DTC];60400;4449.0
STARLINK-11232 [DTC];60401;4452.0
STARLINK-11139 [DTC];60402;4447.0
STARLINK-11158 [DTC];60403;4449.0
STARLINK-11199 [DTC];60404;4446.0
STARLINK-11081 [DTC];60405;4450.0
STARLINK-11150 [DTC];60406;4454.0
STARLINK-11136 [DTC];60407;4435.0
STARLINK-11196 [DTC];60408;4455.0
STARLINK-11174 [DTC];60409;4448.0
STARLINK-11191 [DTC];60410;4454.0
STARLINK-32244;60411;4352.0
STARLINK-32186;60412;4350.0
STARLINK-32178;60413;4350.0
STARLINK-32234;60414;4351.0
STARLINK-32265;60415;4351.0
STARLINK-32197;60416;4360.0
STARLINK-32255;60417;4346.0
STARLINK-32236;60418;4346.0
CAPELLA-13 (ACADIA-3);60419;4082.0
ASBM-1;60422;555.0
ASBM-2;60423;555.0
STARLINK-32250;60425;4234.0
STARLINK-32226;60426;4324.0
STARLINK-32254;60427;4331.0
STARLINK-32193;60428;4323.0
STARLINK-32242;60429;4332.0
STARLINK-32196;60430;4319.0
STARLINK-32232;60431;4324.0
STARLINK-32246;60432;4314.0
STARLINK-32183;60433;4322.0
STARLINK-32233;60434;4324.0
STARLINK-32222;60435;4324.0
STARLINK-32229;60436;4314.0
STARLINK-32241;60437;4323.0
STARLINK-32240;60438;4322.0
STARLINK-32231;60439;4228.0
STARLINK-32195;60440;4312.0
STARLINK-32177;60441;4318.0
STARLINK-32252;60442;4332.0
STARLINK-32237;60443;4318.0
STARLINK-32249;60444;4329.0
STARLINK-32228;60445;4323.0
STARLINK-32247;60446;4346.0
STARLINK-32101;60447;4312.0
LEGION 3;60452;4128.0
LEGION 4;60453;4013.0
EOS-08;60454;4119.0
YAOGAN-43 01A;60458;4117.0
YAOGAN-43 01B;60459;4112.0
YAOGAN-43 01C;60460;4111.0
YAOGAN-43 01D;60461;4112.0
YAOGAN-43 01E;60462;4788.0
YAOGAN-43 01F;60463;4111.0
YAOGAN-43 01G;60464;4112.0
YAOGAN-43 01H;60465;4111.0
YAOGAN-43 01J;60466;4112.0
OBJECT A;60468;4088.0
WARATAH SEED-1;60469;4091.0
PHISAT 2;60470;4089.0
LEMUR-2-TOMATOKECHUP;60471;4092.0
CONNECTA IOT-1;60472;4087.0
LOPEN;60473;4098.0
ROCK;60474;4094.0
CONNECTA IOT-3;60475;4086.0
QUBE;60476;4097.0
SATORO-T2;60477;4100.0
WREN-1;60478;4095.0
TOMORROW-S1;60479;4090.0
FLOCK 4BE-18;60480;4092.0
FLOCK 4BE-7;60481;4094.0
FLOCK 4BE-4;60482;4123.0
FLOCK 4BE-16;60483;4093.0
FLOCK 4BE-26;60484;4091.0
TOMORROW-S2;60485;4089.0
FLOCK 4BE-36;60486;4093.0
FLOCK 4BE-25;60487;4091.0
FLOCK 4BE-31;60488;4096.0
FLOCK 4BE-20;60489;4091.0
FLOCK 4BE-23;60490;4093.0
FLOCK 4BE-15;60491;4095.0
FLOCK 4BE-17;60492;4091.0
NUSAT-50 (NANCY ROMAN);60493;4092.0
FLOCK 4BE-22;60494;4095.0
FLOCK 4BE-34;60495;4093.0
TYCHE;60496;4089.0
FLOCK 4BE-32;60497;4096.0
NUSAT-48 (HENRIETTA LEAVITT);60498;4094.0
FLOCK 4BE-30;60499;4033.0
NUSAT-49 (KLARA DAN VON NEUMANN);60500;4094.0
FLOCK 4BE-11;60501;4096.0
FLOCK 4BE-33;60502;4092.0
FLOCK 4BE-10;60503;4092.0
YAM-7;60504;4089.0
FLOCK 4BE-24;60505;4094.0
LUR-1;60506;4088.0
TANAGER-1;60507;4125.0
EAGLEEYE;60508;4103.0
FLOCK 4BE-29;60509;4095.0
OBJECT AU;60510;4100.0
FLOCK 4BE-2;60511;4096.0
FLOCK 4BE-13;60512;4095.0
FLOCK 4BE-27;60513;4091.0
FLOCK 4BE-9;60514;4094.0
FLOCK 4BE-8;60515;4093.0
FLOCK 4BE-6;60516;4091.0
FLOCK 4BE-14;60517;4097.0
FLOCK 4BE-1;60518;4095.0
FLOCK 4BE-28;60519;4094.0
IPERDRONE.0;60520;4101.0
OBJECT BF;60521;4109.0
CONNECTA IOT-2;60522;4098.0
PTD-R (TYVAK-0127);60523;4114.0
CONNECTA IOT-4;60524;4095.0
ORESAT0.5;60525;4097.0
DEIMOS;60526;4097.0
CUAVA-2;60527;4092.0
ERNST;60528;4093.0
GAINDESAT-1A;60529;4113.0
TORO;60530;4018.0
HYPSO-2;60531;4020.0
LEMU NGE;60532;4018.0
LEMUR-2-STELLA;60533;4021.0
SATELIOT_2;60534;4019.0
NIGHTJAR;60535;8301.0
LEMUR-2-MARHISYAM;60536;4021.0
SATELIOT_4;60537;4014.0
PICO-02A021;60538;3974.0
ICEYE-X43;60539;4018.0
HAWK-10A;60540;4015.0
UMBRA-09;60541;4027.0
QPS-SAR-8 (AMATERU-IV);60542;4020.0
ARCTIC WEATHER SATELLITE;60543;4011.0
CAPELLA-15 (ACADIA-5);60544;4011.0
HAWK-10B;60545;4020.0
ICEYE-X39;60546;4022.0
UMBRA-10;60547;4028.0
ICEYE-X33;60548;4021.0
ICEYE-X40;60549;4017.0
SATELIOT_1;60550;4016.0
BRO-14;60551;4015.0
SATELIOT_3;60552;4023.0
BRO-15;60553;4021.0
UM5-RIBAT;60554;4020.0
UM5-EOSAT;60555;4020.0
KANYINI;60556;4098.0
TROOP-F2;60557;4107.0
FLOCK 4BE-35;60558;4093.0
FLOCK 4BE-5;60559;4093.0
FLOCK 4BE-12;60560;4095.0
FLOCK 4BE-3;60561;4094.0
HYPERFIELD-1A;60562;4090.0
FLOCK 4BE-19;60563;4095.0
PICO-02C023;60564;4045.0
PTD-4 (LISA-T);60565;4027.0
PICO-02G027;60566;4041.0
PICO-02F026;60567;4046.0
PICO-02I029;60568;4042.0
PICO-02D024;60569;4046.0
PICO-02H028;60570;4046.0
PICO-02B022;60571;4044.0
PICO-02E025;60572;4042.0
ION SCV-012;60573;4014.0
GNOMES-5;60574;4023.0
HAWK-10C;60575;4020.0
LEMUR-2-AHMED-ASRAR;60576;4024.0
LEMUR-2-LLOYD;60577;4025.0
LEMUR-2-SQUIRRELCOMM;60578;4028.0
LEMUR-2-SIERRINI;60579;4020.0
SEDNA-1;60580;4028.0
STARLINK-31844;60583;4195.0
STARLINK-32204;60584;4195.0
STARLINK-32130;60585;4187.0
STARLINK-32173;60586;4197.0
STARLINK-31911;60587;4188.0
STARLINK-31994;60588;4189.0
STARLINK-32169;60589;4201.0
STARLINK-32209;60590;4197.0
STARLINK-32170;60591;4186.0
STARLINK-31497;60592;4196.0
STARLINK-32161;60593;4187.0
STARLINK-32210;60594;4195.0
STARLINK-32202;60595;4201.0
STARLINK-31930;60596;4189.0
STARLINK-32162;60597;4201.0
STARLINK-32208;60598;4196.0
STARLINK-32165;60599;4194.0
STARLINK-31923;60600;4196.0
STARLINK-31988;60601;4188.0
STARLINK-31983;60602;4186.0
STARLINK-31874;60603;4196.0
STARLINK-32039;60604;4193.0
ZHONGXING-4A;60606;274.0
STARLINK-11247 [DTC];60720;4157.0
STARLINK-11259 [DTC];60721;4147.0
STARLINK-11188 [DTC];60722;4164.0
STARLINK-11272 [DTC];60723;4150.0
STARLINK-11261 [DTC];60724;4162.0
STARLINK-11263 [DTC];60725;4157.0
STARLINK-11235 [DTC];60726;4177.0
STARLINK-11080 [DTC];60727;4177.0
STARLINK-11249 [DTC];60728;4166.0
STARLINK-11146 [DTC];60729;4166.0
STARLINK-11255 [DTC];60730;4163.0
STARLINK-11254 [DTC];60731;4163.0
STARLINK-11266 [DTC];60732;4163.0
STARLINK-32253;60733;4069.0
STARLINK-32179;60734;4063.0
STARLINK-32272;60735;4070.0
STARLINK-32280;60736;4070.0
STARLINK-32289;60737;4076.0
STARLINK-32304;60738;4076.0
STARLINK-32235;60739;4074.0
STARLINK-32315;60740;4069.0
OBJECT A;60745;3891.0
OBJECT B;60746;3892.0
OBJECT C;60747;3894.0
OBJECT D;60748;3895.0
OBJECT E;60749;3896.0
OBJECT F;60750;3896.0
STARLINK-11242 [DTC];60903;4131.0
STARLINK-11256 [DTC];60904;4119.0
STARLINK-11159 [DTC];60905;4130.0
STARLINK-11264 [DTC];60906;4121.0
STARLINK-11226 [DTC];60907;4119.0
STARLINK-11229 [DTC];60908;4120.0
STARLINK-11265 [DTC];60909;4124.0
STARLINK-11250 [DTC];60910;4129.0
STARLINK-11190 [DTC];60911;4129.0
STARLINK-11225 [DTC];60912;4125.0
STARLINK-11273 [DTC];60913;4125.0
STARLINK-11248 [DTC];60914;4120.0
STARLINK-11271 [DTC];60915;4125.0
STARLINK-32371;60916;4023.0
STARLINK-32369;60917;4024.0
STARLINK-32317;60918;4023.0
STARLINK-32367;60919;4031.0
STARLINK-32345;60920;4025.0
STARLINK-32356;60921;4031.0
STARLINK-32274;60922;4026.0
STARLINK-32373;60923;4026.0
STARLINK-11239 [DTC];60924;4117.0
STARLINK-11245 [DTC];60925;4116.0
STARLINK-11244 [DTC];60926;4121.0
STARLINK-11243 [DTC];60927;4106.0
STARLINK-11238 [DTC];60928;4121.0
STARLINK-11240 [DTC];60929;4107.0
STARLINK-11251 [DTC];60930;4116.0
STARLINK-11204 [DTC];60931;4117.0
STARLINK-11246 [DTC];60932;4117.0
STARLINK-11207 [DTC];60933;4111.0
STARLINK-11237 [DTC];60934;4118.0
STARLINK-11253 [DTC];60935;4116.0
STARLINK-11241 [DTC];60936;4115.0
STARLINK-32259;60937;4028.0
STARLINK-32262;60938;4054.0
STARLINK-32258;60939;4019.0
STARLINK-32251;60940;4017.0
STARLINK-32224;60941;4026.0
STARLINK-32184;60942;4027.0
STARLINK-32288;60943;4027.0
STARLINK-32276;60944;4033.0
YAOGAN-43 02A;60945;3848.0
YAOGAN-43 02B;60946;3842.0
YAOGAN-43 02C;60947;3842.0
YAOGAN-43 02D;60948;3001.0
YAOGAN-43 02E;60949;3842.0
YAOGAN-43 02F;60950;3842.0
SENTINEL-2C;60989;3573.0
STARLINK-11289 [DTC];60991;4034.0
STARLINK-11282 [DTC];60992;4035.0
STARLINK-11283 [DTC];60993;4033.0
STARLINK-11267 [DTC];60994;4033.0
STARLINK-11269 [DTC];60995;4034.0
STARLINK-11281 [DTC];60996;4032.0
STARLINK-11260 [DTC];60997;4066.0
STARLINK-11287 [DTC];60998;4032.0
STARLINK-11270 [DTC];60999;4034.0
STARLINK-11290 [DTC];61000;4039.0
STARLINK-11274 [DTC];61001;4034.0
STARLINK-11288 [DTC];61002;4035.0
STARLINK-32279;61003;3962.0
STARLINK-32336;61004;3961.0
STARLINK-32284;61005;3953.0
STARLINK-32282;61006;3960.0
STARLINK-32360;61007;3979.0
STARLINK-32340;61008;3957.0
STARLINK-32357;61009;4010.0
STARLINK-32347;61010;3958.0
GEESAT-3 01;61011;3727.0
GEESAT-3 02;61012;3721.0
GEESAT-3 03;61013;3801.0
GEESAT-3 04;61014;3843.0
GEESAT-3 05;61015;3720.0
GEESAT-3 06;61016;3723.0
GEESAT-3 07;61017;3655.0
GEESAT-3 08;61018;3719.0
GEESAT-3 09;61019;3719.0
GEESAT-3 10;61020;3724.0
SPACEMOBILE-003;61045;3685.0
SPACEMOBILE-005;61046;3685.0
SPACEMOBILE-001;61047;3685.0
SPACEMOBILE-002;61048;3685.0
SPACEMOBILE-004;61049;3672.0
STARLINK-11286 [DTC];61050;3817.0
STARLINK-11252 [DTC];61051;3817.0
STARLINK-11284 [DTC];61052;3817.0
STARLINK-11230 [DTC];61053;3921.0
STARLINK-11294 [DTC];61054;3817.0
STARLINK-11268 [DTC];61055;3818.0
STARLINK-11156 [DTC];61056;3818.0
STARLINK-11231 [DTC];61057;3816.0
STARLINK-11299 [DTC];61058;3817.0
STARLINK-11154 [DTC];61059;3817.0
STARLINK-11297 [DTC];61060;3817.0
STARLINK-11233 [DTC];61061;3817.0
STARLINK-11236 [DTC];61062;3906.0
STARLINK-32350;61063;3845.0
STARLINK-32378;61064;3842.0
STARLINK-32321;61065;3849.0
STARLINK-32381;61066;3843.0
STARLINK-32385;61068;3847.0
STARLINK-32380;61069;3845.0
STARLINK-32375;61070;3849.0
CHAMRAN-1;61072;3630.0
OBJECT B;61180;3775.0
GSAT0232 (GALILEO 32);61182;404.0
GSAT0226 (GALILEO 31);61183;402.0
BEIDOU-3 M25;61186;431.0
BEIDOU-3 M27;61187;179.0
JILIN-01 KUANFU 02B 1;61189;3548.0
JILIN-01 KUANFU 02B 2;61190;3548.0
JILIN-01 KUANFU 02B 3;61191;3548.0
JILIN-01 KUANFU 02B 4;61192;3548.0
JILIN-01 KUANFU 02B 5;61193;3548.0
JILIN-01 KUANFU 02B 6;61194;3549.0
TIANQI 29;61195;3303.0
TIANQI 30;61196;3303.0
TIANQI 31;61197;3303.0
TIANQI 32;61198;3305.0
STARLINK-11209 [DTC];61200;3806.0
STARLINK-11257 [DTC];61201;3709.0
STARLINK-11309 [DTC];61202;3711.0
STARLINK-11292 [DTC];61203;3806.0
STARLINK-11302 [DTC];61204;3716.0
STARLINK-11277 [DTC];61205;3806.0
STARLINK-11279 [DTC];61206;3710.0
STARLINK-11091 [DTC];61207;3711.0
STARLINK-11291 [DTC];61208;3713.0
STARLINK-11304 [DTC];61209;3811.0
STARLINK-11307 [DTC];61210;3709.0
STARLINK-11298 [DTC];61211;3709.0
STARLINK-11310 [DTC];61212;3711.0
STARLINK-32386;61213;3630.0
STARLINK-32392;61214;3725.0
STARLINK-32436;61215;3630.0
STARLINK-32425;61216;3627.0
STARLINK-32342;61217;3721.0
STARLINK-32423;61218;3719.0
STARLINK-32248;61219;3724.0
KINEIS-3C;61220;3416.0
KINEIS-3D;61221;3443.0
KINEIS-3E;61222;3444.0
KINEIS-3A;61223;3386.0
KINEIS-3B;61224;3443.0
OBJECT A;61227;3529.0
OBJECT B;61228;3544.0
OBJECT C;61229;3513.0
OBJECT D;61230;3541.0
OBJECT E;61231;3503.0
OBJECT F;61232;3537.0
OBJECT G;61233;3550.0
OBJECT H;61234;3559.0
OBJECT A;61238;3494.0
OBJECT B;61239;3493.0
OBJECT C;61240;3488.0
OBJECT D;61241;3490.0
OBJECT E;61242;3490.0
STARLINK-11300 [DTC];61243;3721.0
STARLINK-11276 [DTC];61244;3705.0
STARLINK-11280 [DTC];61245;3608.0
STARLINK-11308 [DTC];61246;3608.0
STARLINK-11305 [DTC];61247;3737.0
STARLINK-11317 [DTC];61248;3716.0
STARLINK-11293 [DTC];61249;3738.0
STARLINK-11334 [DTC];61250;3706.0
STARLINK-11319 [DTC];61251;3736.0
STARLINK-11318 [DTC];61252;3704.0
STARLINK-11311 [DTC];61253;3727.0
STARLINK-11306 [DTC];61254;3736.0
STARLINK-11313 [DTC];61255;3716.0
STARLINK-32431;61256;3531.0
STARLINK-32432;61257;3662.0
STARLINK-32382;61258;3639.0
STARLINK-32435;61259;3660.0
STARLINK-32474;61260;3658.0
STARLINK-32447;61261;3538.0
STARLINK-32446;61262;3662.0
HULIANWAN GAOGUI-03 (HG-03);61503;281.0
STARLINK-32174;61509;3367.0
STARLINK-32139;61510;3365.0
STARLINK-32140;61511;3356.0
STARLINK-32201;61512;3357.0
STARLINK-32030;61513;3365.0
STARLINK-31837;61514;3365.0
STARLINK-32136;61515;3355.0
STARLINK-32047;61516;3356.0
STARLINK-31756;61517;3359.0
STARLINK-32172;61518;3354.0
STARLINK-32338;61519;3360.0
STARLINK-32306;61520;3356.0
STARLINK-32297;61521;3365.0
STARLINK-32260;61522;3365.0
STARLINK-32305;61523;3355.0
STARLINK-32296;61524;3356.0
STARLINK-32298;61525;3360.0
STARLINK-32293;61526;3364.0
STARLINK-32313;61527;3360.0
STARLINK-32319;61528;3350.0
STARLINK-32351;61529;3361.0
STARLINK-32261;61530;3367.0
STARLINK-32358;61531;3355.0
STARLINK-11354 [DTC];61532;3316.0
STARLINK-11323 [DTC];61533;3314.0
STARLINK-11338 [DTC];61534;3314.0
STARLINK-11362 [DTC];61535;3428.0
STARLINK-11295 [DTC];61536;3314.0
STARLINK-11331 [DTC];61537;3429.0
STARLINK-11325 [DTC];61538;3316.0
STARLINK-11332 [DTC];61539;3314.0
STARLINK-11350 [DTC];61540;3314.0
STARLINK-11357 [DTC];61541;3313.0
STARLINK-11322 [DTC];61542;3421.0
STARLINK-11364 [DTC];61543;3315.0
STARLINK-11349 [DTC];61544;3314.0
STARLINK-32406;61545;3244.0
STARLINK-32445;61546;3244.0
STARLINK-32411;61547;3244.0
STARLINK-32424;61548;3244.0
STARLINK-32389;61549;3244.0
STARLINK-32476;61550;3244.0
STARLINK-32366;61551;3244.0
QIANFAN-19;61552;3948.0
QIANFAN-20;61553;3943.0
QIANFAN-21;61554;3957.0
QIANFAN-22;61555;3936.0
QIANFAN-23;61556;3948.0
QIANFAN-24;61557;3960.0
QIANFAN-25;61558;3946.0
QIANFAN-26;61559;3923.0
QIANFAN-27;61560;3966.0
QIANFAN-28;61561;3966.0
QIANFAN-29;61562;3896.0
QIANFAN-30;61563;3921.0
QIANFAN-31;61564;3914.0
QIANFAN-32;61565;3922.0
QIANFAN-33;61566;3932.0
QIANFAN-34;61567;3939.0
QIANFAN-35;61568;3967.0
QIANFAN-36;61569;3895.0
GAOFEN-12 05;61571;3096.0
STARLINK-11356 [DTC];61574;3353.0
STARLINK-11376 [DTC];61575;3345.0
STARLINK-11372 [DTC];61576;3350.0
STARLINK-11375 [DTC];61577;3352.0
STARLINK-11285 [DTC];61578;3345.0
STARLINK-11275 [DTC];61579;3345.0
STARLINK-11342 [DTC];61580;3355.0
STARLINK-11374 [DTC];61581;3354.0
STARLINK-11373 [DTC];61582;3349.0
STARLINK-11368 [DTC];61583;3345.0
STARLINK-11370 [DTC];61584;3350.0
STARLINK-11361 [DTC];61585;3350.0
STARLINK-11360 [DTC];61586;3355.0
STARLINK-32353;61587;3298.0
STARLINK-32325;61588;3306.0
STARLINK-32416;61589;3306.0
STARLINK-32413;61590;3304.0
STARLINK-32409;61591;3305.0
STARLINK-32422;61592;3306.0
STARLINK-32397;61593;3305.0
ONEWEB-0015;61594;3011.0
ONEWEB-0687;61595;3137.0
ONEWEB-0688;61596;3284.0
ONEWEB-0689;61597;3199.0
ONEWEB-0690;61598;3210.0
ONEWEB-0691;61599;3202.0
ONEWEB-0692;61600;3026.0
ONEWEB-0693;61601;3129.0
ONEWEB-0695;61602;3028.0
ONEWEB-0697;61603;3198.0
ONEWEB-0698;61604;3008.0
ONEWEB-0699;61605;3088.0
ONEWEB-0700;61606;3087.0
ONEWEB-0701;61607;3088.0
ONEWEB-0702;61608;3202.0
ONEWEB-0704;61609;3086.0
ONEWEB-0705;61610;2919.0
ONEWEB-0706;61611;2911.0
ONEWEB-0707;61612;3089.0
ONEWEB-0708;61613;3087.0
OBJECT A;61614;3048.0
STARLINK-32302;61621;3233.0
STARLINK-32364;61622;3227.0
STARLINK-32331;61623;3218.0
STARLINK-32398;61624;3152.0
STARLINK-32365;61625;3229.0
STARLINK-32333;61626;3223.0
STARLINK-32399;61627;3222.0
STARLINK-32421;61628;3224.0
STARLINK-32403;61629;3226.0
STARLINK-32390;61630;3222.0
STARLINK-32348;61631;3218.0
STARLINK-32455;61632;3214.0
STARLINK-32396;61633;3224.0
STARLINK-32355;61634;3223.0
STARLINK-32370;61635;3228.0
STARLINK-32405;61636;3147.0
STARLINK-32419;61637;3225.0
STARLINK-32320;61638;3229.0
STARLINK-32341;61639;3227.0
STARLINK-32339;61640;3229.0
STARLINK-32327;61641;3223.0
STARLINK-32264;61642;3222.0
STARLINK-32337;61643;3234.0
STARLINK-32238;61661;3163.0
STARLINK-32310;61662;3174.0
STARLINK-32308;61663;3162.0
STARLINK-32301;61664;3163.0
STARLINK-32439;61665;3168.0
STARLINK-32428;61666;3173.0
STARLINK-32414;61667;3173.0
STARLINK-32441;61668;3169.0
STARLINK-32400;61669;3174.0
STARLINK-32449;61670;3168.0
STARLINK-32453;61671;3048.0
STARLINK-32443;61672;3048.0
STARLINK-32417;61673;3173.0
STARLINK-32326;61674;3164.0
STARLINK-32294;61675;3048.0
STARLINK-32309;61676;3164.0
STARLINK-32323;61677;3163.0
STARLINK-32363;61678;3170.0
STARLINK-32395;61679;3047.0
STARLINK-32412;61680;3173.0
STARLINK-32426;61681;3166.0
STARLINK-32429;61682;3171.0
STARLINK-11335 [DTC];61687;3179.0
STARLINK-11344 [DTC];61688;3182.0
STARLINK-11312 [DTC];61689;3182.0
STARLINK-11340 [DTC];61690;3182.0
STARLINK-11339 [DTC];61691;3180.0
STARLINK-11315 [DTC];61692;3182.0
STARLINK-11366 [DTC];61693;3182.0
STARLINK-11348 [DTC];61694;3182.0
STARLINK-11327 [DTC];61695;3181.0
STARLINK-11341 [DTC];61696;3182.0
STARLINK-11346 [DTC];61697;3182.0
STARLINK-11336 [DTC];61698;3191.0
STARLINK-11296 [DTC];61699;3184.0
STARLINK-32349;61700;3113.0
STARLINK-32461;61701;3107.0
STARLINK-32299;61702;3124.0
STARLINK-32335;61703;3124.0
STARLINK-32387;61704;3108.0
STARLINK-32515;61705;3108.0
STARLINK-32533;61706;3114.0
STARLINK-32376;61707;3112.0
STARLINK-32402;61708;3117.0
STARLINK-32314;61709;3094.0
STARLINK-32404;61710;3108.0
STARLINK-32312;61711;3117.0
STARLINK-32343;61712;3104.0
STARLINK-32467;61713;3092.0
STARLINK-32440;61714;3085.0
STARLINK-32459;61715;3106.0
STARLINK-32465;61716;3105.0
STARLINK-32457;61717;3116.0
STARLINK-32591;61718;3132.0
STARLINK-32344;61719;3116.0
STARLINK-32322;61720;3106.0
STARLINK-32469;61721;3089.0
STARLINK-32438;61722;3115.0
STARLINK-32540;61723;3142.0
STARLINK-32528;61724;3084.0
STARLINK-32573;61725;3117.0
STARLINK-32478;61726;3103.0
STARLINK-32511;61727;3117.0
STARLINK-32475;61728;3101.0
STARLINK-32442;61729;3101.0
COSMOS 2579;61730;2951.0
DSN-3 (KIRAMEKI-3);61733;194.0
IONOSFERA-M 1;61735;7082.0
IONOSFERA-M 2;61736;7395.0
SITRO-AIS 16;61737;7200.0
SITRO-AIS 15;61738;7200.0
SITRO-AIS 21;61739;7202.0
SITRO-AIS 22;61740;7216.0
SITRO-AIS 24;61741;7214.0
SITRO-AIS 23;61742;7202.0
SITRO-AIS 13;61743;7217.0
OBJECT K;61744;7276.0
POLYTECH UNIVERSE-5;61745;7591.0
COLIBRI-S (RS67S);61746;7589.0
POLYTECH UNIVERSE-4;61747;7589.0
SITRO-AIS 44;61748;7592.0
VIZARD-ION (RS68S);61749;7590.0
OBJECT R;61750;7589.0
OBJECT S;61751;7587.0
SITRO-AIS 14;61752;7531.0
HORS 3 (RS81S);61753;7590.0
HORS 4 (RS82S);61754;7591.0
SITRO-AIS 43;61755;7592.0
SITRO-AIS 42;61756;7592.0
HORIZON (RS59S);61757;7593.0
SITRO-AIS 20;61758;7531.0
SITRO-AIS 19;61759;7531.0
SITRO-AIS 41;61760;7592.0
OBJECT AC;61761;7591.0
ARCTICSAT 1 (RS74S);61762;7593.0
SIT-HSE;61763;7592.0
SIT-2086;61764;7276.0
MORDOVIA-IOT (RS50S);61765;7281.0
RUZAEVKA 390 (RS44S);61766;7280.0
NOKHCHO;61767;7283.0
OBJECT AK;61768;7276.0
KOSAR;61769;7277.0
SITRO-AIS 48;61771;7274.0
HYPERVIEW 1G (RS66S);61772;7275.0
SITRO-AIS 47;61773;7274.0
SITRO-AIS 46;61774;7274.0
OBJECT AS;61775;7271.0
SITRO-AIS 40;61776;7589.0
OBJECT AU;61777;7271.0
SITRO-AIS 39;61778;7274.0
ALTAIR (RS65S);61779;7585.0
SITRO-AIS 37;61780;7274.0
ASRTU-1 (AO-123);61781;7270.0
TUSUR GO (RS78S);61782;7276.0
ZIMSAT-2;61783;7593.0
SAMSAT-IONOSPHERE (RS75S);61784;7589.0
RTU MIREA 1 (RS51S);61785;7274.0
SITRO-AIS 38;61786;7274.0
OBJECT BE;61787;7585.0
SITRO-AIS 45;61788;7272.0
SITRO-AIS 17;61789;7221.0
SITRO-AIS 18;61790;7221.0
PROTOSAT-1;61793;2793.0
STARLINK-32362;61845;3001.0
STARLINK-32472;61846;2937.0
STARLINK-32352;61847;3000.0
STARLINK-32427;61848;3000.0
STARLINK-32346;61849;2991.0
STARLINK-32330;61850;2993.0
STARLINK-32379;61851;2937.0
STARLINK-32433;61852;2993.0
STARLINK-32394;61853;2993.0
STARLINK-32486;61854;2993.0
STARLINK-32391;61855;2930.0
STARLINK-32483;61856;2927.0
STARLINK-32451;61857;2958.0
STARLINK-32556;61858;2925.0
STARLINK-32466;61859;2993.0
STARLINK-32316;61860;2927.0
STARLINK-32415;61861;2929.0
STARLINK-32393;61862;2966.0
STARLINK-32324;61863;2929.0
STARLINK-32318;61864;2993.0
STARLINK-32401;61865;2930.0
STARLINK-32588;61866;2993.0
STARLINK-32569;61867;2930.0
OBJECT A;61869;2803.0
OBJECT B;61870;2804.0
OBJECT C;61871;2804.0
OBJECT D;61872;2804.0
STARLINK-11402 [DTC];61874;2968.0
STARLINK-11316 [DTC];61875;2967.0
STARLINK-11401 [DTC];61876;2967.0
STARLINK-11321 [DTC];61877;2967.0
STARLINK-11314 [DTC];61878;2970.0
STARLINK-11324 [DTC];61879;2970.0
STARLINK-11328 [DTC];61880;2969.0
STARLINK-11329 [DTC];61881;2971.0
STARLINK-11398 [DTC];61882;2969.0
STARLINK-11383 [DTC];61883;2967.0
STARLINK-11359 [DTC];61884;2969.0
STARLINK-11301 [DTC];61885;2971.0
STARLINK-11351 [DTC];61886;2967.0
STARLINK-32410;61887;2908.0
STARLINK-32377;61888;2904.0
STARLINK-32292;61889;2906.0
STARLINK-32501;61890;2907.0
STARLINK-32383;61891;2907.0
STARLINK-32239;61892;2908.0
STARLINK-32489;61893;2907.0
OBJECT A;61894;2767.0
OBJECT B;61895;2771.0
OBJECT C;61896;2764.0
OBJECT D;61897;2767.0
OBJECT E;61898;2764.0
OBJECT F;61899;2770.0
OBJECT G;61900;2765.0
OBJECT H;61901;2772.0
OBJECT J;61902;2764.0
OBJECT K;61903;2770.0
OBJECT L;61904;2765.0
OBJECT M;61905;2767.0
OBJECT N;61906;2774.0
OBJECT P;61907;2769.0
OBJECT Q;61908;2769.0
KOREASAT 6A;61910;182.0
STARLINK-32303;61912;2935.0
STARLINK-32434;61913;606.0
STARLINK-32460;61914;2845.0
STARLINK-32559;61915;2935.0
STARLINK-32541;61916;2860.0
STARLINK-32544;61917;2919.0
STARLINK-32555;61918;2902.0
STARLINK-32547;61919;2870.0
STARLINK-32616;61920;198.0
STARLINK-32605;61921;2846.0
STARLINK-32579;61922;2920.0
STARLINK-32537;61923;2866.0
STARLINK-32564;61924;2930.0
STARLINK-32536;61925;2930.0
STARLINK-32624;61926;2924.0
STARLINK-32622;61927;2924.0
STARLINK-32620;61928;2918.0
STARLINK-32609;61929;2914.0
STARLINK-32567;61930;2928.0
STARLINK-32420;61931;2933.0
STARLINK-32354;61932;2909.0
STARLINK-32361;61933;2870.0
STARLINK-32563;61934;2919.0
STARLINK-32500;61935;2925.0
HAIYANG 4-01;61936;2654.0
STARLINK-11407 [DTC];61939;2948.0
STARLINK-11337 [DTC];61940;2952.0
STARLINK-11353 [DTC];61941;2944.0
STARLINK-11320 [DTC];61942;2945.0
STARLINK-11425 [DTC];61943;2947.0
STARLINK-11422 [DTC];61944;2945.0
STARLINK-11421 [DTC];61945;2944.0
STARLINK-11410 [DTC];61946;2941.0
STARLINK-11390 [DTC];61947;2951.0
STARLINK-11414 [DTC];61948;2951.0
STARLINK-11424 [DTC];61949;2944.0
STARLINK-11423 [DTC];61950;2952.0
STARLINK-11395 [DTC];61951;2948.0
STARLINK-32572;61952;2889.0
STARLINK-32585;61953;2888.0
STARLINK-32574;61954;2890.0
STARLINK-32583;61955;2882.0
STARLINK-32273;61956;2880.0
STARLINK-32359;61957;2882.0
STARLINK-32566;61958;2891.0
STARLINK-32499;61959;2893.0
STARLINK-32372;61960;2876.0
STARLINK-32452;61961;2889.0
STARLINK-32458;61962;2891.0
STARLINK-32487;61963;2892.0
STARLINK-32513;61964;2903.0
STARLINK-32514;61965;2899.0
STARLINK-32498;61966;2901.0
STARLINK-32518;61967;2882.0
STARLINK-32471;61968;2904.0
STARLINK-32450;61969;2884.0
STARLINK-32613;61970;2886.0
STARLINK-32610;61971;2886.0
STARLINK-32612;61972;2892.0
STARLINK-32601;61973;2883.0
STARLINK-32593;61974;2891.0
STARLINK-32586;61975;2892.0
STARLINK-32611;61976;2882.0
STARLINK-32607;61977;2895.0
STARLINK-32606;61978;2887.0
STARLINK-32578;61979;2895.0
STARLINK-32517;61980;2887.0
STARLINK-32522;61981;2891.0
STARLINK-32560;61982;2877.0
OPTUS-X (ADS-01);62006;174.0
STARLINK-11433 [DTC];62008;2892.0
STARLINK-11262 [DTC];62009;2880.0
STARLINK-11326 [DTC];62010;2766.0
STARLINK-11330 [DTC];62011;2864.0
STARLINK-11363 [DTC];62012;2863.0
STARLINK-11377 [DTC];62013;2892.0
STARLINK-11385 [DTC];62014;2870.0
STARLINK-11396 [DTC];62015;2855.0
STARLINK-11393 [DTC];62016;2865.0
STARLINK-11343 [DTC];62017;2766.0
STARLINK-11411 [DTC];62018;2882.0
STARLINK-11404 [DTC];62019;2870.0
STARLINK-11378 [DTC];62020;2758.0
STARLINK-32520;62021;2821.0
STARLINK-32539;62022;2812.0
STARLINK-32334;62023;2834.0
STARLINK-32504;62024;2836.0
STARLINK-32493;62025;2702.0
STARLINK-32561;62026;2837.0
STARLINK-32512;62027;2707.0
GSAT-N2 (GSAT-20);62028;188.0
STARLINK-32637;62032;2775.0
STARLINK-32582;62033;2777.0
STARLINK-32615;62034;2777.0
STARLINK-32592;62035;2780.0
STARLINK-32225;62036;2790.0
STARLINK-32595;62037;2778.0
STARLINK-32477;62038;2776.0
STARLINK-32480;62039;2768.0
STARLINK-32510;62040;2775.0
STARLINK-32456;62041;2779.0
STARLINK-32509;62042;2779.0
STARLINK-32491;62043;2777.0
STARLINK-32577;62044;2784.0
STARLINK-32618;62045;2779.0
STARLINK-32598;62046;2769.0
STARLINK-32630;62047;2777.0
STARLINK-32599;62048;2777.0
STARLINK-32473;62049;2668.0
STARLINK-32492;62050;2777.0
STARLINK-32496;62051;2665.0
STARLINK-32495;62052;2666.0
STARLINK-32494;62053;2667.0
STARLINK-32408;62054;2780.0
STARLINK-32571;62055;2789.0
STARLINK-11465 [DTC];62057;2798.0
STARLINK-11426 [DTC];62058;2792.0
STARLINK-11454 [DTC];62059;2797.0
STARLINK-11473 [DTC];62060;2798.0
STARLINK-11429 [DTC];62061;2797.0
STARLINK-11470 [DTC];62062;2791.0
STARLINK-11427 [DTC];62063;2797.0
STARLINK-11456 [DTC];62064;2798.0
STARLINK-11474 [DTC];62065;2798.0
STARLINK-11463 [DTC];62066;2797.0
STARLINK-11472 [DTC];62067;2791.0
STARLINK-11467 [DTC];62068;2797.0
STARLINK-11460 [DTC];62069;2791.0
STARLINK-32604;62070;2741.0
STARLINK-32553;62071;2739.0
STARLINK-32603;62072;2742.0
STARLINK-32444;62073;2741.0
STARLINK-32619;62074;2734.0
STARLINK-32580;62075;2745.0
STARLINK-32617;62076;2738.0
SZ-18 MODULE;62077;2979.0
SUPERVIEW NEO-2 03;62079;2559.0
SUPERVIEW NEO-2 04;62080;2559.0
KINEIS-5C;62081;2489.0
KINEIS-5D;62082;2490.0
KINEIS-5E;62083;2491.0
KINEIS-5A;62084;2490.0
KINEIS-5B;62085;2493.0
STARLINK-11384 [DTC];62088;2778.0
STARLINK-11379 [DTC];62089;2753.0
STARLINK-11387 [DTC];62090;2775.0
STARLINK-11389 [DTC];62091;2758.0
STARLINK-11388 [DTC];62092;2768.0
STARLINK-11345 [DTC];62093;2768.0
STARLINK-11381 [DTC];62094;2769.0
STARLINK-11369 [DTC];62095;2776.0
STARLINK-11303 [DTC];62096;2763.0
STARLINK-11367 [DTC];62097;2779.0
STARLINK-11386 [DTC];62098;2763.0
STARLINK-11380 [DTC];62099;2753.0
STARLINK-33566;62100;2735.0
STARLINK-33545;62101;2698.0
STARLINK-33562;62102;2691.0
STARLINK-33554;62103;2691.0
STARLINK-33555;62104;2711.0
STARLINK-33557;62106;2764.0
STARLINK-33559;62107;2719.0
STARLINK-33553;62108;2719.0
STARLINK-33556;62109;2722.0
STARLINK-33551;62110;2723.0
GUANGCHUAN 01;62111;2551.0
GUANGCHUAN 02;62112;2550.0
STARLINK-32311;62114;2702.0
STARLINK-32470;62115;2678.0
STARLINK-32502;62116;2682.0
STARLINK-32521;62117;2679.0
STARLINK-32549;62118;2684.0
STARLINK-32535;62119;2672.0
STARLINK-32548;62120;2676.0
STARLINK-32525;62121;2678.0
STARLINK-32628;62122;2689.0
STARLINK-32626;62123;2676.0
STARLINK-32608;62124;2677.0
STARLINK-32488;62125;2657.0
STARLINK-32490;62126;2678.0
STARLINK-32557;62127;2684.0
STARLINK-32568;62128;2641.0
STARLINK-32462;62129;2681.0
STARLINK-32463;62130;2678.0
STARLINK-32550;62131;2672.0
STARLINK-32507;62132;2663.0
STARLINK-32245;62133;2694.0
STARLINK-32546;62134;2660.0
STARLINK-32545;62135;2682.0
STARLINK-32554;62136;2683.0
STARLINK-32570;62137;2689.0
KONDOR-FKA NO. 2;62138;2495.0
STARLINK-32529;62139;2645.0
STARLINK-32464;62140;2640.0
STARLINK-32482;62141;2635.0
STARLINK-32454;62142;2628.0
STARLINK-32485;62143;2605.0
STARLINK-32388;62144;2633.0
STARLINK-32374;62145;2635.0
STARLINK-32384;62146;2650.0
STARLINK-32295;62147;2624.0
STARLINK-32479;62148;2644.0
STARLINK-32468;62149;2632.0
STARLINK-32629;62150;2650.0
STARLINK-32644;62151;2630.0
STARLINK-32623;62152;2638.0
STARLINK-32639;62153;2636.0
STARLINK-32625;62154;2618.0
STARLINK-32635;62155;2617.0
STARLINK-32532;62156;2634.0
STARLINK-32503;62157;2600.0
STARLINK-32508;62158;2641.0
STARLINK-32524;62159;2630.0
STARLINK-32484;62160;2651.0
STARLINK-32497;62161;2647.0
STARLINK-32526;62162;2642.0
STARLINK-32523;62165;2482.0
STARLINK-32551;62166;2477.0
STARLINK-32506;62167;2484.0
STARLINK-32562;62168;2485.0
STARLINK-32558;62169;2486.0
STARLINK-32538;62170;2486.0
STARLINK-32257;62171;2482.0
STARLINK-32407;62172;2478.0
STARLINK-32575;62173;2512.0
STARLINK-32552;62174;2482.0
STARLINK-32534;62175;592.0
STARLINK-32516;62176;2486.0
STARLINK-32542;62177;587.0
STARLINK-32600;62178;2506.0
STARLINK-32584;62179;2477.0
STARLINK-32587;62180;2485.0
STARLINK-32602;62181;2511.0
STARLINK-32565;62182;2482.0
STARLINK-32589;62183;2485.0
STARLINK-32581;62184;2511.0
OBJECT A;62185;2227.0
OBJECT B;62186;2202.0
TJS-13;62188;312.0
HAISHAO-1;62190;2489.0
STARLINK-32686;62192;2576.0
STARLINK-32688;62193;2565.0
STARLINK-32684;62194;2567.0
STARLINK-32672;62195;2449.0
STARLINK-32682;62196;2489.0
STARLINK-32663;62197;2566.0
STARLINK-32640;62198;2451.0
STARLINK-32653;62199;2586.0
STARLINK-32647;62200;2565.0
STARLINK-32667;62201;2563.0
STARLINK-32655;62202;2454.0
STARLINK-32665;62203;2573.0
STARLINK-32664;62204;2562.0
STARLINK-32660;62205;2465.0
STARLINK-32448;62206;2563.0
STARLINK-32430;62207;2569.0
STARLINK-32675;62208;2448.0
STARLINK-32671;62209;2454.0
STARLINK-32670;62210;2559.0
STARLINK-32642;62211;2565.0
STARLINK-32668;62212;2566.0
STARLINK-32669;62213;2450.0
STARLINK-32666;62214;2454.0
STARLINK-32662;62215;2561.0
COSMOS 2580;62216;2224.0
STARLINK-11394 [DTC];62218;2611.0
STARLINK-11490 [DTC];62219;2614.0
STARLINK-11466 [DTC];62220;2616.0
STARLINK-11468 [DTC];62221;2616.0
STARLINK-11488 [DTC];62222;2614.0
STARLINK-11483 [DTC];62223;2608.0
STARLINK-11492 [DTC];62224;2614.0
STARLINK-11471 [DTC];62225;2588.0
STARLINK-11475 [DTC];62226;2608.0
STARLINK-11469 [DTC];62227;2609.0
STARLINK-11476 [DTC];62228;2618.0
STARLINK-11485 [DTC];62229;2595.0
STARLINK-11481 [DTC];62230;2615.0
STARLINK-32650;62231;2570.0
STARLINK-32636;62232;2560.0
STARLINK-32643;62233;2572.0
STARLINK-32652;62234;2572.0
STARLINK-32631;62235;2569.0
STARLINK-32641;62236;2566.0
QIANFAN-37;62238;7030.0
QIANFAN-38;62239;7034.0
QIANFAN-39;62240;7097.0
QIANFAN-40;62241;7066.0
QIANFAN-41;62242;7037.0
QIANFAN-42;62243;7093.0
QIANFAN-43;62244;3898.0
QIANFAN-44;62245;7046.0
QIANFAN-45;62246;7039.0
QIANFAN-46;62247;7034.0
QIANFAN-47;62248;7037.0
QIANFAN-48;62249;7041.0
QIANFAN-49;62250;3896.0
QIANFAN-50;62251;3899.0
QIANFAN-51;62252;3898.0
QIANFAN-52;62253;3907.0
QIANFAN-53;62254;3903.0
QIANFAN-54;62255;7054.0
PROBA-3 CSC;62256;182.0
SXM-9;62259;155.0
SENTINEL-1C;62261;2308.0
STARLINK-32632;62262;2570.0
OBJECT B;62264;2510.0
STARLINK-11496 [DTC];62267;2577.0
STARLINK-11501 [DTC];62268;2569.0
STARLINK-11491 [DTC];62269;2578.0
STARLINK-11479 [DTC];62270;2578.0
STARLINK-11489 [DTC];62271;2567.0
STARLINK-11494 [DTC];62272;2574.0
STARLINK-11333 [DTC];62273;2568.0
STARLINK-11504 [DTC];62274;2574.0
STARLINK-11495 [DTC];62275;2567.0
STARLINK-11498 [DTC];62276;2578.0
STARLINK-11484 [DTC];62277;2574.0
STARLINK-11487 [DTC];62278;2574.0
STARLINK-11499 [DTC];62279;2572.0
STARLINK-33548;62280;2523.0
STARLINK-33544;62281;2515.0
STARLINK-33560;62282;2503.0
STARLINK-33547;62283;2528.0
STARLINK-33563;62284;2515.0
STARLINK-33550;62285;2524.0
STARLINK-33564;62286;2520.0
STARLINK-33546;62287;2506.0
STARLINK-33565;62288;2532.0
STARLINK-33549;62289;2515.0
GJZ 01;62290;2047.0
GJZ 02;62291;2126.0
GJZ 03;62292;2087.0
GJZ 04;62293;2089.0
GJZ 05;62294;2089.0
STARLINK-32648;62301;2334.0
STARLINK-32594;62302;2340.0
STARLINK-32621;62303;2334.0
STARLINK-32597;62304;2340.0
STARLINK-32649;62305;2338.0
STARLINK-32633;62306;2331.0
STARLINK-32646;62307;2340.0
STARLINK-32706;62308;2324.0
STARLINK-32678;62309;2341.0
STARLINK-32696;62310;2337.0
STARLINK-32700;62311;606.0
STARLINK-32698;62312;2337.0
STARLINK-32634;62313;606.0
STARLINK-32651;62314;2331.0
STARLINK-32627;62315;2330.0
STARLINK-32596;62316;2324.0
STARLINK-32519;62317;2341.0
STARLINK-32576;62318;2342.0
STARLINK-32527;62319;2334.0
STARLINK-32481;62320;2341.0
STARLINK-32645;62321;2341.0
STARLINK-32654;62322;2338.0
HULIANWANG DIGUI-01;62323;1966.0
HULIANWANG DIGUI-02;62324;1966.0
HULIANWANG DIGUI-03;62325;1966.0
HULIANWANG DIGUI-04;62326;1969.0
HULIANWANG DIGUI-05;62327;1970.0
HULIANWANG DIGUI-06;62328;1970.0
HULIANWANG DIGUI-07;62329;1966.0
HULIANWANG DIGUI-08;62330;1970.0
HULIANWANG DIGUI-09;62331;1965.0
HULIANWANG DIGUI-10;62332;1965.0
PIESAT-2 09;62333;2229.0
PIESAT-2 10;62334;2229.0
PIESAT-2 11;62335;2231.0
PIESAT-2 12;62336;2229.0
NAVSTAR 83 (USA 440);62339;321.0
TIANQI 33;62365;2033.0
TIANQI 34;62366;2027.0
TIANQI 35;62367;2032.0
TIANQI 36;62368;2032.0
TJS-12;62374;155.0
KORSAT-2;62377;2150.0
TANSTAAFL-2;62378;2180.0
HAWK-11B;62379;2181.0
OBJECT D;62380;2187.0
HAWK-11C;62381;2177.0
HAWK-11A;62382;2186.0
LIZZIESAT-2 (LS-2);62383;2182.0
ICEYE-X49;62384;2164.0
OBJECT J;62385;2180.0
TOMORROW-S4;62386;2176.0
OBJECT L;62387;2185.0
GITAI-SC1;62388;2180.0
ICEYE-X47;62389;2170.0
LASARSAT;62391;2188.0
TOMORROW-S3;62392;2180.0
OBJECT S;62393;2180.0
CROCUBE;62394;2188.0
OBJECT U;62395;2189.0
OBJECT V;62396;2184.0
OBJECT W;62397;2188.0
OBJECT X;62398;2186.0
OBJECT Y;62399;2190.0
XCUBE-1;62400;2177.0
CTC-0;62401;2183.0
DJIBOUTI-1B;62402;2186.0
OBJECT AC;62403;2177.0
OBJECT AD;62404;2185.0
OBJECT AE;62405;2181.0
STRIX-2;62406;2139.0
STARLINK-11444 [DTC];62409;2212.0
STARLINK-11493 [DTC];62410;2212.0
STARLINK-11453 [DTC];62411;2194.0
STARLINK-11462 [DTC];62412;2189.0
STARLINK-11441 [DTC];62413;2213.0
STARLINK-11445 [DTC];62414;2216.0
STARLINK-11355 [DTC];62415;2214.0
STARLINK-11446 [DTC];62416;2210.0
STARLINK-11428 [DTC];62417;2216.0
STARLINK-11447 [DTC];62418;2221.0
STARLINK-11439 [DTC];62419;2173.0
STARLINK-11434 [DTC];62420;2221.0
STARLINK-11461 [DTC];62421;2220.0
STARLINK-32692;62422;2172.0
STARLINK-32680;62423;2175.0
STARLINK-32638;62424;2168.0
STARLINK-32283;62425;2178.0
STARLINK-32676;62426;2172.0
STARLINK-32659;62427;2184.0
STARLINK-32614;62428;2169.0
STARLINK-32418;62429;2157.0
RESURS-P 5;62430;2129.0
STARLINK-32702;62432;2190.0
STARLINK-32712;62433;2184.0
STARLINK-32674;62434;2184.0
STARLINK-32711;62435;2184.0
STARLINK-32697;62436;2189.0
STARLINK-32693;62437;2188.0
STARLINK-32721;62438;2178.0
STARLINK-32709;62439;2189.0
STARLINK-32689;62440;2190.0
STARLINK-32724;62441;2174.0
STARLINK-32291;62442;2153.0
STARLINK-32736;62443;2173.0
STARLINK-32737;62444;2185.0
STARLINK-32683;62445;2185.0
STARLINK-32726;62446;2155.0
STARLINK-32730;62447;2185.0
STARLINK-32719;62448;2169.0
STARLINK-32723;62449;2170.0
STARLINK-32722;62450;595.0
STARLINK-32720;62451;2147.0
STARLINK-32656;62452;606.0
STARLINK-32690;62453;2148.0
ASTRANIS UTILITYSAT;62454;140.0
NUVIEW ALPHA;62455;121.0
AGILA;62456;122.0
NUVIEW BRAVO;62457;124.0
SDX01;62459;2050.0
SDX02;62460;2045.0
STARLINK-11518 [DTC];62462;2206.0
STARLINK-11455 [DTC];62463;2206.0
STARLINK-11459 [DTC];62464;2210.0
STARLINK-11178 [DTC];62465;2188.0
STARLINK-11506 [DTC];62466;2185.0
STARLINK-11486 [DTC];62467;2206.0
STARLINK-11511 [DTC];62468;2204.0
STARLINK-11505 [DTC];62469;2206.0
STARLINK-11497 [DTC];62470;2204.0
STARLINK-11477 [DTC];62471;2206.0
STARLINK-11500 [DTC];62472;2154.0
STARLINK-11464 [DTC];62473;2210.0
STARLINK-11502 [DTC];62474;2200.0
STARLINK-32657;62475;2148.0
STARLINK-32734;62476;2164.0
STARLINK-32733;62477;2165.0
STARLINK-32707;62478;2158.0
STARLINK-32705;62479;2145.0
STARLINK-32743;62480;2162.0
STARLINK-32753;62481;2168.0
STARLINK-32699;62482;2146.0
THURAYA-4;62483;15.0
SHIJIAN-25 (SJ-25);62485;135.0
STARLINK-32713;62487;2054.0
STARLINK-32732;62488;2040.0
STARLINK-32328;62489;2066.0
STARLINK-32332;62490;2069.0
STARLINK-32717;62491;2071.0
STARLINK-32757;62492;2054.0
STARLINK-32731;62493;2059.0
STARLINK-32694;62494;2066.0
STARLINK-32708;62495;2058.0
STARLINK-32718;62496;2055.0
STARLINK-32729;62497;2071.0
STARLINK-32739;62498;2066.0
STARLINK-32714;62499;2070.0
STARLINK-32685;62500;2061.0
STARLINK-32691;62501;2069.0
STARLINK-32788;62502;2048.0
STARLINK-32768;62503;2059.0
STARLINK-32792;62504;2054.0
STARLINK-32725;62505;2060.0
STARLINK-32681;62506;2091.0
STARLINK-32679;62507;2062.0
STARLINK-32749;62508;2059.0
STARLINK-32744;62509;2058.0
STARLINK-32701;62510;2059.0
STARLINK-11452 [DTC];62511;2082.0
STARLINK-11443 [DTC];62512;2085.0
STARLINK-11440 [DTC];62513;1990.0
STARLINK-11514 [DTC];62514;1990.0
STARLINK-11508 [DTC];62515;2086.0
STARLINK-11510 [DTC];62516;2086.0
STARLINK-11512 [DTC];62517;2086.0
STARLINK-11450 [DTC];62518;1989.0
STARLINK-11507 [DTC];62519;1980.0
STARLINK-11482 [DTC];62520;1980.0
STARLINK-11528 [DTC];62521;2080.0
STARLINK-11516 [DTC];62522;1985.0
STARLINK-11527 [DTC];62523;2086.0
STARLINK-32748;62524;2046.0
STARLINK-32777;62525;2037.0
STARLINK-32741;62526;2051.0
STARLINK-32754;62527;1951.0
STARLINK-32786;62528;2045.0
STARLINK-32789;62529;2042.0
STARLINK-32791;62530;2042.0
STARLINK-32785;62531;2047.0
STARLINK-11538 [DTC];62554;1922.0
STARLINK-11534 [DTC];62555;1921.0
STARLINK-11515 [DTC];62556;1927.0
STARLINK-11478 [DTC];62557;1927.0
STARLINK-11358 [DTC];62558;608.0
STARLINK-11517 [DTC];62559;1927.0
STARLINK-11519 [DTC];62560;2039.0
STARLINK-11451 [DTC];62561;2045.0
STARLINK-11530 [DTC];62562;2039.0
STARLINK-11536 [DTC];62563;2044.0
STARLINK-11540 [DTC];62564;1927.0
STARLINK-11523 [DTC];62565;1927.0
STARLINK-11525 [DTC];62566;1920.0
STARLINK-32752;62567;1998.0
STARLINK-32760;62568;1885.0
STARLINK-32715;62569;1993.0
STARLINK-32764;62570;1885.0
STARLINK-32773;62571;1998.0
STARLINK-32750;62572;1886.0
STARLINK-32771;62573;1880.0
STARLINK-32766;62574;1882.0
CENTISPACE-1 S7;62576;1772.0
CENTISPACE-1 S8;62577;1772.0
CENTISPACE-1 S9;62578;1771.0
CENTISPACE-1 S10;62579;1772.0
CENTISPACE-1 S11;62580;1772.0
CENTISPACE-1 S12;62581;1773.0
CENTISPACE-1 S13;62582;1772.0
CENTISPACE-1 S14;62583;1772.0
CENTISPACE-1 S15;62584;1771.0
CENTISPACE-1 S16;62585;1770.0
STARLINK-11547 [DTC];62587;1872.0
STARLINK-11185 [DTC];62588;1993.0
STARLINK-11513 [DTC];62589;1990.0
STARLINK-11397 [DTC];62590;1989.0
STARLINK-11420 [DTC];62591;1989.0
STARLINK-11415 [DTC];62592;1994.0
STARLINK-11413 [DTC];62593;1990.0
STARLINK-11416 [DTC];62594;1977.0
STARLINK-11535 [DTC];62595;1985.0
STARLINK-11532 [DTC];62596;1978.0
STARLINK-11521 [DTC];62597;2000.0
STARLINK-11258 [DTC];62598;1995.0
STARLINK-11529 [DTC];62599;2000.0
STARLINK-32747;62600;1959.0
STARLINK-32767;62601;1966.0
STARLINK-32769;62602;1955.0
STARLINK-32778;62603;1958.0
STARLINK-32710;62604;1955.0
STARLINK-32742;62605;1954.0
STARLINK-32783;62606;1960.0
STARLINK-32784;62607;1961.0
BUZZER-1;62609;1790.0
EDISON-1;62610;1789.0
BALKAN-1;62611;1787.0
GESAT GEN1;62612;1790.0
FLOCK 4G-8;62613;1790.0
OBJECT F;62614;1792.0
OBJECT G;62615;1788.0
INNOCUBE (TUSAT-31);62616;1787.0
SCOT-1 (SCOT);62617;1791.0
OBJECT K;62618;1791.0
IRIS-F3;62619;1789.0
OBJECT M;62620;1790.0
FLOCK 4G-13;62621;1789.0
FLOCK 4G-9;62622;1791.0
OTTER;62623;1789.0
FLOCK 4G-7;62624;1789.0
FLOCK 4G-12;62625;1790.0
OBJECT T;62626;1790.0
RAY 1.0;62627;1789.0
ION SCV-016;62628;1775.0
FLOCK 4G-11;62629;1790.0
ION SCV-014;62630;1781.0
PELICAN-2;62631;1792.0
SIGI;62632;1792.0
FLOCK 4G-26;62633;1790.0
FLOCK 4G-28;62634;1790.0
GARAI-A;62635;1792.0
FLOCK 4G-20;62636;1790.0
FLOCK 4G-24;62637;1790.0
FLOCK 4G-16;62638;1792.0
FLOCK 4G-3;62639;1790.0
OBJECT AH;62640;1793.0
FLOCK 4G-27;62641;1789.0
FLOCK 4G-29;62642;1789.0
FLOCK 4G-32;62643;1789.0
OBJECT AM;62644;1790.0
FLOCK 4G-22;62645;1793.0
FLOCK 4G-25;62646;1793.0
FLOCK 4G-23;62647;1790.0
LIME;62648;1791.0
OBJECT AS;62649;1792.0
FLOCK 4G-34;62650;1790.0
FLOCK 4G-21;62651;1791.0
FLOCK 4G-31;62652;1793.0
PAUSAT-1;62653;1792.0
BRO-16;62654;1790.0
OBJECT AY;62655;1792.0
OBJECT AZ;62656;1791.0
OBJECT BA;62657;1790.0
TROLL;62658;7240.0
FLOCK 4G-4;62659;7551.0
FLOCK 4G-6;62660;7540.0
FLOCK 4G-2;62661;7551.0
FLOCK 4G-5;62663;1790.0
LYRA-1;62664;1782.0
JAY-D2;62665;1791.0
FLOCK 4G-1;62666;1781.0
FLOCK 4G-14;62667;1789.0
JAY-C;62668;7555.0
JAY-D1;62669;7555.0
FLOCK 4G-10;62670;7554.0
SKYBEE-A01;62671;7555.0
OBJECT BR;62672;7553.0
IMPULSE-2 MIRA;62673;7555.0
OBJECT BT;62674;7554.0
FLOCK 4G-36;62675;1792.0
FOSSASAT-2E19 (TAT-E);62676;1791.0
ELEVATION-1;62677;7555.0
FLOCK 4G-15;62678;7554.0
FLOCK 4G-30;62679;7556.0
FLOCK 4G-18;62680;7556.0
FLOCK 4G-17;62681;7552.0
FOREST-3;62682;7553.0
FLOCK 4G-35;62683;7553.0
IRIS-F2;62684;7553.0
FLOCK 4G-33;62685;1789.0
FOSSASAT-2E18 (TAT-A);62686;1788.0
HYPE;62687;1793.0
BLUEBON;62688;1788.0
LOGSATS;62689;1789.0
HADES-R;62690;1785.0
OBJECT CL;62691;1790.0
HYDRA-T;62692;1781.0
OBJECT CN;62693;7551.0
LEMUR-2-WILSON;62694;1760.0
CONNECTA IOT-8;62695;1757.0
LEMUR-2-STAR-FOX;62696;1759.0
IRIDE-MS2-HEO-1;62697;1760.0
ICEYE-X42;62698;1758.0
LEMUR-2-ARIANNA;62699;1759.0
ICEYE-X41;62700;1758.0
FIREFLY-1;62701;1760.0
NORSAT 4;62702;1758.0
CONNECTA IOT-5;62703;1758.0
FIREFLY-2;62704;1760.0
ICEYE-X45;62705;1753.0
LEMUR-2-ALISIA;62706;4018.0
ICEYE-X44;62707;4016.0
CENTAURI-7;62708;1760.0
CONNECTA IOT-6;62709;1759.0
FIREFLY-3;62710;1762.0
LEMUR-2-ROUNDTRIPPER;62711;1761.0
LEMUR-2-MYNAMEISJEFF;62712;1757.0
SATGUS;62713;1764.0
CENTAURI-8;62714;1761.0
CONNECTA IOT-7;62715;1760.0
BLUE RING PATHFINDER;62720;448.0
OBJECT A;62725;1753.0
OBJECT B;62726;1753.0
OBJECT C;62727;1754.0
OBJECT A;62729;1703.0
OBJECT B;62730;1699.0
OBJECT C;62731;1699.0
OBJECT D;62732;1694.0
OBJECT E;62733;1688.0
STARLINK-32806;62735;1723.0
STARLINK-32329;62736;1729.0
STARLINK-32774;62737;1720.0
STARLINK-32802;62738;1729.0
STARLINK-32796;62739;1729.0
STARLINK-32805;62740;1718.0
STARLINK-32770;62741;1728.0
STARLINK-32775;62742;1727.0
STARLINK-32800;62743;1721.0
STARLINK-32758;62744;1725.0
STARLINK-32746;62745;1724.0
STARLINK-32780;62746;1728.0
STARLINK-32765;62747;1726.0
STARLINK-32762;62748;1715.0
STARLINK-32761;62749;1725.0
STARLINK-32763;62750;1718.0
STARLINK-32759;62751;1715.0
STARLINK-32756;62752;1729.0
STARLINK-32751;62753;1718.0
STARLINK-32740;62754;1718.0
STARLINK-32745;62755;1714.0
USA 485;62756;1760.0
USA 486;62757;1749.0
STARLINK-33596;62758;1832.0
STARLINK-33589;62759;1765.0
STARLINK-33575;62760;1840.0
STARLINK-33584;62761;1841.0
STARLINK-33577;62762;1845.0
STARLINK-33597;62763;1839.0
STARLINK-33579;62764;1840.0
STARLINK-33592;62765;1833.0
STARLINK-33595;62766;1845.0
STARLINK-33572;62767;1840.0
STARLINK-33601;62768;1845.0
STARLINK-33569;62769;1845.0
STARLINK-33594;62770;1840.0
STARLINK-33598;62771;1845.0
STARLINK-33600;62772;1839.0
STARLINK-33567;62773;1841.0
STARLINK-33574;62774;1813.0
STARLINK-33576;62775;1835.0
STARLINK-33570;62776;1835.0
STARLINK-33591;62777;1839.0
STARLINK-33573;62778;1842.0
STARLINK-33568;62779;1823.0
STARLINK-33593;62780;1842.0
STARLINK-33588;62781;1848.0
STARLINK-33585;62782;1812.0
STARLINK-33582;62783;1834.0
STARLINK-33581;62784;1839.0
QIANFAN-55;62785;1836.0
QIANFAN-56;62786;1837.0
QIANFAN-57;62787;1833.0
QIANFAN-58;62788;1841.0
QIANFAN-59;62789;1837.0
QIANFAN-60;62790;1836.0
QIANFAN-61;62791;1837.0
QIANFAN-62;62792;1836.0
QIANFAN-63;62793;1844.0
QIANFAN-64;62794;1843.0
QIANFAN-65;62795;1838.0
QIANFAN-66;62796;1842.0
QIANFAN-67;62797;1843.0
QIANFAN-68;62798;1840.0
QIANFAN-69;62799;1845.0
QIANFAN-70;62800;1837.0
QIANFAN-71;62801;1837.0
QIANFAN-72;62802;1839.0
TJS-14;62804;125.0
STARLINK-32883;62806;1776.0
STARLINK-32886;62807;1707.0
STARLINK-32848;62808;179.0
STARLINK-32787;62809;1692.0
STARLINK-32851;62810;1706.0
STARLINK-32847;62811;1807.0
STARLINK-32837;62812;1707.0
STARLINK-32855;62813;1709.0
STARLINK-32843;62814;1692.0
STARLINK-32845;62815;1706.0
STARLINK-32854;62816;600.0
STARLINK-32824;62817;1801.0
STARLINK-32853;62818;1707.0
STARLINK-32856;62819;1798.0
STARLINK-32844;62820;1709.0
STARLINK-32782;62821;1710.0
STARLINK-32842;62822;1702.0
STARLINK-32823;62823;1707.0
STARLINK-32852;62824;1788.0
STARLINK-32825;62825;1706.0
STARLINK-32704;62826;605.0
STARLINK-32838;62827;1822.0
STARLINK-32727;62828;1789.0
STARLINK-11548 [DTC];62829;1750.0
STARLINK-11480 [DTC];62830;1756.0
STARLINK-11559 [DTC];62831;1655.0
STARLINK-11549 [DTC];62832;1656.0
STARLINK-11554 [DTC];62833;1655.0
STARLINK-11520 [DTC];62834;1754.0
STARLINK-11546 [DTC];62835;1655.0
STARLINK-11533 [DTC];62836;1656.0
STARLINK-11557 [DTC];62837;1756.0
STARLINK-11556 [DTC];62838;1756.0
STARLINK-11524 [DTC];62839;1750.0
STARLINK-11551 [DTC];62840;1751.0
STARLINK-11531 [DTC];62841;1752.0
STARLINK-32755;62842;1726.0
STARLINK-32797;62843;1720.0
STARLINK-32794;62844;1684.0
STARLINK-32807;62845;1726.0
STARLINK-32804;62846;1723.0
STARLINK-32799;62847;1723.0
STARLINK-32781;62848;1721.0
STARLINK-32809;62849;1723.0
NVS-02 (IRNSS-1K);62850;180.0
SPAINSAT NG I;62852;96.0
STARLINK-32868;62854;1663.0
STARLINK-32867;62855;1675.0
STARLINK-32860;62856;1666.0
STARLINK-32873;62857;1664.0
STARLINK-32866;62858;1666.0
STARLINK-32869;62859;1676.0
STARLINK-32831;62860;1663.0
STARLINK-32859;62861;1655.0
STARLINK-32864;62862;1666.0
STARLINK-32808;62863;1643.0
STARLINK-32862;62864;1670.0
STARLINK-32841;62865;606.0
STARLINK-32695;62866;1664.0
STARLINK-32846;62867;1675.0
STARLINK-32822;62868;1674.0
STARLINK-32813;62869;1668.0
STARLINK-32861;62870;1666.0
STARLINK-32814;62871;1579.0
STARLINK-32849;62872;1675.0
STARLINK-32833;62873;1659.0
STARLINK-32793;62874;1669.0
STARLINK-32834;62875;1651.0
QZS-6 (MICHIBIKI-6);62876;94.0
STARLINK-11371 [DTC];62879;1615.0
STARLINK-11352 [DTC];62880;1610.0
STARLINK-11382 [DTC];62881;1615.0
STARLINK-11432 [DTC];62882;1659.0
STARLINK-11419 [DTC];62883;1611.0
STARLINK-11437 [DTC];62884;1660.0
STARLINK-11442 [DTC];62885;1660.0
STARLINK-11365 [DTC];62886;1661.0
STARLINK-11436 [DTC];62887;1650.0
STARLINK-11438 [DTC];62888;1661.0
STARLINK-11391 [DTC];62889;1661.0
STARLINK-11431 [DTC];62890;1660.0
STARLINK-11435 [DTC];62891;1615.0
STARLINK-32878;62892;1617.0
STARLINK-32892;62893;1626.0
STARLINK-32909;62894;1620.0
STARLINK-32901;62895;1619.0
STARLINK-32890;62896;1624.0
STARLINK-32893;62897;1623.0
STARLINK-32902;62898;1621.0
STARLINK-32661;62899;1623.0
LEGION 5;62900;1413.0
LEGION 6;62901;1486.0
COSMOS 2581;62902;1444.0
COSMOS 2582;62903;1441.0
COSMOS 2583;62904;1440.0
STARLINK-11552 [DTC];62907;1590.0
STARLINK-11561 [DTC];62908;1578.0
STARLINK-11567 [DTC];62909;1584.0
STARLINK-11569 [DTC];62910;1584.0
STARLINK-11537 [DTC];62911;1589.0
STARLINK-11565 [DTC];62912;1579.0
STARLINK-11564 [DTC];62913;1582.0
STARLINK-11566 [DTC];62914;1589.0
STARLINK-11555 [DTC];62915;1588.0
STARLINK-11430 [DTC];62916;1590.0
STARLINK-11560 [DTC];62917;1583.0
STARLINK-11562 [DTC];62918;1585.0
STARLINK-11457 [DTC];62919;1585.0
STARLINK-32921;62920;1540.0
STARLINK-32917;62921;1556.0
STARLINK-32916;62922;1554.0
STARLINK-32905;62923;1556.0
STARLINK-32871;62924;1556.0
STARLINK-32920;62925;1556.0
STARLINK-32922;62926;1546.0
STARLINK-32891;62927;1551.0
KINEIS-2C;62929;1374.0
KINEIS-2D;62930;1375.0
KINEIS-2E;62931;1376.0
KINEIS-2A;62932;1374.0
KINEIS-2B;62934;1375.0
STARLINK-32728;62948;1531.0
STARLINK-32857;62949;1531.0
STARLINK-32850;62950;1523.0
STARLINK-32875;62951;1528.0
STARLINK-32865;62952;1527.0
STARLINK-32884;62953;1528.0
STARLINK-32874;62954;1525.0
STARLINK-32880;62955;1531.0
STARLINK-32815;62956;1528.0
STARLINK-32879;62957;1532.0
STARLINK-32885;62958;1532.0
STARLINK-32896;62959;1532.0
STARLINK-32877;62960;1517.0
STARLINK-32889;62961;1530.0
STARLINK-32858;62962;1522.0
STARLINK-32882;62963;1526.0
STARLINK-32887;62964;1527.0
STARLINK-32836;62965;1522.0
STARLINK-32888;62966;1519.0
STARLINK-32897;62967;1530.0
STARLINK-32863;62968;1525.0
STARLINK-32894;62969;1526.0
STARLINK-32826;62970;1530.0
HULIANWANG DIGUI-11;62971;1263.0
HULIANWANG DIGUI-12;62972;1245.0
HULIANWANG DIGUI-13;62973;1264.0
HULIANWANG DIGUI-14;62974;1263.0
HULIANWANG DIGUI-15;62975;1256.0
HULIANWANG DIGUI-16;62976;1255.0
HULIANWANG DIGUI-17;62977;1264.0
HULIANWANG DIGUI-18;62978;1259.0
HULIANWANG DIGUI-19;62979;1258.0
STARLINK-11543 [DTC];62981;1546.0
STARLINK-11458 [DTC];62982;1544.0
STARLINK-11417 [DTC];62983;1545.0
STARLINK-11544 [DTC];62984;1540.0
STARLINK-11582 [DTC];62985;1545.0
STARLINK-11571 [DTC];62986;1546.0
STARLINK-11539 [DTC];62987;1544.0
STARLINK-11542 [DTC];62988;1527.0
STARLINK-11573 [DTC];62989;1539.0
STARLINK-11572 [DTC];62990;1546.0
STARLINK-11583 [DTC];62991;1545.0
STARLINK-11570 [DTC];62992;1544.0
STARLINK-11576 [DTC];62993;1544.0
STARLINK-32899;62994;1507.0
STARLINK-32819;62995;1509.0
STARLINK-32703;62996;1509.0
STARLINK-32881;62997;1510.0
STARLINK-32898;62998;1509.0
STARLINK-32658;62999;1509.0
STARLINK-32673;63000;1510.0
STARLINK-32437;63001;1507.0
OBJECT DM;63002;7555.0
FOSSASAT-2E20 (TAT-O);63003;7556.0
OBJECT DP;63004;1798.0
STARLINK-11448 [DTC];63005;611.0
STARLINK-11553 [DTC];63006;1490.0
STARLINK-11526 [DTC];63007;1491.0
STARLINK-11405 [DTC];63008;1478.0
STARLINK-11586 [DTC];63009;1484.0
STARLINK-11574 [DTC];63010;1485.0
STARLINK-11580 [DTC];63011;1476.0
STARLINK-11449 [DTC];63012;1481.0
STARLINK-11577 [DTC];63013;1484.0
STARLINK-11578 [DTC];63014;1492.0
STARLINK-11541 [DTC];63015;1495.0
STARLINK-11545 [DTC];63016;1494.0
STARLINK-11400 [DTC];63017;1494.0
STARLINK-32870;63018;1463.0
STARLINK-32872;63019;1459.0
STARLINK-32677;63020;1455.0
STARLINK-32929;63021;1458.0
STARLINK-32944;63022;1456.0
STARLINK-32943;63023;1463.0
STARLINK-32803;63024;1435.0
STARLINK-32926;63025;1457.0
GLOBAL-31;63027;1276.0
STARLINK-32798;63029;1402.0
STARLINK-32779;63030;1401.0
STARLINK-32716;63031;1406.0
STARLINK-32776;63032;1283.0
STARLINK-32772;63033;1282.0
STARLINK-32830;63034;1282.0
STARLINK-32801;63035;1283.0
STARLINK-32818;63036;1284.0
STARLINK-32810;63037;1282.0
STARLINK-32812;63038;1284.0
STARLINK-32811;63039;1395.0
STARLINK-32832;63040;1284.0
STARLINK-32820;63041;1289.0
STARLINK-32795;63042;1283.0
STARLINK-32827;63043;1408.0
STARLINK-32735;63044;1282.0
STARLINK-32828;63045;1408.0
STARLINK-32738;63046;1283.0
STARLINK-32590;63047;606.0
STARLINK-32790;63048;1285.0
STARLINK-32829;63049;1281.0
STARLINK-32816;63050;1281.0
STARLINK-32835;63051;1280.0
STARLINK-11550 [DTC];63052;1392.0
STARLINK-11563 [DTC];63053;1381.0
STARLINK-11347 [DTC];63054;1394.0
STARLINK-11558 [DTC];63055;612.0
STARLINK-11392 [DTC];63056;1388.0
STARLINK-11406 [DTC];63057;1373.0
STARLINK-11418 [DTC];63058;1376.0
STARLINK-11509 [DTC];63059;1274.0
STARLINK-11403 [DTC];63060;1274.0
STARLINK-11409 [DTC];63061;1379.0
STARLINK-11412 [DTC];63062;1392.0
STARLINK-11399 [DTC];63063;1394.0
STARLINK-11408 [DTC];63064;1395.0
STARLINK-33635;63065;606.0
STARLINK-33622;63066;606.0
STARLINK-33628;63067;1377.0
STARLINK-33627;63068;1376.0
STARLINK-33620;63069;1376.0
STARLINK-33604;63070;601.0
STARLINK-33624;63071;1366.0
STARLINK-33623;63072;607.0
STARLINK-33586;63073;1378.0
STARLINK-33605;63074;1376.0
ZHONGXING-10R;63075;91.0
STARLINK-32839;63077;1343.0
STARLINK-32821;63078;1332.0
STARLINK-32817;63079;1334.0
STARLINK-32906;63080;1349.0
STARLINK-32895;63081;1334.0
STARLINK-32933;63082;1339.0
STARLINK-32932;63083;1330.0
STARLINK-32908;63084;1318.0
STARLINK-32505;63085;1344.0
STARLINK-32914;63086;1349.0
STARLINK-32918;63087;1348.0
STARLINK-32912;63088;1354.0
STARLINK-32910;63089;1349.0
STARLINK-32903;63090;1330.0
STARLINK-32925;63091;1343.0
STARLINK-32924;63092;1349.0
STARLINK-32900;63093;1331.0
STARLINK-32927;63094;1339.0
STARLINK-32907;63095;1340.0
STARLINK-32911;63096;1349.0
STARLINK-32923;63097;1344.0
STARLINK-32913;63098;1343.0
STARLINK-11629 [DTC];63104;1303.0
STARLINK-11624 [DTC];63105;1221.0
STARLINK-11584 [DTC];63106;1225.0
STARLINK-11627 [DTC];63107;1221.0
STARLINK-11632 [DTC];63108;1302.0
STARLINK-11625 [DTC];63109;1220.0
STARLINK-11601 [DTC];63110;1302.0
STARLINK-11630 [DTC];63111;1296.0
STARLINK-11590 [DTC];63112;1293.0
STARLINK-11598 [DTC];63113;1226.0
STARLINK-11600 [DTC];63114;1222.0
STARLINK-11597 [DTC];63115;1227.0
STARLINK-11591 [DTC];63116;1221.0
STARLINK-32955;63117;1203.0
STARLINK-32945;63118;1199.0
STARLINK-32941;63119;1284.0
STARLINK-32942;63120;1204.0
STARLINK-32947;63121;1203.0
STARLINK-32961;63122;1280.0
STARLINK-32948;63123;1204.0
STARLINK-32957;63124;1279.0
SUPERVIEW NEO-1 03;63125;1134.0
SUPERVIEW NEO-1 04;63126;1137.0
COSMOS 2584 [GLONASS-K2];63130;150.0
STARLINK-11609 [DTC];63132;1214.0
STARLINK-11604 [DTC];63133;1201.0
STARLINK-11605 [DTC];63134;1202.0
STARLINK-11610 [DTC];63135;1202.0
STARLINK-11613 [DTC];63136;1215.0
STARLINK-11616 [DTC];63137;1219.0
STARLINK-11611 [DTC];63138;1215.0
STARLINK-11628 [DTC];63139;1215.0
STARLINK-11607 [DTC];63140;1213.0
STARLINK-11522 [DTC];63141;1191.0
STARLINK-11503 [DTC];63142;1195.0
STARLINK-11579 [DTC];63143;1207.0
STARLINK-11581 [DTC];63144;1219.0
STARLINK-32949;63145;1188.0
STARLINK-32952;63146;1188.0
STARLINK-32936;63147;1194.0
STARLINK-32937;63148;1128.0
STARLINK-32939;63149;1197.0
STARLINK-32919;63150;1124.0
STARLINK-32876;63151;1129.0
STARLINK-32915;63152;1193.0
SEDNA-2;63153;1779.0
TJS-15;63157;74.0
QIANFAN-73;63159;1853.0
QIANFAN-74;63160;1856.0
QIANFAN-75;63161;1847.0
QIANFAN-76;63162;1848.0
QIANFAN-77;63163;1861.0
QIANFAN-78;63164;1857.0
QIANFAN-79;63165;1849.0
QIANFAN-80;63166;1860.0
QIANFAN-81;63167;1853.0
QIANFAN-82;63168;1856.0
QIANFAN-83;63169;1849.0
QIANFAN-84;63170;1851.0
QIANFAN-85;63171;1855.0
QIANFAN-86;63172;1860.0
QIANFAN-87;63173;1856.0
QIANFAN-88;63174;1863.0
QIANFAN-89;63175;1851.0
QIANFAN-90;63176;1853.0
PUNCH-NFI (SMEX 15A);63178;903.0
PUNCH-WFI 1 (SMEX 15B);63179;907.0
PUNCH-WFI 3 (SMEX 15D);63180;903.0
PUNCH-WFI 2 (SMEX 15C);63181;909.0
SPHEREX (MIDEX 9);63182;908.0
STARLINK-11602 [DTC];63183;1077.0
STARLINK-11617 [DTC];63184;1120.0
STARLINK-11618 [DTC];63185;1072.0
STARLINK-11646 [DTC];63186;1119.0
STARLINK-11622 [DTC];63187;1077.0
STARLINK-11642 [DTC];63188;1119.0
STARLINK-11639 [DTC];63189;1076.0
STARLINK-11637 [DTC];63190;1077.0
STARLINK-11647 [DTC];63191;1120.0
STARLINK-11643 [DTC];63192;1119.0
STARLINK-11635 [DTC];63193;1119.0
STARLINK-11636 [DTC];63194;1119.0
STARLINK-11631 [DTC];63195;1115.0
STARLINK-32946;63196;1071.0
STARLINK-32960;63197;1069.0
STARLINK-32904;63198;1108.0
STARLINK-32931;63199;1126.0
STARLINK-32934;63200;1107.0
STARLINK-32938;63201;1108.0
STARLINK-32935;63202;1107.0
STARLINK-32930;63203;1066.0
QPS-SAR-9;63205;886.0
OBJECT A;63208;894.0
NUSHSAT1;63211;901.0
IOD-1;63212;909.0
OBJECT D;63213;901.0
OBJECT E;63214;901.0
OBJECT F;63215;901.0
BOTSAT-1;63216;900.0
OBJECT H;63217;901.0
OBJECT J;63218;905.0
OBJECT K;63219;905.0
AEROCUBE 18A;63220;908.0
OBJECT M;63221;908.0
AEROCUBE 18B;63222;908.0
DROID.002;63223;900.0
PIONEER-03 (WINNEBAGO-3);63224;900.0
TOMORROW-S6;63225;908.0
OBJECT S;63226;904.0
CLARITY-1;63227;908.0
OBJECT U;63228;908.0
OBJECT V;63229;900.0
ION SCV-017;63230;908.0
M-SEL/CORTEZ;63231;908.0
SPHINX/FRAZIER;63232;908.0
LIZZIESAT-3 (LS-3);63233;900.0
TOMORROW-S5;63234;904.0
OTP-2;63235;908.0
ORBASTRO-TR5;63236;899.0
OBJECT AD;63237;900.0
OBJECT AE;63238;908.0
OBJECT AF;63239;900.0
AL MUNTHER;63240;908.0
OBJECT AH;63241;907.0
OBJECT AJ;63242;899.0
OBJECT AK;63243;900.0
PANDORE;63244;887.0
BUCCANEER MM;63245;891.0
LEMUR-2-LEIA-PHILIP;63246;883.0
OBJECT AP;63247;887.0
LEMUR-2-LIA-MARTIN;63248;883.0
OBJECT AR;63249;886.0
OBJECT AS;63250;883.0
UVSQ-SAT NG;63251;883.0
ARVAKER-1;63252;887.0
ICEYE-X48;63253;887.0
YAM-8;63254;889.0
ICEYE-X50;63255;891.0
OBJECT AY;63256;883.0
ICEYE-X51;63257;891.0
ICEYE-X46;63258;884.0
LEMUR-2-DELOITTE-1;63259;888.0
OBJECT BC;63260;883.0
LEMUR-2-EMERSONROSE;63261;892.0
LEMUR-2-MARACHE-FRAN;63262;884.0
SOAP;63263;892.0
LEMUR-2-THEFALCONER;63264;888.0
STARLINK-11654 [DTC];63265;1046.0
STARLINK-11659 [DTC];63266;1031.0
STARLINK-11653 [DTC];63267;1046.0
STARLINK-11641 [DTC];63268;1046.0
STARLINK-11638 [DTC];63269;1031.0
STARLINK-11614 [DTC];63270;1035.0
STARLINK-11620 [DTC];63271;1035.0
STARLINK-11619 [DTC];63272;1026.0
STARLINK-11621 [DTC];63273;1026.0
STARLINK-11615 [DTC];63274;1026.0
STARLINK-11608 [DTC];63275;1025.0
STARLINK-11623 [DTC];63276;1034.0
STARLINK-11612 [DTC];63277;1027.0
STARLINK-33660;63278;601.0
STARLINK-33611;63279;1034.0
STARLINK-33646;63280;1030.0
STARLINK-33665;63281;609.0
STARLINK-33603;63282;1032.0
STARLINK-33669;63283;1037.0
STARLINK-33673;63284;1029.0
STARLINK-33662;63285;609.0
STARLINK-33613;63286;606.0
STARLINK-33680;63287;609.0
COSMOS 2585;63288;713.0
COSMOS 2586;63289;712.0
COSMOS 2587;63290;716.0
OBJECT A;63291;859.0
OBJECT B;63292;855.0
OBJECT C;63293;854.0
OBJECT D;63294;854.0
OBJECT E;63295;854.0
OBJECT F;63296;854.0
OBJECT G;63297;855.0
OBJECT H;63298;855.0
KINEIS-4E;63300;826.0
KINEIS-4C;63301;827.0
KINEIS-4D;63302;826.0
KINEIS-4A;63303;827.0
KINEIS-4B;63304;825.0
STARLINK-11568 [DTC];63307;875.0
STARLINK-11575 [DTC];63308;874.0
STARLINK-11585 [DTC];63309;874.0
STARLINK-11587 [DTC];63310;983.0
STARLINK-11589 [DTC];63311;986.0
STARLINK-11650 [DTC];63312;993.0
STARLINK-11648 [DTC];63313;950.0
STARLINK-11640 [DTC];63314;869.0
STARLINK-11652 [DTC];63315;983.0
STARLINK-11645 [DTC];63316;988.0
STARLINK-11633 [DTC];63317;985.0
STARLINK-11593 [DTC];63318;989.0
STARLINK-11588 [DTC];63319;985.0
STARLINK-33671;63320;978.0
STARLINK-33650;63321;954.0
STARLINK-33689;63322;981.0
STARLINK-33607;63323;944.0
STARLINK-33619;63324;976.0
STARLINK-33612;63325;974.0
STARLINK-33672;63326;981.0
STARLINK-33625;63327;983.0
STARLINK-33699;63328;974.0
STARLINK-33674;63329;981.0
YUNYAO-1 43;63344;795.0
YUNYAO-1 44;63345;795.0
YUNYAO-1 45;63346;796.0
YUNYAO-1 46;63347;796.0
YUNYAO-1 47;63348;795.0
YUNYAO-1 48;63349;795.0
LEMUR-2-UNTITLED-SC;63351;712.0
LEMUR-2-ESPERANZA;63352;717.0
LEMUR-2-KREMPEL-BRO2;63353;712.0
LEMUR-2-THERMORAPTOR;63354;714.0
LEMUR-2-NEUROSPICY;63355;713.0
LEMUR-2-TILLINFINITY;63356;713.0
LEMUR-2-KREMPEL-BRO1;63357;713.0
LEMUR-2-LANGER2SPACE;63358;713.0
TIANLIAN 2-04;63361;58.0
STARLINK-32840;63363;855.0
STARLINK-32543;63364;861.0
STARLINK-33741;63365;860.0
STARLINK-33742;63366;848.0
STARLINK-33734;63367;848.0
STARLINK-33578;63368;851.0
STARLINK-33626;63369;849.0
STARLINK-33657;63370;619.0
STARLINK-33648;63371;860.0
STARLINK-33614;63372;862.0
STARLINK-33617;63373;853.0
STARLINK-33618;63374;861.0
STARLINK-33621;63375;855.0
STARLINK-33539;63376;851.0
STARLINK-33634;63377;860.0
STARLINK-33640;63378;859.0
STARLINK-33636;63379;619.0
STARLINK-33653;63380;850.0
STARLINK-33643;63381;859.0
STARLINK-33633;63382;850.0
STARLINK-33748;63383;856.0
STARLINK-33658;63384;862.0
STARLINK-33616;63385;846.0
STARLINK-33571;63386;849.0
STARLINK-33533;63387;854.0
STARLINK-33629;63388;848.0
STARLINK-33656;63389;857.0
LEMUR-2-BALTO;63395;884.0
TJS-16;63397;37.0
STARLINK-33531;63399;751.0
STARLINK-33652;63400;621.0
STARLINK-33707;63401;727.0
STARLINK-33668;63402;615.0
STARLINK-33676;63403;751.0
STARLINK-33711;63404;755.0
STARLINK-33708;63405;760.0
STARLINK-33690;63406;676.0
STARLINK-33694;63407;757.0
STARLINK-33692;63408;760.0
STARLINK-33693;63409;751.0
STARLINK-33677;63410;647.0
STARLINK-33647;63411;756.0
STARLINK-33645;63412;737.0
STARLINK-33670;63413;756.0
STARLINK-33644;63414;563.0
STARLINK-33664;63415;743.0
STARLINK-33649;63416;569.0
STARLINK-33535;63417;675.0
STARLINK-33703;63418;745.0
STARLINK-33709;63419;741.0
STARLINK-33698;63420;742.0
STARLINK-33606;63421;676.0
STARLINK-33686;63422;555.0
STARLINK-33675;63423;579.0
STARLINK-33655;63424;743.0
STARLINK-33608;63425;679.0
STARLINK-33615;63426;745.0
OBJECT A;63428;648.0
OBJECT B;63429;648.0
OBJECT C;63430;647.0
OBJECT D;63431;647.0
TIANPING-3A 02;63432;591.0
STARLINK-33682;63433;621.0
STARLINK-33710;63434;621.0
STARLINK-33733;63435;621.0
STARLINK-33638;63436;727.0
STARLINK-33726;63437;722.0
STARLINK-33681;63438;621.0
STARLINK-33730;63439;727.0
STARLINK-33743;63440;716.0
STARLINK-33715;63441;727.0
STARLINK-33762;63442;621.0
STARLINK-33753;63443;727.0
STARLINK-33747;63444;616.0
STARLINK-33659;63445;721.0
STARLINK-33746;63446;722.0
STARLINK-33799;63447;600.0
STARLINK-33797;63448;594.0
STARLINK-33798;63449;701.0
STARLINK-33736;63450;666.0
STARLINK-33740;63451;717.0
STARLINK-33763;63452;727.0
STARLINK-33784;63453;618.0
STARLINK-33768;63454;589.0
STARLINK-33761;63455;617.0
STARLINK-33737;63456;716.0
STARLINK-33795;63457;589.0
STARLINK-33756;63458;610.0
STARLINK-33780;63459;717.0
STARLINK-33679;63460;693.0
STARLINK-33706;63461;690.0
STARLINK-33691;63462;694.0
STARLINK-33696;63463;698.0
STARLINK-33701;63464;699.0
STARLINK-33685;63465;670.0
STARLINK-33654;63466;676.0
STARLINK-33697;63467;691.0
STARLINK-33720;63468;696.0
STARLINK-33587;63469;701.0
STARLINK-33637;63470;695.0
STARLINK-33744;63471;701.0
STARLINK-33766;63472;691.0
STARLINK-33765;63473;696.0
STARLINK-33735;63474;701.0
STARLINK-33731;63475;699.0
STARLINK-33718;63476;701.0
STARLINK-33630;63477;697.0
STARLINK-33695;63478;701.0
STARLINK-33713;63479;693.0
STARLINK-33721;63480;697.0
STARLINK-33639;63481;697.0
STARLINK-33667;63482;699.0
STARLINK-33688;63483;696.0
STARLINK-33700;63484;701.0
STARLINK-33687;63485;708.0
STARLINK-33716;63486;695.0
STARLINK-33754;63487;696.0
POSAT-2;63488;634.0
OBJECT BK;63489;904.0
HYDRA-W;63490;901.0
UNICORN-2Q;63491;906.0
HADES-ICM;63492;897.0
STARLINK-33828;63493;663.0
STARLINK-33819;63494;669.0
STARLINK-33845;63495;667.0
STARLINK-33829;63496;663.0
STARLINK-33815;63497;665.0
STARLINK-33833;63498;670.0
STARLINK-33534;63499;668.0
STARLINK-33838;63500;649.0
STARLINK-33837;63501;663.0
STARLINK-33818;63502;670.0
STARLINK-33583;63503;671.0
STARLINK-33811;63504;664.0
STARLINK-33825;63505;563.0
STARLINK-33792;63506;634.0
STARLINK-33843;63507;666.0
STARLINK-33809;63508;662.0
STARLINK-33678;63509;645.0
STARLINK-33764;63510;601.0
STARLINK-33804;63511;601.0
STARLINK-33751;63512;671.0
STARLINK-33750;63513;623.0
STARLINK-33786;63514;635.0
STARLINK-33796;63515;668.0
STARLINK-33785;63516;671.0
STARLINK-33803;63517;655.0
STARLINK-33807;63518;642.0
STARLINK-33787;63519;631.0
TJS-17;63524;27.0
STARLINK-11669 [DTC];63548;590.0
STARLINK-11665 [DTC];63549;590.0
STARLINK-11667 [DTC];63550;589.0
STARLINK-11695 [DTC];63551;584.0
STARLINK-11685 [DTC];63552;585.0
STARLINK-11697 [DTC];63553;596.0
STARLINK-11680 [DTC];63554;596.0
STARLINK-11687 [DTC];63555;595.0
STARLINK-11626 [DTC];63556;592.0
STARLINK-11668 [DTC];63557;592.0
STARLINK-11657 [DTC];63558;592.0
STARLINK-11606 [DTC];63559;592.0
STARLINK-11592 [DTC];63560;592.0
STARLINK-32953;63561;593.0
STARLINK-32951;63562;590.0
STARLINK-32958;63563;589.0
STARLINK-32928;63564;588.0
STARLINK-32687;63565;596.0
STARLINK-32950;63566;597.0
STARLINK-32954;63567;595.0
STARLINK-32940;63568;595.0
STARLINK-32959;63569;552.0
STARLINK-32956;63570;573.0
STARLINK-33722;63571;576.0
STARLINK-33739;63572;576.0
STARLINK-33683;63573;564.0
STARLINK-33724;63574;476.0
STARLINK-33732;63575;560.0
STARLINK-33800;63576;581.0
STARLINK-33632;63577;574.0
STARLINK-33719;63578;576.0
STARLINK-33755;63579;388.0
STARLINK-33752;63580;565.0
STARLINK-33714;63581;571.0
STARLINK-33814;63582;565.0
STARLINK-33817;63583;560.0
STARLINK-33820;63584;581.0
STARLINK-33813;63585;564.0
STARLINK-33834;63586;575.0
STARLINK-33830;63587;579.0
STARLINK-33651;63588;581.0
STARLINK-33788;63589;565.0
STARLINK-33805;63590;576.0
STARLINK-33702;63591;579.0
STARLINK-33666;63592;579.0
STARLINK-33723;63593;554.0
STARLINK-33791;63594;560.0
STARLINK-33831;63595;473.0
SHIYAN-27 A;63599;328.0
SHIYAN-27 B;63600;323.0
SHIYAN-27 C;63601;324.0
SHIYAN-27 D;63602;327.0
SHIYAN-27 E;63603;323.0
SHIYAN-27 F;63604;324.0
KORSAT-3;63630;316.0
TOMORROW-S9;63631;311.0
STARLINK-33879;63634;404.0
STARLINK-33854;63635;400.0
STARLINK-33864;63636;403.0
STARLINK-33832;63637;400.0
STARLINK-33856;63638;400.0
STARLINK-33876;63639;400.0
STARLINK-33859;63640;400.0
STARLINK-33826;63641;400.0
STARLINK-33836;63642;400.0
STARLINK-33558;63643;397.0
STARLINK-33852;63644;403.0
STARLINK-33835;63645;407.0
STARLINK-33661;63646;407.0
STARLINK-33729;63647;400.0
STARLINK-33717;63648;404.0
STARLINK-33684;63649;404.0
STARLINK-33704;63650;398.0
STARLINK-33705;63651;403.0
STARLINK-33663;63652;404.0
STARLINK-33866;63653;402.0
STARLINK-33849;63654;404.0
STARLINK-33873;63655;403.0
STARLINK-33772;63656;403.0
STARLINK-33789;63657;402.0
STARLINK-33822;63658;403.0
STARLINK-33771;63659;405.0
STARLINK-33810;63660;403.0
STARLINK-33823;63661;407.0
TIANLIAN 2-05;63662;34.0
STARLINK-11651 [DTC];63664;295.0
STARLINK-11672 [DTC];63665;349.0
STARLINK-11664 [DTC];63666;295.0
STARLINK-11666 [DTC];63667;282.0
STARLINK-11663 [DTC];63668;293.0
STARLINK-11595 [DTC];63669;357.0
STARLINK-11599 [DTC];63670;293.0
STARLINK-11603 [DTC];63671;290.0
STARLINK-11644 [DTC];63672;291.0
STARLINK-11634 [DTC];63673;290.0
STARLINK-11656 [DTC];63674;296.0
STARLINK-11655 [DTC];63675;296.0
STARLINK-11661 [DTC];63676;360.0
STARLINK-33816;63677;296.0
STARLINK-33861;63678;285.0
STARLINK-33850;63679;285.0
STARLINK-33887;63680;291.0
STARLINK-33886;63681;285.0
STARLINK-33840;63682;285.0
STARLINK-33851;63683;285.0
STARLINK-33853;63684;286.0
STARLINK-33847;63685;285.0
STARLINK-33880;63686;298.0
HULIANWANG DIGUI A;63687;192.0
HULIANWANG DIGUI B;63688;186.0
HULIANWANG DIGUI C;63689;186.0
HULIANWANG DIGUI D;63690;186.0
HULIANWANG DIGUI E;63691;185.0
HULIANWANG DIGUI F;63692;185.0
HULIANWANG DIGUI G;63693;186.0
HULIANWANG DIGUI H;63694;190.0
HULIANWANG DIGUI J;63695;181.0
HULIANWANG DIGUI K;63696;180.0
STARLINK-33894;63697;301.0
STARLINK-33922;63698;301.0
STARLINK-33919;63699;301.0
STARLINK-33908;63700;305.0
STARLINK-33950;63701;305.0
STARLINK-33939;63702;305.0
STARLINK-33868;63703;305.0
STARLINK-33937;63704;301.0
STARLINK-33848;63705;301.0
STARLINK-33995;63706;301.0
STARLINK-33982;63707;301.0
STARLINK-33915;63708;301.0
STARLINK-33862;63709;301.0
STARLINK-33920;63710;301.0
STARLINK-33580;63711;305.0
STARLINK-33783;63712;305.0
STARLINK-33773;63713;305.0
STARLINK-33745;63714;305.0
STARLINK-33728;63715;305.0
STARLINK-33749;63716;305.0
STARLINK-33725;63717;301.0
STARLINK-33641;63718;305.0
STARLINK-33727;63719;305.0
STARLINK-33757;63720;301.0
STARLINK-33774;63721;305.0
STARLINK-33767;63722;305.0
STARLINK-33806;63723;305.0
KUIPER-00008;63724;277.0
KUIPER-00009;63725;277.0
KUIPER-00010;63726;151.0
KUIPER-00011;63727;253.0
KUIPER-00012;63728;248.0
KUIPER-00013;63729;258.0
KUIPER-00014;63730;155.0
KUIPER-00015;63731;285.0
KUIPER-00016;63732;242.0
KUIPER-00018;63733;130.0
KUIPER-00019;63734;215.0
KUIPER-00020;63735;260.0
KUIPER-00021;63736;243.0
KUIPER-00023;63737;273.0
KUIPER-00024;63738;286.0
KUIPER-00025;63739;272.0
KUIPER-00027;63740;248.0
KUIPER-00028;63741;286.0
KUIPER-00029;63742;215.0
KUIPER-00030;63743;267.0
KUIPER-00031;63744;235.0
KUIPER-00032;63745;339.0
KUIPER-00033;63746;287.0
KUIPER-00034;63747;255.0
KUIPER-00035;63748;259.0
KUIPER-00037;63749;339.0
KUIPER-00038;63750;130.0
STARLINK-11677 [DTC];63751;280.0
STARLINK-11702 [DTC];63752;282.0
STARLINK-11706 [DTC];63753;280.0
STARLINK-11662 [DTC];63754;290.0
STARLINK-11681 [DTC];63755;284.0
STARLINK-11688 [DTC];63756;269.0
STARLINK-11676 [DTC];63757;271.0
STARLINK-11705 [DTC];63758;275.0
STARLINK-11703 [DTC];63759;284.0
STARLINK-11701 [DTC];63760;284.0
STARLINK-11660 [DTC];63761;277.0
STARLINK-11699 [DTC];63762;282.0
STARLINK-11693 [DTC];63763;273.0
STARLINK-33760;63764;295.0
STARLINK-33941;63765;294.0
STARLINK-33824;63766;295.0
STARLINK-33808;63767;295.0
STARLINK-33844;63768;295.0
STARLINK-33907;63769;290.0
STARLINK-33884;63770;290.0
STARLINK-33841;63771;290.0
BIOMASS;63772;202.0
STARLINK-33769;63773;294.0
STARLINK-33914;63774;295.0
STARLINK-33932;63775;291.0
STARLINK-33930;63776;286.0
STARLINK-33911;63777;282.0
STARLINK-33938;63778;295.0
STARLINK-33881;63779;286.0
STARLINK-33846;63780;287.0
STARLINK-33883;63781;282.0
STARLINK-33842;63782;291.0
STARLINK-33892;63783;282.0
STARLINK-33933;63784;292.0
STARLINK-33906;63785;281.0
STARLINK-33923;63786;281.0
STARLINK-33947;63787;286.0
STARLINK-33882;63788;286.0
STARLINK-33875;63789;286.0
STARLINK-33869;63790;281.0
STARLINK-33935;63791;297.0
STARLINK-33916;63792;286.0
STARLINK-33925;63793;293.0
STARLINK-33870;63794;286.0
STARLINK-33867;63795;281.0
STARLINK-33918;63796;291.0
STARLINK-33712;63797;283.0
STARLINK-33827;63798;285.0
STARLINK-33899;63799;293.0
STARLINK-33900;63800;293.0
STARLINK-33975;63802;297.0
STARLINK-33951;63803;291.0
STARLINK-33909;63804;250.0
STARLINK-34029;63805;254.0
STARLINK-34102;63806;256.0
STARLINK-34109;63807;250.0
STARLINK-34091;63808;255.0
STARLINK-34095;63809;251.0
STARLINK-34127;63810;250.0
STARLINK-34110;63811;254.0
STARLINK-34101;63812;239.0
STARLINK-34065;63813;246.0
STARLINK-34057;63814;251.0
STARLINK-34060;63815;240.0
STARLINK-34048;63816;259.0
STARLINK-33959;63817;259.0
STARLINK-34058;63818;255.0
STARLINK-34055;63819;249.0
STARLINK-33794;63820;251.0
STARLINK-34047;63821;259.0
STARLINK-34094;63822;259.0
STARLINK-34043;63823;251.0
STARLINK-34025;63824;248.0
STARLINK-33874;63825;259.0
STARLINK-33781;63826;256.0
STARLINK-33891;63827;248.0
STARLINK-33903;63828;256.0
STARLINK-33889;63829;246.0
STARLINK-33984;63830;254.0
STARLINK-33940;63831;259.0
STARLINK-33978;63832;256.0
STARLINK-34018;63836;184.0
STARLINK-34053;63837;178.0
STARLINK-34042;63838;184.0
STARLINK-34040;63839;184.0
STARLINK-33990;63840;162.0
STARLINK-34056;63841;162.0
STARLINK-34026;63842;162.0
STARLINK-33777;63843;184.0
STARLINK-34041;63844;184.0
STARLINK-34011;63845;162.0
STARLINK-34044;63846;162.0
STARLINK-34037;63847;184.0
STARLINK-34010;63848;162.0
STARLINK-34009;63849;184.0
STARLINK-33958;63850;168.0
STARLINK-33776;63851;183.0
STARLINK-33775;63852;184.0
STARLINK-34032;63853;184.0
STARLINK-34015;63854;168.0
STARLINK-33969;63855;162.0
STARLINK-34002;63856;162.0
STARLINK-33999;63857;184.0
STARLINK-33976;63858;168.0
STARLINK-33821;63859;183.0
STARLINK-33888;63860;184.0
STARLINK-33896;63861;162.0
STARLINK-33878;63862;184.0
STARLINK-33954;63863;162.0
YAOGAN-40 02 A;63918;1.0
YAOGAN-40 02 B;63919;1.0
